block_id,work_id,block_type,block_text,pdf_page,pdf_bbox,block_seq,parent_title_block_id,title_level
2016412174062326103,W105024233,text,"This article was downloaded by: [27.130.216.169] On: 15 September 2016, At: 07:56 Publisher: Institute for Operations Research and the Management Sciences (INFORMS) INFORMS is located in Maryland, USA ",0,"[32, 23, 663, 69]",0,,
2016412174062326104,W105024233,text,Interfaces ,0,"[281, 93, 405, 114]",1,,
2016412174062326105,W105024233,text,"Publication details, including instructions for authors and subscription information: http://pubsonline.informs.org ",0,"[277, 135, 893, 166]",2,,
2016412174062326106,W105024233,text,"Call for Nominations: Editor in Chief, Operations Research ",0,"[277, 175, 967, 199]",3,,
2016412174062326107,W105024233,text,"To cite this article:   
(2005) Call for Nominations: Editor in Chief, Operations Research. Interfaces 35(1):120-120. http://dx.doi.org/10.1287/   
inte.1050.0130 ",0,"[32, 363, 921, 410]",4,,
2016412174062326108,W105024233,text,"This article may be used only for the purposes of research, teaching, and/or private study. Commercial use or systematic downloading (by robots or other automatic processes) is prohibited without explicit Publisher approval, unless otherwise noted. For more information, contact permissions@informs.org. ",0,"[31, 457, 936, 503]",5,,
2016412174062326109,W105024233,text,"The Publisher does not warrant or guarantee the article’s accuracy, completeness, merchantability, fitness for a particular purpose, or non-infringement. Descriptions of, or references to, products or publications, or inclusion of an advertisement in this article, neither constitutes nor implies a guarantee, endorsement, or support of claims made of that product, publication, or service. ",0,"[32, 513, 929, 574]",6,,
2016412174062326110,W105024233,text,$©$ 2005 INFORMS ,0,"[53, 583, 202, 599]",7,,
2016412174062326111,W105024233,text,Please scroll down for article—it is on subsequent pages ,0,"[32, 621, 464, 637]",8,,
2016412174062326112,W105024233,text,"INFORMS is the largest professional society in the world for professionals in the fields of operations research, management science, and analytics. For more information on INFORMS, its publications, membership, or meetings visit http://www.informs.org ",0,"[31, 760, 941, 806]",9,,
2016412174062326117,W105024233,text,Call for Nominations ,1,"[338, 164, 661, 190]",14,,
2016412174062326118,W105024233,text,"Editor in Chief, Operations Research Deadline for Nominations: April 15, 2005 ",1,"[346, 208, 651, 239]",15,,
2016412174062326119,W105024233,text,"The second and final term of Lawrence M. Wein as editor in chief of the journal Operations Research expires on December 31, 2005. Based on recommendations from the INFORMS Publications Committee, the president of INFORMS has appointed a committee to conduct a full search for a new editor in chief. The committee intends to propose a candidate for approval by INFORMS no later than June 20, 2005. ",1,"[132, 279, 869, 361]",16,,
2016412174062326120,W105024233,text,"All members of INFORMS are invited to participate in this process. The committee seeks your opinions and comments on (1) the current state of the journal, (2) recommendations for change, if any, and (3) candidates for editor in chief. ",1,"[132, 362, 869, 410]",17,,
2016412174062326121,W105024233,text,Qualifications for the editor in chief of Operations Research will include: ,1,"[145, 410, 673, 426]",18,,
2016412174062326122,W105024233,text,"• a demonstrated interest in a broad range of topics in the field   
• a demonstrated record of research in the field   
• dedication and enthusiasm for Operations Research   
• previous editorial experience   
• vision of the role of scholarly publications in the electronic age   
• commitment to workload involved   
• ability to effectively and efficiently manage the editorial process ",1,"[148, 434, 638, 547]",19,,
2016412174062326123,W105024233,text,Further information about the journal can be obtained at the Operations Research home page: http://or.pubs.informs.org. ,1,"[133, 554, 834, 587]",20,,
2016412174062326124,W105024233,text,"Please submit comments, nominations, and applications to the committee by April 15, 2005. When submitting an application, please include a resume and a brief statement of the candidate’s vision and plans for the journal. The information may be sent (preferably by e-mail) to: ",1,"[130, 588, 869, 636]",21,,
2016412174062326125,W105024233,text,"Hau L. Lee   
Stanford University   
Graduate School of Business   
Littlefield 253   
Stanford, CA 94305   
PHONE: (650) 723-0514   
FAX: (650) 725-0468   
haulee@stanford.edu ",1,"[130, 661, 343, 790]",22,,
2016415859622416497,W109684747,text,Dr. E. Kulhavy ,0,"[363, 192, 646, 243]",0,,
2016415859622416498,W109684747,text,Operations Research ,0,"[162, 351, 823, 428]",1,,
2016415859622416499,W109684747,text,Kulhavy: Operations Research ,1,"[426, 144, 781, 167]",2,,
2016415859622416500,W109684747,text,Dr. Ernest Kulhavy Hochschuldozent ,2,"[380, 202, 611, 241]",3,,
2016415859622416501,W109684747,text,Operations Research ,2,"[207, 311, 787, 357]",4,,
2016415859622416502,W109684747,text,Die Stellung der Operationsforschung in der Betriebswirtschaftslehre ,2,"[276, 392, 719, 442]",5,,
2016415859622416503,W109684747,text,Springer Fachmedien Wiesbaden GmbH ,2,"[191, 850, 804, 881]",6,,
2016415859622416505,W109684747,text,"$\circledcirc$ Springer Fachmedien Wiesbaden 1963 Ursprünglich erschienen bei Betribswirtschaftlicher Verlag Dr. Th. Gabler GmbH, Wiesbaden 1963 Softcover reprint of the hardcover 1st edition 1963 ",3,"[191, 827, 846, 869]",8,,
2016415859622416509,W109684747,title,Vorwort,4,"[446, 188, 548, 208]",12,,1.0
2016415859622416510,W109684747,text,"Auf den ersten Blick präsentiert sich die Operationsforschung (Operations Research) als eine Sammlung wertvoller Verfahrenstechniken, mit deren Hilfe gewisse Führungsprobleme in optimaler Weise gelöst werden können. ",4,"[126, 234, 873, 287]",13,2.0164158596224164e+18,
2016415859622416511,W109684747,text,"Der lediglich an den mathematisch-statistischen Aspekten Interessierte mag sich damit begnügen; der theoretisch interessierte Betriebswirtschafter, aber auch der Unternehmer, der die Absicht hat, eine Operations-Research-Abteilung in seiner Unternehmung zu errichten, werden sich intensiver mit der neuen Disziplin zu beschäftigen haben. Denn beide wollen etwas über die Anwendungsmöglichkeiten und Grenzen der neuen Rechentechniken wissen. ",4,"[126, 299, 873, 406]",14,2.0164158596224164e+18,
2016415859622416512,W109684747,text,"Sie werden bald feststellen, da die Operationsforschung vor allem methodologisch bedeutsam ist. In der Tat hat die Operationsforschung die latente verfahrenstheoretische Auseinandersetzung in der Betriebswirtschaftslehre und darüber hinaus in der gesamten Wirtschaftstheorie neu entflammt. ",4,"[126, 418, 873, 490]",15,2.0164158596224164e+18,
2016415859622416513,W109684747,text,"Ihre unbestreitbaren Erfolge in bestimmten Funktionsbereichen der Wirtschaft haben ihre Befürworter in der Auffassung bestärkt, daB die naturwissenschaftlich-kalkülsprachliche Forschungsmethode die der Betriebswirtschaftslehre adäquate Methode sei. Sie konnten jedoch andererseits das Unbehagen jener Betriebswirtschafter nicht beseitigen, die, obwohl sie bereit sind, den Wert der neuen Verfahren für die Lösung begrenzter Aufgaben anzuerkennen, die These ablehnen, da nur die numerische Methode der Betriebswirtschaftslehre entspreche. Diese Betriebswirtschafter weisen die Auffassung zurück, da der Betrieb ein servomechanistisches System sei, zwischen dessen Organisationselementen (Menschen, Maschinen, Material) kausalmechanische Abläufe bestehen. Sie betrachten die mechanistische Auffassung des Betriebs nicht als eine Höherentwicklung, sondern als eine bedauernswerte, ja nicht selten als eine gefährliche Fehlentwicklung und ereifern sich nur deshalb nicht mehr, weil sie überzeugt davon sind, daB die neuen Verfahren - sofern sie auf höhere Führungsentscheidungen angewendet werden - ohnehin nur in Hörsälen und Studierstuben gedeihen und sich bei der praktischen Bewährung im Leben als unanwendbar erweisen werden. ",4,"[126, 502, 875, 813]",16,2.0164158596224164e+18,
2016415859622416514,W109684747,text,"Der Streit ist an sich nicht neu. Er ist nur die Fortsetzung jener Auseinandersetzung, welche ,mathematische"" und ,,nichtmathematische"" Betriebswirtschafter seit langem führen. Aber dieses Mal ist ein neues Element hinzugekommen. ",4,"[128, 824, 875, 878]",17,2.0164158596224164e+18,
2016415859622416515,W109684747,text,Früher waren nämlich die Betriebswirtschafter gewissermaBen unter sich; mit der Operationsforschung haben sich jedoch die Fachmathematiker und Fachstatistiker selbst zu Wort gemeldet und nehmen aktiven Anteil an der Diskussion. ,5,"[126, 120, 871, 191]",18,2.0164158596224164e+18,
2016415859622416516,W109684747,text,"Die Konfrontierung der Operationsforschung mit der Betriebswirtschaftslehre ist mehr als nur eine Untersuchung, ob neue, bisher unbekannte Rechentechniken für die Lösung bestimmter betrieblicher Aufgaben brauchbar oder unbrauchbar sind. Es geht um Wesentlicheres. Vom Ergebnis dieses Verfahrensstreites wird nämlich sowohl die Gestaltung der Lehre auf den Hochschulen als auch die Gestaltung des Lebens in den Betrieben abhängen. Letzten Endes geht es um das grundsätzliche Problem, ob sich die traditionelle Betriebswirtschaftslehre zu einer informationswissenschaftlich orientierten, logistischen Systemforschung, zu einer katallaktisch-abstrakten Leistungsgröβenlehre entwickelt oder ob sie ihren tragenden Begriff der indeterminierten Leistung beibehält, eine morphologisch-anschauliche Leistungslehre schafft und daher auch nicht in eine Betriebskybernetik, sondern in eine neu zu begründende, die Willensfreiheit der Wirtschaftssubjekte berücksichtigende Betriebswirtschaftspolitik mündet. ",5,"[126, 202, 873, 457]",19,2.0164158596224164e+18,
2016415859622416517,W109684747,text,"Das Wertvolle an der Operationsforschung sind also nicht nur die neuen mathematisch-statistischen Verfahren, sondern auch und insbesondere die Tatsache, da sie den Betriebswirtschafter wieder an die philosophischen Grundlagen seiner Wissenschaft heranbringt. ",5,"[126, 468, 873, 541]",20,2.0164158596224164e+18,
2016415859622416518,W109684747,text,"Genf, im Januar 1963 ",5,"[126, 560, 332, 575]",21,2.0164158596224164e+18,
2016415859622416520,W109684747,title,Inhaltsverzeichnis,6,"[390, 188, 602, 209]",23,,1.0
2016415859622416521,W109684747,text,Seite,6,"[819, 235, 869, 251]",24,2.0164158596224166e+18,
2016415859622416522,W109684747,text,"I. Die Problemstellung . . 11   
II. Die Definition der Operations Research . . 16   
1. Sprachliche Schwierigkeiten bei der Ubersetzung 16   
2. Die Aufgaben der betriebswirtschaftlichen Operationsforschung 20   
3. Die endgültige Definition 21   
III. Die Entstehung der Operations Research . 23   
IV. Der Wissenschaftscharakter der Operations Research . 26   
1. Das Erkenntnisobjekt als Kriterium für den Wissenschaftscharakter 26   
2. Die Methode als Kriterium für den Wissenschaftscharakter . . 28   
3. Die Abgrenzung einer Disziplin als Kriterium für den Wissenschafts  
charakter . . . 30   
V. Abgrenzung der Operations Research gegen verwandte Disziplinen . . . 32   
1. Betriebswirtschaftliche Operationsforschung und Betriebswirtschafts  
politik 33   
2. Betriebswirtschaftliche Operationsforschung und Betriebsökonometrie . 38   
3. Betriebswirtschaftliche Operationsforschung und Betriebswissenschaft . 39   
VI. Konventionelles und strategisches Rechnungswesen 42   
1. Die betriebswirtschaftliche Operationsforschung als Teil des Rechnungs  
wesens 42   
2. Der strategische Charakter der betriebswirtschaftlichen Operations  
forschung 43   
VII. Die bedeutendsten Verfahrenstechniken der Operations Research . . . 49   
1. Das lineare Programmieren (Linearplanung) 54   
2. Das nichtlineare Programmieren 62 ",6,"[118, 248, 879, 907]",25,2.0164158596224166e+18,
2016415859622416523,W109684747,text,Seite,7,"[122, 125, 869, 140]",26,2.0164158596224166e+18,
2016415859622416524,W109684747,text,3. Der Matrizenkalkül. . . 66 ,7,"[120, 146, 871, 164]",27,2.0164158596224166e+18,
2016415859622416525,W109684747,text,4. Die Theorie der Warteschlangen . . . . 70 ,7,"[124, 170, 871, 188]",28,2.0164158596224166e+18,
2016415859622416526,W109684747,text,5. Die Spieltheorie . . 73 ,7,"[126, 193, 873, 211]",29,2.0164158596224166e+18,
2016415859622416527,W109684747,text,6Das Zeit-Verhältnis-Verfahren 78 ,7,"[126, 215, 873, 234]",30,2.0164158596224166e+18,
2016415859622416528,W109684747,text,VIII. Die Rolle der elektronischen Rechenmaschinen . . . . 81 ,7,"[126, 247, 871, 264]",31,2.0164158596224166e+18,
2016415859622416529,W109684747,text,1. Die Rechenautomaten . . . . 81 ,7,"[126, 276, 871, 295]",32,2.0164158596224166e+18,
2016415859622416530,W109684747,text,2. Die mathematische Logik . . . . 85 ,7,"[128, 301, 871, 316]",33,2.0164158596224166e+18,
2016415859622416531,W109684747,text,3. Die Programmierung . . . . 88 ,7,"[124, 322, 873, 341]",34,2.0164158596224166e+18,
2016415859622416532,W109684747,title,IX. Betriebswirtschaftliche Informationen und die Bedeutung der Informationstheorie,7,"[126, 353, 744, 370]",35,,1.0
2016415859622416533,W109684747,text,Informationstheorie . . . 90 ,7,"[126, 371, 866, 389]",36,2.0164158596224166e+18,
2016415859622416534,W109684747,text,X. Das betriebswirtschaftliche Modell . . . 96 ,7,"[124, 402, 873, 421]",37,2.0164158596224166e+18,
2016415859622416535,W109684747,text,1. Die Arten operationsanalytischer Modelle . . . . 98 ,7,"[128, 432, 873, 450]",38,2.0164158596224166e+18,
2016415859622416536,W109684747,text,2. Quantität und Qualität . . . 106 ,7,"[126, 455, 873, 473]",39,2.0164158596224166e+18,
2016415859622416537,W109684747,text,3. Die Beziehungen zwischen den Quantitäten . . . . . 116 ,7,"[128, 479, 875, 496]",40,2.0164158596224166e+18,
2016415859622416538,W109684747,text,4. Die Modellkonstruktion . . . . 124 ,7,"[130, 502, 875, 518]",41,2.0164158596224166e+18,
2016415859622416539,W109684747,text,5. Die Bedeutung der Annahmen bei der Modellkonstruktion . . . . . . . 128 ,7,"[128, 523, 871, 542]",42,2.0164158596224166e+18,
2016415859622416540,W109684747,text,6. Das Experiment am operationsanalytischen Modell . . . . . . 135 ,7,"[128, 548, 871, 564]",43,2.0164158596224166e+18,
2016415859622416541,W109684747,text,XI. Der Betrieb als System und die Betriebskybernetik . . . . . . . 138 ,7,"[130, 575, 873, 594]",44,2.0164158596224166e+18,
2016415859622416542,W109684747,text,XII. Vergleichende Kritik der tragenden Begriffe und Vorstellungen . . . 145 ,7,"[133, 603, 875, 622]",45,2.0164158596224166e+18,
2016415859622416543,W109684747,text,"1. Die Begriffe ,,Leistung"" und ,,Ablauf"". . . 145 ",7,"[128, 632, 875, 651]",46,2.0164158596224166e+18,
2016415859622416544,W109684747,text,2. Der EinfluB der naturwissenschaftlichen Betrachtungsweise in der Betriebswirtschaftslehre ,7,"[124, 655, 848, 691]",47,2.0164158596224166e+18,
2016415859622416545,W109684747,text,3. Die Rolle der Mathematik in der Betriebswirtschaftslehre . . . . . . . 157 ,7,"[126, 697, 873, 714]",48,2.0164158596224166e+18,
2016415859622416546,W109684747,text,XIII. Die Entscheidungsanalyse . . . . 161 ,7,"[126, 726, 875, 745]",49,2.0164158596224166e+18,
2016415859622416547,W109684747,text,1. Die Arten der Entscheidungen . . . 164 ,7,"[128, 758, 875, 775]",50,2.0164158596224166e+18,
2016415859622416548,W109684747,text,2. Die Leitmaximen der Betriebswirtschaftspolitik . . . . . . . . 167 ,7,"[128, 781, 873, 798]",51,2.0164158596224166e+18,
2016415859622416549,W109684747,text,"Die Leitzahlen. . . 167   
Die Leitsätze 168   
Die Leitbilder . . 171 ",7,"[151, 804, 875, 858]",52,2.0164158596224166e+18,
2016415859622416550,W109684747,text,Exkurs über die Planung und die Planungsrechnung . . . . . . . . . 175 ,7,"[139, 862, 873, 881]",53,2.0164158596224166e+18,
2016415859622416551,W109684747,text,3. Die Entscheidungmatrix . . . . 176 ,7,"[126, 885, 875, 903]",54,2.0164158596224166e+18,
2016415859622416554,W109684747,text,Seite ,8,"[819, 125, 871, 141]",57,2.0164158596224166e+18,
2016415859622416555,W109684747,text,XIV. Anwendungsmöglichkeiten und Grenzen der betriebswirtschaftlichen Operations Research . . ] ,8,"[124, 149, 844, 183]",58,2.0164158596224166e+18,
2016415859622416556,W109684747,text,1. Allgemeine Bemerkungen . . . . . 180 ,8,"[124, 199, 873, 217]",59,2.0164158596224166e+18,
2016415859622416557,W109684747,text,2. Kriterien für die Anwendbarkeit der Operations Research . . . . . . . 182 ,8,"[128, 224, 871, 243]",60,2.0164158596224166e+18,
2016415859622416558,W109684747,text,"a) Die unterschiedlichen Funktionsbereiche und ihre Vorrang  
verhältnisse 182   
Die Begriffe ,,Betriebslehre"" und ,,Verkehrslehre"" 193   
Die BetriebsgröBe 195   
) Der Umfang des Problems 196   
e)Das Ausma, in dem sich die Arbeiten wiederholen . 197   
f) Das Wirtschaftssystem und der Mensch 198   
)Die Art der Erzeugnisse und ihre Marktlage . . 202 ",8,"[153, 248, 877, 396]",61,2.0164158596224166e+18,
2016415859622416559,W109684747,title,XV. Gründe für die Entstehung und Ausbreitung der Operations Research,8,"[130, 421, 873, 438]",62,,1.0
2016415859622416560,W109684747,text,"1. Das Fehlen einer geschlossenen betriebswirtschaftlichen Theorie in den angelsächsischen Ländern . . . . . . 206 2. Die naturwissenschaftliche, technische und formalwissenschaftliche Orientierung der Operationsforscher . 207 3. Der Ubergang von der Unternehmer- zur Managerwirtschaft . . . . . . 210 4. Das zunehmende Interesse für betriebswirtschaftspolitische Fragen . . . 211 5. Die Wissenschaftsgläubigkeit unserer Zeit . . . . . . . . . . . . 211 6. Das Nachlassen des wirtschaftlichen Wachstums . . . . . . . . . . . . 212 ",8,"[126, 454, 879, 625]",63,2.0164158596224166e+18,
2016415859622416561,W109684747,title,XVI. Die Ausbildung auf den Hochschulen und der Einsatz im Betrieb,8,"[130, 648, 877, 667]",64,,1.0
2016415859622416562,W109684747,text,"1. Die Ausbildung auf den Hochschulen . . 213   
2. Der Einsatz im Betrieb . . 216 ",8,"[130, 678, 879, 720]",65,2.0164158596224166e+18,
2016415859622416563,W109684747,text,XVII. Nachwort . . 219 ,8,"[130, 743, 881, 762]",66,2.0164158596224166e+18,
2016415859622416564,W109684747,text,Anmerkungen . . 221 ,8,"[130, 784, 881, 803]",67,2.0164158596224166e+18,
2016415859622416565,W109684747,text,Literaturverzeichnis 233 ,8,"[126, 819, 881, 837]",68,2.0164158596224166e+18,
2016415859622416566,W109684747,text,Namensverzeichnis . . 245 ,8,"[126, 852, 883, 872]",69,2.0164158596224166e+18,
2016415859622416567,W109684747,text,Stichwortverzeichnis 249 ,8,"[130, 887, 881, 905]",70,2.0164158596224166e+18,
2016415859622416570,W109684747,title,I. Die Problemstellung,9,"[343, 185, 646, 211]",73,,1.0
2016415859622416571,W109684747,text,"Die Operations Research ist als militärische Operationsforschung während des zweiten Weltkrieges in Europa, und zwar in GroBbritannien, entstanden. Sie wurde von amerikanischen Wissenschaftlern übernommen, in den Vereinigten Staaten weiterentwickelt und kam von dort in modifizierter Form wieder nach Europa zurück. Hier hatte man sie in der Zwischenzeit zwar nicht vergessen, sie war in GroBbritannien sogar sehr bald auf wirtschaftliche Probleme ausgedehnt worden, hatte aber keine weitere geographische Ausbreitung gefunden. ",9,"[124, 231, 871, 360]",74,2.0164158596224166e+18,
2016415859622416572,W109684747,text,"Während die originäre Operations Research einen rein militärischen Charakter hatte, war die in den ersten Nachkriegsjahren gepflegte Operationsforschung längst schon über den militärischen Rahmen hinausgewachsen und zu einem Forschungsgebiet der technischen Wissenschaften und der Wirtschaftswissenschaft geworden. Nicht mehr die wissenschaftliche Behandlung des Kampfeinsatzes von Mensch und Material stand im Vordergrund des Interesses, sondern die wirtschaftliche Aktivität des Menschen. ",9,"[124, 370, 873, 499]",75,2.0164158596224166e+18,
2016415859622416573,W109684747,text,"Die Anwendung der Operationsforschung auf wirtschaftliche Probleme war also das neue Anliegen. Durch diesen Themawechsel machte die Operationsforschung auch im deutschsprachigen Mitteleuropa auf sich aufmerksam. In der Zwischenzeit hatte sie sich als recherche operationelle in Frankreich und als ricerca operativa auch in Italien durchgesetzt und war zu einer anerkannten wissenschaftlichen Disziplin geworden. Im deutschsprachigen Raum ging die Entwicklung langsamer vor sich; wohl - wie man jetzt nach gründlicheren Untersuchungen des Wesens der Operationsforschung sagen kann - deshalb, weil hier eine ausgebildete Betriebswirtschaftslehre bestand, die längst schon zu all den Problemen der Unternehmungsführung, denen sich auch die Operationsforschung zuwendet, Stellung genommen hatte. Es bestand also keine dringende Veranlassung, neue, noch unbewährte Methoden und Ratschläge zu übernehmen. Langsam, dann allmählich auch schneller breitete sich das Gedankengut der Operations Research aus, und schlielich bezeichnete Käfer die Operationsforschung in einem Vortrag auf der Universität Mainz als jüngsten SproB der Betriebswirtschaftslehre, und Frenckner forderte die betriebswirtschaftliche Forschung und Praxis auf, die operationsanalytischen Methoden ,,möglichst unverzüglich"" zu übernehmen, da sich ,eine Kombination dieser Methoden mit den traditionellen Forschungsmethoden der Betriebswirtschaftslehre als sehr vorteilhaft"" erweise (1). Damit war sie in die betriebswirtschaftliche Diskussion eingetreten und forderte zu einer Stellungnahme heraus. ",9,"[126, 510, 875, 900]",76,2.0164158596224166e+18,
2016415859622416574,W109684747,text,"Die Betriebswirtschaftslehre sieht sich also der neuen Operationsforschung gegenüber und mu in irgendeiner Weise zu ihr Stellung nehmen. Sie kann sie ablehnen oder vorbehaltlos akzeptieren; auf jeden Fall mu sie diese neue Form der wissenschaftlichen Forschung auf betrieblicher Ebene zur Kenntnis nehmen. Wird doch behauptet, dab mit Hilfe der neuen Verfahren optimale Lösungen gefunden werden können, die mit den bisherigen betriebswirtschaftlichen Verfahren nicht erreichbar waren (2), ja noch mehr, daB die betriebswirtschaftliche Forschung durch neue, insbesondere von der Statistik her angeregte Erkenntnismethoden und durch die Einsatzmöglichkeit von Datenverarbeitungsmaschinen grundlegend reformiert werde (3). Illetschko fordert, da es alsobald innerhalb der Betriebswirtschaftslehre gelingen müsse, die neuartigen Rechentechniken neben den alten, überkommenen als technische Verfahren ,ebenso lehrbar und auffabar zu gestalten, wie ihr das auf dem konventionellen Gebiet der Bilanzrechnung, der Kostenrechnung, der Preiskalkulation usw. gelungen ist"" (4). Manche Autoren sprechen sogar von einem Wendepunkt in der Betriebsführung und stellen damit Behauptungen auf, die für die Betriebswirtschaftslehre von essentieller Bedeutung sind (5). Einige sind sogar der Meinung, da man überhaupt erst, seitdem die Betriebsführung ,,Operations Research"" als Mittel zur Lösung von Betriebsproblemen anwendet, von einer wissenschaftlichen Betriebsführung sprechen könne (6), und in der Harvard Business Review kann man lesen, daB es sich bei dem linearen Programmieren, der vermutlich bedeutendsten Verfahrenstechnik der Operationsforschung, ,um den markantesten betriebswirtschaftlichen Fortschritt seit der Erfindung der doppelten Buchführung im Mittelalter handele"" (7). ",10,"[124, 123, 871, 567]",77,2.0164158596224166e+18,
2016415859622416575,W109684747,text,"In Amerika heiBt es: ""Operations research brings something vital and new to the American management science"" (8), und im deutschsprachigen Mitteleuropa wird vorausgesagt, dab ,die Lehre von den Operations Research ... - was sie in Amerika bereits ist — wohl auch bei uns zu einer wichtigen neuen Disziplin der Betriebswirtschaftslehre werden"" (9) wird. Böhm behauptet, daB es sich bei den neuen Verfahren um eine der interessantesten Entwicklungen der letzten Jahrzehnte handele; die Neuerungen seien nicht nur für die Unternehmungsplanung, sondern auch für die Entwicklung der Wirtschaftstheorie der kauf.. männischen Unternehmung gleichmäBig bedeutsam, und deren Ausstrahlungen würden uns alle in den nächsten Jahren noch zunehmend beschäftigen (10). ",10,"[128, 578, 875, 761]",78,2.0164158596224166e+18,
2016415859622416576,W109684747,text,"Mit der Formulierung der Operationsforschung als der höchsten Stufe des betrieblichen Rechnungswesens schlieBlich wurde erreicht, daB sich der Kreis der interessierten Betriebswirtschafter erweiterte, denn das Rechnungswesen war die Domäne vieler Betriebswirte und hatte seit Jahrzehnten eine Zentralstellung in der Betriebswirtschaftslehre inne. Die Reaktion war verständlich, denn die Behauptung, daB die Operationsforschung die höchste Stufe des Rechnungswesens sei, schloB ja bis zu einem gewissen Grade ein Werturteil ein. ",10,"[128, 775, 875, 903]",79,2.0164158596224166e+18,
2016415859622416579,W109684747,text,"Mit einem Male waren die Buchhaltung, die Kostenrechnung einschlieBlich der Plankostenrechnung, ja selbst die Kennzahlenrechnung, die bisherige Betriebsstatistik, die Budgetrechnung und wie man die einzelnen Sachgebiete des betrieblichen Rechnungswesens noch einteilen will, degradiert. Sie waren nur noch traditionell, konventionell und muten es sich gefallen lassen, in ihrer dominierenden Bedeutung für die Unternehmungsführung von der strategischen Operationsforschung abgelöst zu werden. ",11,"[126, 123, 873, 251]",82,2.0164158596224166e+18,
2016415859622416580,W109684747,text,"Dieser Situation sehen wir uns heute gegenüber. Und aus dieser Lage heraus entstand das Thema dieser Arbeit: Kritik der betriebswirtschaftlichen Operationsforschung (Operations Research). Die Arbeit will die Operations Research der Betriebswirtschaftslehre gegenüberstellen und untersuchen, was neu ist und was bereits zum Bestand der Betriebswirtschaftslehre gehört. Darüber hinaus will sie aber auch kritisch sein, d. h. prüfen, ob das Neue dazu beiträgt, das betriebswirtschaftliche Wissen zu bereichern. Denn etwas Neues muB nicht notwendigerweise brauchbar sein, und möge es sich in anderen Lebensbereichen des Menschen, wie z. B. in der Technik, den Naturwissenschaften, dem Militär usw., noch so bewährt haben. ",11,"[128, 266, 875, 450]",83,2.0164158596224166e+18,
2016415859622416581,W109684747,text,"Es wird in dieser Arbeit nicht nur die Operations Research schlechthin analysiert, sondern auch und hauptsächlich jene, die sich auf wirtschaftliche Tätigkeiten bezieht, also die betriebswirtschaftliche Operationsforschung. Die Konfrontation der beiden Forschungsgebiete ist gerechtfertigt, weil beide den Betrieb und das Leben in ihm zum Gegenstand haben; ja die Parallelität der Forschungsaufgaben ist manchmal so verblüffend, daB man geneigt ist, die Operationsforschung mit der Betriebswirtschaftslehre gleichzusetzen, um dann allerdings sofort wieder die Unterschiede herauszustellen. ",11,"[126, 464, 873, 610]",84,2.0164158596224166e+18,
2016415859622416582,W109684747,text,"Aus dem in gleicher Weise interessierenden Objekt, nämlich dem Betrieb, leitet der Betriebswirt auch seine Legitimation zur Behandlung der Operationsforschung ab. Diese Feststellung mag etwas überraschend sein; wenn man aber in der Literatur auf die so oft genannte Team-Arbeit in der Operationsforschung stöBt, wird man Mathematiker, Statistiker, Soziologen, Nationalökonomen, Psychologen, Arzte, Physiker, Astronomen usw. finden, meistens aber vergeblich einen Betriebswirt suchen. Das ist befremdend und dürfte wohl auch der Grund dafür sein, daB sich die Arbeit beider Sachgebiete bisher im Grunde genommen nebeneinander und ohne zu groBe Berücksichtigung des anderen bewegt hat. Dieser Zustand ist aber auf die Dauer untragbar. Die Betriebswirtschaftslehre braucht die Operationsforschung, aber ebenso braucht umgekehrt die betriebswirtschaftliche Operationsforschung auch die Betriebswirtschaftslehre, wenn sie nicht eine wirklichkeitsfremde Zahlenspielerei werden will. Bevor dieses Nebeneinander aber beseitigt werden kann, ist es notwendig, zu klären, welche Beziehungen, Gemeinsamkeiten und inakzeptablen Unterschiede zwischen der Betriebswirtschaftslehre und der Operationsforschung bestehen. Dann erst werden die Möglichkeiten und Grenzen der Operationsforschung im Rahmen der Betriebswirtschaftslehre bestimmt werden können, und allmählich wird sich dann durch die Arbeiten vieler der wissenschaftliche Standort der beiden Disziplinen klären. Die Betriebswirtschaftslehre hat die Pficht, gleichgültig, was sie von der Operationsforschung hält, sich mit dieser auseinanderzusetzen. Mag der Anwendungsbereich in der Wirtschaftswissenschaft auch enger sein als in den Naturwissenschaften, so entbindet das die Betriebswirtschaftslehre als Wissenschaft aber nicht von ihrer Verpflichtung, die Anwendungsmöglichkeiten zu erforschen. ",11,"[130, 626, 877, 904]",85,2.0164158596224166e+18,
2016415859622416585,W109684747,text,,12,"[126, 125, 873, 308]",88,2.0164158596224166e+18,
2016415859622416586,W109684747,text,"Der Verfasser dieser Arbeit unternimmt seinen Teil der Aufgabe. Er geht dabei von einer Betriebswirtschaftslehre aus, in deren Mittelpunkt die Leistung steht — die Leistung, die Funktion, die von einer Person gesetzt wird und die dem selbsttätigen Ablauf des betrieblichen Geschehens entgegengesetzt ist. Sein Standort ist also eine funktionale Betriebswirtschaftslehre im Sinne einer leistungsorientierten Betriebswirtschaftslehre. Der Hinweis darauf, daB mit der funktionalen Lehre eine auf die Leistung abgestellte Theorie gemeint sei, scheint deshalb von groBer Bedeutung zu sein, weil mit dem Aufkommen der mathematischen Verfahren in der betriebswirtschaftlichen Theorie unter einer funktionalen Betriebswirtschaftslehre etwas ganz anderes verstanden wird. Die mathematische Betriebswirtschaftslehre versteht, ausgehend von der Produktionsfaktorenlehre und von der Produktionsfunktion, unter der funktionalen Betriebswirtschaftslehre oder, wie sie auch genannt wird, der funktionellen Richtung der Betriebswirtschaftslehre (Waffenschmidt) jene, deren Zentralbegriff nicht die Leistung, sondern der mathematische Funktionsbegriff ist. ",12,"[124, 324, 873, 600]",89,2.0164158596224166e+18,
2016415859622416587,W109684747,text,"Selbstverständlich mu man sich darüber im klaren sein, daB die funktionale, leistungsorientierte Betriebswirtschaftslehre in dem angeführten Sinne, um mit Gutenberg (11) zu reden,nur ein systematischer Ansatz unter vielen möglichen"" ist, doch ist die Bestimmung einer Position für jede wirtschaftswissenschaftliche Analyse unerläBlich und eine Kritik schlieBlich ohne eigenen wissenschaftlichen Standort überhaupt unmöglich. Eine bloBe Aufzählung von Tatsachen würde zwar dem Leser eine Vorstellung von dem Wesen der Operationsforschung und den einzelnen operationsanalytischen Verfahrenstechniken geben, könnte jedoch niemals die Beziehungen zwischen den beiden Disziplinen — und darauf kommt es in der vorliegenden Arbeit an - aufdecken. ",12,"[124, 616, 871, 798]",90,2.0164158596224166e+18,
2016415859622416588,W109684747,text,"Noch aus einem anderen Grunde ist die Festlegung des wissenschaftlichen Standortes von eminenter Bedeutung: Mit der Auffassung vom Wesen der Betriebswirtschaftslehre ist nämlich auch gleichzeitig das Verfahren bestimmt, und dieses ist für eine verfahrenstheoretische Analyse, welche diese Arbeit in vielen entscheidenden Teilen ist, von ausschlaggebender Bedeutung. ",12,"[124, 814, 871, 905]",91,2.0164158596224166e+18,
2016415859622416591,W109684747,text,"Für die Klärung des Problems erscheint es nicht erforderlich, eine Vielzahl von Spezialfällen anzuführen; soweit es notwendig ist, werden Beispiele angeführt, und im übrigen wird auf die Einzelpublikationen hingewiesen, die so zahlreich geworden sind, daB bereits Bibliographien über die Operationsforschung erscheinen konnten. ",13,"[126, 124, 875, 215]",94,2.0164158596224166e+18,
2016415859622416592,W109684747,text,Eine Bewältigung der Materie ist ohne Studium der angelsächsischen Literatur auf diesem Gebiete kaum möglich. ,13,"[126, 227, 873, 263]",95,2.0164158596224166e+18,
2016415859622416595,W109684747,title,II. Die Definition der Operations Research,14,"[209, 185, 792, 209]",98,,1.0
2016415859622416596,W109684747,text,"Der englische Begriff ,,Operations Research"" deckt einen Vorstellungsinhalt, den man wohl sehr gut im Deutschen umschreiben kann, für den man aber immer noch keine zutreffende Übersetzung gefunden hat. Offensichtlich ist unter dem Begriffsbestandteil ,,operation"" (die Briten verwenden den Ausdruck ,,Operational"") eine durch eine Person gesetzte Handlung, Aktion, zu verstehen. Im Englischen dürfte die Entscheidung für die Verwendung des Ausdruckes ,Operation"" und nicht etwa für "",action"" oder ,performance"" auf den militärischen Ursprung der Operations Research zurückzuführen sein. ",14,"[126, 230, 875, 376]",99,2.0164158596224166e+18,
2016415859622416597,W109684747,text,"Es handelt sich bei der Operation um eine abgegrenzte Tätigkeit, die - wie dem zweiten Begriffsbestandteil entnommen werden kann — wissenschaftlich analysiert werden soll. ",14,"[128, 387, 875, 439]",100,2.0164158596224166e+18,
2016415859622416598,W109684747,title,1. Sprachliche Schwierigkeiten bei der Übersetzung,14,"[239, 467, 750, 487]",101,2.0164158596224166e+18,2.0
2016415859622416599,W109684747,text,"Aber damit war der englische Ausdruck noch nicht eindeutig durch einen deutschen Begriff präzisiert, und hier begannen die Schwierigkeiten. Fast eine jede Arbeit, die sich mit der Operationsforschung beschäftigt, setzt sich mit dem Begriff auseinander, und der jeweilige Autor schlieBt sich entweder irgendeiner bestehenden Ubersetzung an oder prägt einen neuen Begriff. Man sollte dieses Schaffen neuer Wörter nicht als eine Sucht nach Originalität auslegen, sondern eher als ein Ringen nach dem Richtigen. Das beweisen alle Publikationen, deren Autoren offensichtlich redlich bemüht sind, einen Begriff zu formulieren, der allen Anforderungen entspricht. Bis heute hat sich aber eine allgemein anerkannte deutsche Ubersetzung noch nicht durchgesetzt. ",14,"[126, 499, 875, 683]",102,2.0164158596224166e+18,
2016415859622416600,W109684747,text,"Die Definition eines Begriffs ist von gröBter methodologischer Bedeutung, und man sollte sich nicht zu leichtfertig jener Meinung anschlieBen, die besagt, da es gleichgültig sei, wie man die Operations Research definiere, und es nur darauf ankomme, daB sich jeder darunter etwas vorstellen könne. ,Hinter der Unsicherheit der Namensgebung verbirgt sich der Mangel eines klar erkannten und klar herausgestellten Erkenntnisobjektes"", sagt Schönpflug, und es ist ihm diesbezüglich vollinhaltlich zuzustimmen (1). Man kann eben mit einem solchen Begriff wissenschaftlich nicht arbeiten, und wenn die Operations Research nicht als Modeausdruck, als ein ,New-Look"" betrachtet werden will, muB sie definiert werden. Aus dem Begriff leiten sich die Methoden ab, kann eine wissenschaftliche Disziplin oder ein Teilgebiet überhaupt erst aufgebaut werden, und ohne definierten Begriff kann das Verhältnis zu anderen Wissenschaften, hier das Verhältnis zwischen Operations Research und Betriebswirtschaftslehre, gar nicht bestimmt werden. Will man nicht in der bloBen Deskription unzusammenhängender Sachverhalte verbleiben, so muB man vom Begriff ausgehen. Da dic Definition nur die sprachliche Form des Vorstellungsinhaltes ist, muB die Beschäftigung mit ihr gleichzeitig alles über den Inhalt aussagen, und indem man so vorgeht, ist auch gewährleistet, daB die Lücken ihrer unvollständigen oder unrichtigen Definition gefunden werden. ",14,"[124, 694, 873, 897]",103,2.0164158596224166e+18,
2016415859622416601,W109684747,text,,15,"[122, 124, 873, 270]",104,2.0164158596224166e+18,
2016415859622416602,W109684747,text,"Im allgemeinen sind angelsächsische Autoren weniger an Definitionen interessiert als deutschsprachige. Bezeichnend hierfür ist etwa die Stellungnahme Pococks, für den die Definition neuer Tätigkeitsbereiche im allgemeinen kein fruchtbares Gebiet für Diskussionen ist (2); andererseits findet man in der amerikanischen Literatur auch Vertreter der Operationsforschung, die den Wert einer genauen Definition sehr wohl kennen und in ihren Untersuchungen der Definierung einen breiten Raum widmen. An erster Stelle dürfte hier Morse zu nennen sein, der u. a. feststellt, daB die Operationsforschung auch deshalb genau umschrieben werden müsse, weil die Wissenschaftler benachbarter Gebiete wissen wollen, wodurch sich die Operationsforschung von ihrem eigenen Wissensgebiet unterscheidet (3). ",15,"[126, 286, 875, 489]",105,2.0164158596224166e+18,
2016415859622416603,W109684747,text,"Aus dem britischen ,,Operational Research"" wurde das amerikanische ,Operations Research"". Im deutschen Sprachgebiet arbeitete man zunächst mit dem Ausdruck ,Ablaufs- und Planungsforschung"", ist jedoch in letzter Zeit dazu übergegangen, dem Begriff Verfahrensforschung den Vorrang zu geben. Für die Verwendung des Wortes ,Verfahrensforschung"" haben sich Kosiol, Käfer, Henzel, Wittmann, Meier-Billeter und Frenckner eingesetzt (4). ",15,"[126, 503, 875, 613]",106,2.0164158596224166e+18,
2016415859622416604,W109684747,text,"Käfer lehnt den Ausdruck Ablaufsforschung deshalb ab, weil er zu passiv ist; er weist damit zweifellos auf einen wahren Sachverhalt hin, der im übrigen in den nachfolgenden Abschnitten noch ausführlicher behandelt wird. Er sagt ferner, daB die in Österreich eingeführte Ubersetzung ,Unternehmensforschung"" miBverständlich sei, und gibt damit wohl die Meinung zahlreicher anderer Betriebswirte wieder. Denn in der betriebswirtschaftlichen Diskussion steht das Begriffspaar Betrieb und Unternehmung im Mittelpunkt vieler wissenschaftlicher Auseinandersetzungen und hat dazu geführt, daB mit dem Worte ,,Unternehmung"" bzw. ,Unternehmen"" eine ganz bestimmte Vorstellung assoziiert wird, nämlich die Vorstellung des rechtlichen Rahmens des Betriebes oder allgemeiner auch des mehrere Betriebe umfassenden Gebildes. Freilich verstehen Sagoroff und Adam, die den Ausdruck ,Unternehmensforschung"" eingeführt haben, unter einem Unternehmen nicht nur eine wirtschaftliche Aktion, sondern auch Mabnahmen in anderen Bereichen menschlicher Tätigkeit, ,,so etwa auch Seuchen- und Schädlingsbekämpfung, Kriegsführung usw."". Ihr Ausdruck ,Unternehmen"" hat nichts mit dem morphologischen Begriff der Betriebswirtschaftslehre zu tun; ,Unternehmen"" ist für sie die menschliche Aktivität im Sinne von Aktionen, Operationen und Prozessen schlechthin (5). Sie kommen nicht aus der Betriebswirtschaftslehre, sondern haben die neuen Verfahrenstechniken unmittelbar aus der angelsächsischen Literatur übernommen und damit auch den Begriff so übersetzt, wie es dem englischen bzw. amerikanischen Vorstellungsinhalt entspricht. Der Ubersetzung des Wortes ,Operation"" mit ,Unternehmen"" steht an und für sich nichts im Wege, besonders dann nicht, wenn, wie das bei Sagoroff und Adam zweifellos der Fall ist, eine klare Definition beigegeben wird; wendet man aber die Operations Research auf betriebswirtschaftliche Probleme an, dann wird man aus dem angeführten Grunde vorteilhafterweise mit einem anderen Ausdruck arbeiten. ",15,"[130, 628, 877, 905]",107,2.0164158596224166e+18,
2016415859622416608,W109684747,text,,16,"[124, 124, 871, 344]",111,2.0164158596224166e+18,
2016415859622416609,W109684747,text,"Die Ubersetzung mit ,,Planungsforschung"" ist verständlich, wenn man bedenkt, daB die Operations Research, wie ebenfalls noch darzustellen sein wird, Elemente der Planung enthält, ja bei etwas groBzügiger Auslegung sogar mit der Planung gleichgesetzt werden kann. Ahnlicher Meinung ist auch Kosiol, der offensichtlich dem Planungselement in der Operations Research groBe Bedeutung beimiBt. Er geht von der Planungsforschung aus, stellt die Programm- und Verfahrensforschung zur Debatte, modifiziert den letzten Ausdruck zu Programm- und Verfahrensplanung, um sich schlielich unter dem Eindruck der immer wieder betonten Aufgabe der Operations Research, nämlich Unterlage für unternehmerische Entscheidungen zu sein, für den Begriff ,,Entscheidungsforschung"" zu entschlieBen. In bewunderswerter Konsequenz ist die Operations Research für ihn methodisch gesehen ein Entscheidungskalkül. Mit der Einbeziehung der Elemente: Planung, Rechnung, Entscheidung hat Kosiol das Wesen der Operations Research wohl am treffendsten umschrieben. ",16,"[126, 357, 871, 615]",112,2.0164158596224166e+18,
2016415859622416610,W109684747,text,"Trotz allem ist der Ausdruck ,, Entscheidungsforschung"" sprachlich gesehen nicht sehr glücklich gewählt; denn es erfolgt ja keine Analyse der Entscheidung, was doch der Begriff ,Entscheidungsforschung"" besagt, sondern eine Analyse der vor der Entscheidung liegenden Gegebenheiten und Geschehen. Daher ist es dem Sachverhalt entsprechender, von der wissenschaftlichen Vorbereitung der Entscheidungen als von einer Entscheidungsforschung selbst zu sprechen. Weil nun die Operations Research bei der Untersuchung der den Entscheidungen vorausgehenden Gegebenheiten und Geschehen neue Verfahren anwendet und diese Verfahren von den bisherigen betriebswirtschaftlichen Methoden so grundverschieden sind, setzen sich einige Betriebswirte für die Verwendung des Wortes ,Verfahrensforschung"" ein. Aber man wird das Gefühl nicht los, da sie alle nicht recht glücklich mit diesem Ausdruck sind, und vielleicht gilt für mehrere die Bemerkung von Wittmann: Wir wollen ,,ohne weiteren Grund an Stelle von Operations Research ersatzweise auch von Verfahrensforschung sprechen"" (6). Das aber ist Resignation; freilich keine unproduktive, gerade nicht bei Wittmann, dessen Abhandlung ,,Betriebswirtschaftslehre und Operations Research"" von überzeugender Klarheit ist. Aber sich ,,ohne weiteren Grund"" für eine bestimmte Ubersetzung zu entscheiden ist nicht befriedigend. AuBerdem müBte sich die Verfahrensforschung mit allen in Frage kommenden Verfahren betriebswirtschaftlicher Forschung befassen, und das will sie doch offensichtlich nicht. Denn damit würde sie das Problem nur als ein Kapitel in dem groBen Themenkreis ,Methodenprobleme der Betriebswirtschaftslehre"" einordnen. Die Operations Research kennt aber nur eine bestimmte Methode (mit vielen Verfahrenstechniken) und setzt sich mit anderen betriebswirtschaftlichen Methoden nicht auseinander. ",16,"[126, 628, 875, 904]",113,2.0164158596224166e+18,
2016415859622416613,W109684747,text,,17,"[124, 124, 875, 312]",116,2.0164158596224166e+18,
2016415859622416614,W109684747,text,"Die Verwendung des Wortes Verfahrensforschung dürfte vermutlich auch auf wörtliche Ubersetzungen einiger englischer bzw. amerikanischer Veröffentlichungen zurückzuführen sein. Dort wird nämlich die Operations Research als eine ,,Scientific Method"" definiert, also als eine wissenschaftliche Methode. ",17,"[128, 327, 875, 399]",117,2.0164158596224166e+18,
2016415859622416615,W109684747,text,"Von den beiden weiteren Ausdrücken ,,Mathematische Planungsforschung"" und ,Einsatzforschung"" hat sich keiner sehr verbreiten können. Auch Kosiols Wortprägung ,,Vollzugsforschung"" fand keinen Widerhall. ",17,"[128, 413, 875, 468]",118,2.0164158596224166e+18,
2016415859622416616,W109684747,text,"SchlieBlich ist noch Frenckners Terminologie zu erwähnen. Frenckner nennt zwar seinen Aufsatz in der Zeitschrift für Handelswissenschaftliche Forschung ,Betriebswirtschaftslehre und Verfahrensforschung"", gebraucht auch des öfteren das Wort ,Verfahrensforschung"", verwendet aber auch wiederholte Male die Begriffe ,Operationsforschung"" bzw. ,,Operationsanalyse"" (7), den letzten auch adjektivisch in der Kombination ,, Operationsanalytische Methoden"". Diese Ubersetzung ist u. E. die bestmögliche. Sie ist, wenn man von der Unternehmensforschung aus den angeführten Gründen absieht, die einzige, die sich mit dem englischen Begriff ,,Operations Research"" vollkommen deckt. Sie ist daher auch für die vorliegende Arbeit übernommen worden. ",17,"[126, 483, 875, 670]",119,2.0164158596224166e+18,
2016415859622416617,W109684747,text,"Der Einwand, da der Wortbestandteil ,Operation"" im Deutschen an militärische oder gar auch medizinische Aktionen erinnere, ist zwar bis zu einem gewissen Grade gerechtfertigt, aber damit noch nicht stichhaltig. Vom Standpunkt einer generellen Führungswissenschaft aus besteht zwischen militärischen und wirtschaftlichen Führungsproblemen eine weitgehende Ahnlichkeit, und es ist sicherlich kein Zufall, daB O.R.-Kurse in den angelsächsischen Ländern sowohl von Wirtschaftern als auch von Militärs gleichzeitig besucht werden. Auch bei A. Walther finden wir oft Vergleiche zwischen der unternehmerischen und der militärischen Führung. Die zunehmende wissenschaftliche Beschäftigung mit der Entscheidungsanalyse wird sich auch mit der ,,Operation"" als ,unternehmerischem Entscheidungsakt"", als ,ökonomischem Unternehmerhandeln"" vertraut machen. Von der engen sprachlichen Verwandtschaft wird ganz abgesehen. ",17,"[128, 684, 877, 905]",120,2.0164158596224166e+18,
2016415859622416621,W109684747,text,"Kann man sich für keine der vorkommenden Ubersetzungen entscheiden und findet man selbst kein besseres Wort, sollte man sich im übrigen auch nicht scheuen, das englische ,Operations Research"" zu gebrauchen, so ähnlich wie man heute auch die englischen Bezeichnungen Dumping, Pool, Disengagement, Computer u. a. verwendet. ",18,"[126, 124, 873, 215]",124,2.0164158596224166e+18,
2016415859622416622,W109684747,title,2. Die Aufgaben der betriebswirtschaftlichen Operationsforschung,18,"[170, 244, 823, 263]",125,2.0164158596224166e+18,2.0
2016415859622416623,W109684747,text,"Um zu einer eindeutigen Definition zu kommen, ist es nötig, den Zweck, die Aufgaben der Operationsforschung zu umschreiben. Trotz der sehr unterschiedlichen Ubersetzungen sind sich alle Autoren hinsichtlich der Aufgaben der Operationsforschung einig. Sie stimmen auch mit der angelsächsischen Auffassung überein. Danach besteht die Aufgabe der betriebswirtschaftlichen Operationsforschung darin, quantitative Unterlagen — und nur solche! - für die Entscheidungen der Unternehmungsführung bereitzustellen. Das ist das Kennzeichen der Operationsforschung. Die Unternehmer, aber auch die Manager und alle Personen, die Führungsentscheidungen fällen, sollen mit Informationen ausgestattet werden, die es ihnen ermöglichen, die optimalen MaBnahmen rational zu bestimmen. Die Intuition soll auf ein MindestmaB beschränkt und weitgehend durch einen rationalen, nämlich formallogischen Kalkül ersetzt werden. Die Führungskunst soll durch eine Führungswissenschaft ergänzt werden. ",18,"[126, 276, 873, 515]",126,2.0164158596224166e+18,
2016415859622416624,W109684747,text,"Die Vertreter der Operationsforschung sind davon überzeugt, da mit der Ausweitung des diskursiven Denkens auf möglichst alle Bereiche des Betriebes ein Fortschritt in der Unternehmungsführung, der im Interesse aller Beteiligten liegt, erreicht wird. Sie betrachten das intuitive Handeln als ein Relikt einer vergangenen oder gerade zu Ende gehenden Wirtschaftsepoche und sind überzeugt davon, daB es nur eine Frage der Zeit ist, bis das unternehmerische Handeln weitgehend objektiviert sein wird. ",18,"[126, 526, 875, 654]",127,2.0164158596224166e+18,
2016415859622416625,W109684747,text,"Im betriebswirtschaftlichen Bereich läuft demnach alles Bestreben darauf hinaus, der Unternehmungsleitung Zahlen zur Verfügung zu stellen, die sie in den Stand setzen, aus mehreren Alternativen die optimale zu berechnen. Die betrieblichen Prozesse und Vorgänge werden als kausalmechanische Beziehungen aufgefaBt, daher in mathematische Funktionen gekleidet und mit Hilfe mathematischer und statistischer Verfahren behandelt. So gesehen, ist die betriebswirtschaftliche Operationsforschung nicht mehr als die mathematische Formulierung von Problemen und deren Ausrechnung. Es wird der Mitteleinsatz zur Erreichung eines bestimmten Zieles analysiert, wobei aber die leistungsmäBige Betrachtung vollkommen hinter der zahlenmäBigen zurücktritt. Die unternehmerischen Entscheidungen werden einer quantitativen Betrachtung unterzogen. In den meisten Fällen liegt die optimale Entscheidung dort, wo die Kosten ihren Minimumwert erreichen bzw. der Gewinn seinen Maximumwert erreicht. ",18,"[126, 665, 875, 905]",128,2.0164158596224166e+18,
2016415859622416628,W109684747,text,"Die Zahl spielt also in der Operationsforschung eine entscheidende Rolle. Ja, sie ist für sie essentiell. Ohne sie gibt es keine Operationsforschung. Alle Erscheinungen und Geschehen sollen exakt meBbar, vergleichbar, nachprüfbar gemacht werden. Mit Hilfe der Mathematik wird es nach der Auffassung zahlreicher Forscher möglich, die betriebswirtschaftliche Planung zu objektivieren; das zukünftige Geschehen wird nicht mehr vage geschätzt, sondern weitgehend vorausgesagt. Auch das ist ein Kennzeichen der Operationsforschung, die das Risiko berechenbar und damit die Zukunftsentwicklung voraussagbar machen will. Die durchgehende Rationalisierung und Mathematisierung des betrieblichen Geschehens macht es schlieBlich nach Meinung zahlreicher Vertreter der Operationsforschung möglich, jede MaBnahme durch ein Experiment zu prüfen. ",19,"[124, 124, 873, 328]",131,2.0164158596224166e+18,
2016415859622416629,W109684747,title,3. Die endgültige Definition,19,"[357, 356, 636, 376]",132,2.0164158596224166e+18,2.0
2016415859622416630,W109684747,text,"Aus den bisher herausgearbeiteten Bestimmungsstücken ergibt sich die endgültige Definition, die dieser Arbeit zugrunde gelegt wird. Danach versteht man unter der betriebswirtschaftlichen Operationsforschung jene betriebswirtschaftliche Planungsrechnung, die ihre Aufgabe darin sieht, dem Unternehmer und anderen Entscheidungsverantwortlichen für ihre Entscheidungen, die sich als mathematisch berechenbare Auswahlprobleme bei mehreren Alternativen darstellen, quantitative Unterlagen zur Verfügung zu stellen. Die Unterlagen haben den Charakter von Empfehlungen, wobei diese entweder eindeutig bestimmt sind oder in mehreren Vorschriften, gestuft nach der Wahrscheinlichkeit des Eintrittes eines erwarteten Ereignisses, bestehen. Sie bedient sich dabei neuer mathematischer und statistischer Verfahrenstechniken, die im Gegensatz zum konventionellen Rechnungswesen der Unternehmung stehen. Weil sie vollkommen auf die Erfordernisse der Unternehmungsführung ausgerichtet ist, kann sie auch als strategische Planungsrechnung bezeichnet werden. Der Begriff der Strategie umschlieBt dabei jenen der Taktik. Die Planungsrechnung wird in einem sehr weiten Sinne verstanden; nämlich als eine Rechnung, die nicht nur mit Zukunfts-Planzahlen arbeitet, sondern mit zukunfts,,gerichteten"" Zahlen schlechthin. Das können auch Vergangenheitszahlen sein, wenn sie im Hinblick auf zukünftige, also geplante Handlungen in irgendeiner Weise analysiert werden. Planung kann in diesem Sinne mit Unternehmungspolitik bzw. Entscheidungsvorbereitung gleichgesetzt werden. ",19,"[128, 389, 877, 778]",133,2.0164158596224166e+18,
2016415859622416631,W109684747,text,Nur in der Phase der Modellkonstruktion geht die betriebswirtschaftliche Operationsforschung vorübergehend über das Rechnungswesen hinaus und bekommt den Charakter einer echten Leistungsanalyse. ,19,"[133, 788, 879, 842]",134,2.0164158596224166e+18,
2016415859622416632,W109684747,text,"Die betriebswirtschaftliche Operationsforschung ist keine Methode, sondern hat eine solche, und zwar mit mehreren Verfahrenstechniken. Sie ist aber auch keine eigene Wissenschaft, weil das einzig Substantielle, auf das sich ihr Wissenschaftsgebäude aufbauen könnte, die Operation, auf viele andere Substanzwissenschaften verteilt ist. Inwieweit die Definition auf andere Begriffe der Betriebswirtschaftslehre zutrifft, wird in den nachfolgenden Abschnitten behandelt werden. ",19,"[130, 853, 879, 908]",135,2.0164158596224166e+18,
2016415859622416635,W109684747,text,,20,"[128, 124, 873, 196]",138,2.0164158596224166e+18,
2016415859622416636,W109684747,text,"Diese endgültige Definition unterscheidet sich im Wesen nicht sehr, ja vielleicht überhaupt nicht von den bisherigen; ein maBgebender Unterschied liegt aber in der Terminologie. Die Betriebswirtschaftslehre hat ein bestimmtes spezifisches Vokabular, das von allen Betriebswirtschaftern, und mögen sie noch so viele und neue Termini schaffen, gebraucht bzw. verstanden wird. Die von den Vertretern der Operationsforschung verwendete Terminologie hingegen ist in bezug auf die Probleme der Unternehmungsführung neu und vollkommen anders (""... but we do have the beginnings of an OR terminology""') (8). Nicht zuletzt hat das die Standortbestimmung dieser neuen, gewissermaBen in der Zeit liegenden wissenschaftlichen Bewegung erschwert (9). ",20,"[126, 208, 873, 392]",139,2.0164158596224166e+18,
2016415859622416639,W109684747,title,III. Die Entstehung der Operations Research,21,"[189, 185, 800, 211]",142,,1.0
2016415859622416640,W109684747,text,"Die Entstehung der Operationsforschung wird im allgemeinen in die Zeit des zweiten Weltkrieges oder unmittelbar davor gelegt. Es ist schwer zu sagen, wer als Begründer bezeichnet werden soll. Wittmann führt den Ausdruck ,Operations Research"" auf A. P. Rowe von der britischen Air Ministry Research Station zurück, und Käfer wieder nennt H. B. Levinson als einen der ersten Begründer der Operations Research. F. N. Trefethen (1), der einen sehr übersichtlichen und bis ins Detail gehenden geschichtlichen Überblick der Operations Research geschrieben hat, erwähnt die Arbeiten von F. W. Lanchester, der sich schon im ersten Weltkrieg mit der mathematischen Analyse militärischer Operationen befaBt hat; wir finden ferner die Namen T. Edison, dann auch zusammen mit A. P. Rowe die Gruppe G. A. Roberts, E. C. Williams, H. Larnder und schlieBlich P. M. S. Blackett, von dem gesagt wird, daB er die Operations Research in allen drei Waffengattungen eingeführt habe. ",21,"[124, 222, 875, 461]",143,2.0164158596224166e+18,
2016415859622416641,W109684747,text,"Wenngleich über die Person des Begründers uneinheitliche Auffassungen bestehen, so sind sich die Autoren im allgemeinen darin einig, daB die moderne Kriegführung des zweiten Weltkrieges zu der raschen Ausweitung der Operationsforschung wesentlich beigetragen hat. Interessanterweise ist die Linearplanung erst 1947 ,geboren"" worden, und zwar im Rahmen des Projektes SCOOP (Scientific Computation of Optimum Programs). ",21,"[126, 477, 875, 586]",144,2.0164158596224166e+18,
2016415859622416642,W109684747,text,"Das Problem, dem sich die militärischen Stäbe in England, hauptsächlich der Marine und Luftwaffe und weniger des Heeres, gegenübersahen, bestand darin, Menschen und Material in bestmöglicher Weise einzusetzen, so, da dem Feinde die gröBten Verluste bei weitgehender Schonung der eigenen Kräfte zugefügt werden konnten. Zu diesem Zweck wurden den Stäben Wissenschaftler beigestellt, welche die militärischen Operationen analysierten und entsprechende Empfehlungen ausarbeiteten. Man nannte ihre Tätigkeit ""Operations Analysis or Evaluation"", und da es sich um Wissenschaftler handelte, sprach man bald von Operational Research. Es ging bei den Problemen immer um den Masseneinsatz von Menschen und Kriegsmaterial, die nach strategischen und taktischen Gesichtspunkten eingesetzt wurden. Die Analysen hatten einen rein quantitativen Charakter und stellten qualitative Merkmale, wie Ausdauer, Tapferkeit usw., zurück. Da es sich bei den Operationen fast immer um den Einsatz hochtechnisierter Kriegsmittel (Flugzeuge, Schiffe) handelte, bei denen die Tapferkeit des einzelnen oft vollkommen nebensächlich ist - auf einem Schiff kann auch ein Feigling in der Besatzung an einer heldenhaften Aktion des Kommandanten teilnehmen -, war es möglich, quantitative Untersuchungen anzustellen. In Fällen, in denen der Mut, die Angst, die Müdigkeit eine Rolle spielten, wurde der ,menschliche Faktor"" als nicht-lineare Gegebenheit behandelt (2). Die Probleme, die nach Kriegsschlu am bekanntesten wurden, sind folgende: ",21,"[126, 597, 879, 892]",145,2.0164158596224166e+18,
2016415859622416643,W109684747,text,,22,"[126, 124, 873, 215]",146,2.0164158596224166e+18,
2016415859622416644,W109684747,text,"a) Das Geleitzugproblem: Die Verluste an Kriegs- und Handelsschiffen durch feindliche U-Boote muBten herabgesetzt werden. Die Wissenschaftler arbeiteten Pläne aus, nach denen die Geleitzüge zusammengesetzt und die Fahrtrouten festgelegt wurden. Auf diese Weise wurde erreicht, daB die Verluste auf ein Minimum herabsanken.   
b) Das U-Boot-Suchproblem: Dieses Problem steht in enger Verbindung zu dem ersten. Es galt, die U-Bootgefahr zu beseitigen. Auch hier wurden Bekämpfungsstrategien entwickelt, die tatsächlich zu groBen Erfolgen führten. Mittels bestimmter Berechnungen wurden Patroullierungssysteme ausgearbeitet — insbesondere für die Suchflugzeuge im Golf von Biskaya —, bei denen mit einem relativ kleinen Einsatz von Flugzeugen alle gewünschten Gebiete abgesucht werden konnten.   
c) Das Bombardierungsproblem: Das Ziel bestand in der gröBtmöglichen Zerstörung feindlicher Städte. Dieses Problem muBte ,,optimal"" gelöst werden. Die Bomberverbände wurden auf Grund der von den Wissenschaftlern ausgearbeiteten Empfehlungen so eingesetzt, daB der erwartete Erfolg eintrat.   
d) Das Radarproblem: Um den feindlichen Luftangriffen zu begegnen, muBten Radarstationen errichtet werden. Die Aufgabe bestand darin, die optimalen Standorte dieser Radaranlagen zu bestimmen. (Auch bei der Berliner Luftbrücke nach dem zweiten Weltkrieg spielten operationsanalytische Verfahren eine groBe Rolle.) ",22,"[124, 228, 875, 654]",147,2.0164158596224166e+18,
2016415859622416645,W109684747,text,"Am Ende des Krieges arbeiteten etwa 350 englische Wissenschaftler in militärischen Stäben an diesen Problemen. Sie bildeten Arbeitsteams, die sich hauptsächlich aus Vertretern der exakten Wissenschaften zusammensetzten. In dem Erfahrungsbericht einer RKW-Studiengruppe über eine Reise nach den USA (3) wird ein Team angeführt, das sich wie folgt zusammensetzt: ",22,"[126, 667, 875, 758]",148,2.0164158596224166e+18,
2016415859622416646,W109684747,text,"1 Experimentalphysiker   
2 theoretische Physiker   
3 Physiologen   
1 Geodät   
1 Astrophysiker   
2 Mathematiker   
1 Verbindungsoffizier ",22,"[243, 771, 474, 904]",149,2.0164158596224166e+18,
2016415859622416649,W109684747,text,"Der militärische Ursprung der Operationsforschung und die Herkunft ihrer Vertreter erleichtert uns in den Wirtschaftswissenschaften das Verständnis für diese neue Bewegung und setzt uns auch in den Stand, die Möglichkeiten und Grenzen der Operationsforschung zu bestimmen. ",23,"[126, 125, 871, 198]",152,2.0164158596224166e+18,
2016415859622416650,W109684747,text,"Bis zum Jahre 1955 überwog die Anwendung der Operationsforschung auf militärischem Gebiet; dann verschob sich die Bedeutung zugunsten des Einsatzes bei industriellen Problemen. Hatte es sich bisher um militärische Aktionen gehandelt, so betrachtete man jetzt unternehmerische Entscheidungen und untersuchte, ob auch diese mit Hilfe der operationsanalytischen Techniken rationalisiert werden konnten. Erst jetzt wurden, bezeichnenderweise also erst bei der Behandlung wirtschaftlicher Probleme, Psychologen und Sozialwissenschaftler herangezogen. ",23,"[126, 209, 873, 354]",153,2.0164158596224166e+18,
2016415859622416651,W109684747,text,"In der Zwischenzeit war die Operationsforschung in den USA, wohin sie nach F. N. Trefethen im Herbst 1940, vermutlich auf Veranlassung von J. B. Conant, gekommen war, aufgeblüht, hatte 1948 zur Gründung der RAND-Corporation (Rand ist die Abkürzung für Research and Development) und des ORO (Operations Research Office) geführt und war zum Zeitpunkt der Gründung der Operations Research Society of America im Jahre 1952 bereits eine allgemein anerkannte Disziplin. ",23,"[126, 367, 875, 496]",154,2.0164158596224166e+18,
2016415859622416654,W109684747,title,IV. Der Wissenschaftscharakter der Operations Research,24,"[280, 185, 713, 235]",157,,1.0
2016415859622416655,W109684747,text,"Es wird von zahlreichen und insbesondere von angelsächsischen Autoren behauptet, daB die Operationsforschung eine eigene Wissenschaft sei. Dieser Meinung kann man sich nicht ohne weiteres anschlieBen, und es gilt daher zu prüfen, wie es mit ihrem Wissenschaftscharakter bestellt ist. ",24,"[126, 253, 871, 325]",158,2.0164158596224166e+18,
2016415859622416656,W109684747,title,1. Das Erkenntnisobjekt als Kriterium für den Wissenschaftscharakter,24,"[155, 357, 837, 376]",159,2.0164158596224166e+18,2.0
2016415859622416657,W109684747,text,"Jeder Wissenschaft kommt es darauf an, ihren Gegenstand zu erkennen. Das erste Kriterium für die Wissenschaftlichkeit eines Faches ist also das Vorhandensein eines Forschungsgegenstandes. Stellt man die Frage nach dem Gegenstand der Operationsforschung, so wird man, ohne zu zögern, die ,Operation"" angeben. Das ergibt sich ja bereits aus dem Begriff. Die Operation ist also das Erkenntnisobjekt der Operationsforschung, und zwar die abstrakte, geschichtslose Aktion, gleichgültig, auf welchen Gebieten des menschlichen Lebens sie gesetzt wird. Die Operation wird also vollkommen losgelöst von irgendeiner Substanz behandelt. Ja, die Substanz ist sogar lästig, sie trübt das Bild der reinen Operation und erschwert es, Ahnlichkeiten und Unterschiede der Aktionen klar zu erkennen. Der Forscher hat daher die Aufgabe, die Operation zu isolieren, gewissermaen so lange zu entschlacken, bis sie ganz rein und klar vor ihm liegt. Es ist nicht mehr vom Handeln für wirtschaftliche, künstlerische, sittliche, technische u. a. Ziele die Rede, sondern nur noch vom Handeln schlechthin, von der Operation, welche von diesen Substanzen freigemacht wurde, von der ,Operation an sich"". ",24,"[126, 389, 873, 681]",160,2.0164158596224166e+18,
2016415859622416658,W109684747,text,"Zwischen allen Operationen bestehen grundsätzliche Ahnlichkeiten, selbst dann, wenn sie sich im Technischen stark voneinander unterscheiden. Treffender kann es nicht ausgedrückt werden, als es Camp (1) getan hat, indem er sagte, da ,die Suche nach feindlichen U-Booten, die Suche nach Kunden und die Suche nach Anzeichen von Tbc oder Lungenkrebs auf einer Röntgenaufnahme grundsätzliche Ahnlichkeit"" haben und in die gleiche Strukturklasse gehören. ",24,"[126, 696, 873, 804]",161,2.0164158596224166e+18,
2016415859622416659,W109684747,text,"Das Bestreben geht nun dahin, für diese abstrakte Operation, die also zum Objekt einer Wissenschaft gemacht wurde, GesetzmäBigkeiten herauszufinden bzw. festzulegen. Diese Absicht ist nur zu verständlich; denn gelingt es, derartige Gesetze zu finden, so läBt sich dann ohne besondere Schwierigkeiten eine eigene Theorie aufbauen. Die den Operationen zugrunde liegenden GesetzmäBigkeiten werden als von den Einzelelementen ,,Menschen"" und ,,Güter"" unabhängig bezeichnet. Morse glaubt, daB es so etwas wie ein allgemeines Prinzip der Optimierung geben müBte oder irgendein anderes Prinzip, das allen Operationen zugrunde liegt. Er bekennt, daB er bisher noch kein solches Gesetz gefunden habe, meint aber, daB — sofern einmal diese Gesetze erforscht sein werden - es zu erwarten sei, daB sie statistisch meBbar sein werden (2). Goodeve, ein anderer Theoretiker auf diesem Gebiet, behauptet, dab die allen Aktionen zugrunde liegenden Ursachen weit mehr von gemeinsamer Natur sind, als man vorerst annehmen würde, selbst dann, wenn sie sich so voneinander unterschieden wie etwa Operationen in der Landwirtschaft von jenen im Eisenbahnwesen (3). Diese Auffassung teilen fast alle englischen und amerikanischen Autoren, und einer ihrer prominentesten Vertreter, R. L. Ackoff, formuliert daher die vorherrschende Meinung, daB die Operationsforschung eine eigene Wissenschaft sei, mit den Worten: ""Operations Research is neither a method nor a technique, it is or is becoming a science . ."" (4). ",24,"[126, 819, 873, 891]",162,2.0164158596224166e+18,
2016415859622416660,W109684747,text,,25,"[126, 125, 873, 419]",163,2.0164158596224166e+18,
2016415859622416661,W109684747,text,"Die Operationsforschung ist nach dem bisher Gesagten die Wissenschaft von den Operationen, ihrer Strategie und ihrer Taktik. Sie überdeckt zahlreiche andere Wissenschaften und könnte insofern z. B. mit der Thermodynamik verglichen werden, die auch eine eigene Wissenschaft ist und sich dabei über die Physik, Chemie und Biologie erstreckt. ",25,"[128, 429, 875, 520]",164,2.0164158596224166e+18,
2016415859622416662,W109684747,text,"Diese formale Betrachtungsweise hat dazu geführt, daB zahlreiche andere ebenfalls formale Theorien in den Blickpunkt des Interesses gerückt sind, wie z. B. die Informationstheorie und die Regelungstheorie. Sie haben ebenfalls formalen Charakter. Man wäre nun geneigt, zu sagen, daB die Operationsforschung eine Formalwissenschaft sei, die sich eben von jeder Substanzwissenschaft unterscheidet. Hierzu sei die Meinung von Sagoroff angeführt, der als Statistiker zweifellos für die Abgrenzung kompetent ist. Er stellt fest, daB die Operationsforschung weder eine Substanz- noch eine Formalwissenschaft ist, nämlich überhaupt nicht als eigenständige wissenschaftliche Disziplin aufzufassen ist, ,weil sie die kombinierte Anwendung jeweils verschiedener Wissenszweige zur Lösung ad hoc gegebener Aufgaben darstellt"" (5). So gesehen, ist die Operationsforschung zwar ein auBerordentlich wertvolles Hilfsmittel für die Substanzwissenschaft, im Grunde genommen aber nichts anderes als eine Ansammlung der Betriebswirtschaftslehre, Statistik, Mathematik, Psychologie, Physik und anderer formaler und substantieller Disziplinen. Die Bestätigung finden wir in der Zusammensetzung der Arbeitsteams, in denen jeweils die Vertreter der angeführten Wissenschaften vorzufinden sind. ",25,"[130, 529, 879, 843]",165,2.0164158596224166e+18,
2016415859622416663,W109684747,text,"Je nach der Zugehörigkeit eines Forschers zu einer Formal- oder einer Substanzwissenschaft wird das Urteil über den Wissenschaftscharakter der Operationsforschung verschieden ausfallen. Es ist daher beipielsweise begreiflich, daB Wittmann der Operationsforschung den Wissenschaftscharakter abspricht. Da ihr ein autonomes zusammenhängendes Sachgebiet, das Gegenstand eines abgerundeten Systems von theoretischen Aussagen sein könnte, fehlt, habe sie kein Erkenntnisobjekt und dürfe daher nicht als eigenständige Wissenschaft bezeichnet werden (6). Wittmann weist also mit aller Deutlichkeit auf das nicht vorhandene Sachgebiet hin. Allerdings ist zu beachten, daB er die Operationsforschung vom Standpunkt eines Betriebswirtes aus betrachtet und seine Aussage daher wohl nur für die betriebswirtschaftliche Operationsforschung gilt. In dieser Beziehung muB ihm aber entschieden recht gegeben werden. Die betriebswirtschaftliche Operationsforschung ist tatsächlich keine eigene Wissenschaft, sondern nur ein Teil der Betriebswirtschaftslehre. Die Betriebswirtschaftslehre selbst ist immer eine Substanzwissenschaft, gleichgültig, ob man sie institutionell oder funktionell sieht; selbst die leistungsorientierte Betriebswirtschaftslehre, etwa im Gegensatz zu einer Betriebswirtschaftslehre, in der die institutionellen Probleme im Vordergrund stehen, hängt immer noch am substantiellen Begriff des Betriebes, während sich die Operationsforschung, wie erwähnt, vom Betrieb freimachen will. ",25,"[130, 855, 877, 908]",166,2.0164158596224166e+18,
2016415859622416666,W109684747,text,,26,"[124, 124, 873, 435]",169,2.0164158596224166e+18,
2016415859622416667,W109684747,text,"Die allgemeine Operationsforschung als abstrakte, alle nur jemals in Frage kommenden Wissenschaften überlappende Disziplin (also nicht die betriebswirtschaftliche Operationsforschung) könnte eventuell als eigene Formalwissenschaft bezeichnet werden, wenn man nicht die Meinung Sagoroffs übernimmt, daB sie nicht einmal das, sondern eben nur eine Wissenschaftskombination sei. Die betriebswirtschaftliche Operationsforschung darf sich aber nicht nur an die Notwendigkeiten der umfassenderen Aktivitätsanalyse halten, sondern mu auch zur Kenntnis nehmen, was der reale Betrieb fordert. ",26,"[126, 447, 875, 593]",170,2.0164158596224166e+18,
2016415859622416668,W109684747,text,"Die verschiedenen Vorstellungen vom Wesen der Operationsforschung dürften auch darauf zurückzuführen sein, daβ  wiederum je nach der Herkunft der jeweiligen Wissenschaftler — einmal die Methode, das andere Mal die substantiellen Probleme als der Kern der Operationsforschung bezeichnet werden. Die Form und der Inhalt, die ansonsten immer zusammenhängend betrachtet werden sollten, müssen aber in einer Analyse des Wissenschaftscharakters sorgfältig auseinandergehalten werden. Das scheint aber nach Wittmann ,manchen Autoren der Verfahrensforschung schwerzufallen"" (7); er wirft ihnen vor, die Methoden von den Sachgebieten nicht zu trennen. ",26,"[126, 604, 875, 768]",171,2.0164158596224166e+18,
2016415859622416669,W109684747,title,2. Die Methode als Kriterium für den Wissenschaftscharakter,26,"[191, 801, 806, 820]",172,2.0164158596224166e+18,2.0
2016415859622416670,W109684747,text,"Das zweite Kriterium für den Wissenschaftscharakter eines Fachgebietes ist die Wissenschaftlichkeit seiner Methode. Da wir die betriebswirtschaftliche Operationsforschung nicht als eigene Wissenschaft anerkannt haben, erübrigt sich an dieser Stelle eine Betrachtung ihrer Verfahren. Hingegen muB uns die ",26,"[128, 833, 875, 905]",173,2.0164158596224166e+18,
2016415859622416673,W109684747,text,"Methode der allgemeinen Operationsforschung, d. h. die alle in Betracht kommenden substantiellen Wissenschaftsdisziplinen überdeckende Operationsforschung interessieren. ",27,"[124, 124, 873, 178]",176,2.0164158596224166e+18,
2016415859622416674,W109684747,text,"Unter Methode sei im Gegensatz zu den verschiedenen ihr untergeordneten Verfahrenstechniken eine Betrachtungsweise verstanden, ein versachlichter, gedanklich objektivierter, auf andere Personen übertragbarer und von ihnen, wenigstens grundsätzlich, reproduzierbarer ,,Gang der Gewinnung wissenschaftlicher Einsichten"" (Gutenberg), ,,ein bestimmtes formales Verhalten gegenüber einem ... Gegenstand"" (Schönpflug) (8). ",27,"[126, 191, 873, 299]",177,2.0164158596224166e+18,
2016415859622416675,W109684747,text,"Es scheint so, als wäre die Diskussion über die Wissenschaftlichkeit der Operationsforschung nur deshalb entstanden, weil die Autoren, welche die Operationsforschung als ,scientific method"" definieren, sich bemüBigt fühlen, diese Definition zu rechtfertigen. Für jene, die sich von der Gleichsetzung der Operationsforschung mit einer Methode distanzieren und die vorsichtigerweise nur von der Anwendung wissenschaftlicher Methoden sprechen, besteht an und für sich keine Veranlassung, sich mit dem Problem ,eigene Wissenschaft oder nicht"" zu beschäftigen. Allerdings ist zu bemerken, dab jene Definition, die besagt, daB die ,,Operationsforschung die Anwendung wissenschaftlicher Methoden sei"", unbrauchbar ist, und offensichtlich kommen auch die sie verwendenden Autoren nicht mit ihr allein aus, denn sie sprechen das eine Mal von Methoden, das andre Mal von der Anwendung dieser Methoden und meinen in beiden Fällen die Operationsforschung. ",27,"[130, 312, 875, 554]",178,2.0164158596224166e+18,
2016415859622416676,W109684747,text,"Die Methode der allgemeinen Operationsforschung ist wissenschaftlich, und zwar, wie betont werden mu, naturwissenschaftlich, empirisch, kausalmechanisch. Das angelsächsische ,,scientific"" ist, wie alle Arbeiten auf diesem Gebiete beweisen, durch empirisches Aufnehmen, Beobachten, Zählen, Messen und Experimentieren charakterisiert. Am deutlichsten kommt das bei Morse - Kimball zum Ausdruck, die feststellen, daB das Quantitative bis zu einem gewissen Grade in dem Ausdruck ,,wissenschaftliche Methode"" eingeschlossen sei (9). Bezeichnenderweise steht auf der Titelseite eines der Standardwerke der Operations Research, nämlich des unter der Leitung von T. C. Koopmans herausgegebenen Buches ""Activity Analysis of production and allocation"" (10), der Spruch ""Science is Measurement"". ",27,"[128, 565, 877, 767]",179,2.0164158596224166e+18,
2016415859622416677,W109684747,text,"Es ist daher nicht ganz richtig, den englischen Ausdruck "",scientific"" im vorliegenden Zusammenhang mit ,wissenschaftlich"" zu übersetzen, sondern richtiger müBte es ,naturwissenschaftlich"" heiBen. Wieder können wir Morse heranziehen und auf dessen Bemerkung hinweisen: ""... operations research is the study of the operations .. by the use of the research techniques of physical science"" (11). Zwar behauptet Johnson, daB in der Operations Research die Verfahren der grundlegenden Naturwissenschaften, der technischen Wissenschaften und der Betriebswirtschaftslehre (sofern man Business Administration so übersetzen will) zusammenkommen und gemischt werden, aber bereits ein flüchtiges Studium der Literatur beweist, daB die naturwissenschaftlichen Verfahren bei weitem überwiegen. Selbst Johnson stellt schlieBlich fest, daB die Operations Research in den Naturwissenschaften verwurzelt ist (OR is ""rooted in the basic sciences"") (12). ",27,"[130, 778, 877, 907]",180,2.0164158596224166e+18,
2016415859622416680,W109684747,text,,28,"[126, 124, 875, 234]",183,2.0164158596224166e+18,
2016415859622416681,W109684747,text,"Die deutschsprachigen Vertreter der allgemeinen Operationsforschung meinen die gleiche Methode; auch für sie geht es um die Beobachtung und das Messen und nach Möglichkeit auch um das Experiment. Wer aber von einer ,scientific method"" spricht, wird sich früher oder später damit auseinandersetzen müssen, ob seine Disziplin auch eine ,,science"" (Wissenschaft) ist. ",28,"[124, 244, 875, 335]",184,2.0164158596224166e+18,
2016415859622416682,W109684747,title,3. Die Abgrenzung einer Disziplin als Kriterium für den Wissenschaftscharakter,28,"[253, 370, 738, 409]",185,2.0164158596224166e+18,2.0
2016415859622416683,W109684747,text,"Betrachtet man die Abgrenzung einer Disziplin als drittes Kriterium für deren Wissenschaftlichkeit, dann mu man feststellen, da diese bei der Operationsforschung nicht gegeben ist. Wie bereits wiederholte Male bemerkt wurde, zeichnet sich die Operationsforschung gerade durch ihre Unbegrenztheit aus, ja, sie will gar nicht auf eine Substanzwissenschaft beschränkt bleiben, sondern alle in Frage kommenden umfassen. Wenn schon der Betriebswirtschaftslehre vorgeworfen werden kann, ,,daB ihrem Gegenstande ... Geschlossenheit fehle"" (13), um wieviel mehr kann man der betriebswirtschaftlichen Operationsforschung vorhalten, daB sie keinen ,,einheitlichen Grund"" habe, aus dem sich ihr System entwickeln könne. Ist schon der Betrieb als einheitlicher Grund nicht zureichend, um wieviel weniger die formale Operation. ",28,"[124, 418, 875, 620]",186,2.0164158596224166e+18,
2016415859622416684,W109684747,text,"Kosiol (14) weist zwar darauf hin, daB die Einzeluntersuchungen einen Umfang an Theorie und Methodik erreicht haben, die es erstens ermöglichen, eine eigene Disziplin aufzubauen, und die es zweitens gestatten, die Betriebsvorgänge exakter als bisher zu beschreiben, aber ein Mehr oder Weniger an Exaktheit macht noch keine eigene Disziplin aus. ",28,"[124, 630, 875, 722]",187,2.0164158596224166e+18,
2016415859622416685,W109684747,text,"Die betriebswirtschaftliche Operationsforschung hat keinen groen, systematisch gefügten Bau ihrer Forschungsergebnisse und Methoden, wie es von Gutenberg als Ziel der Betriebswirtschaftslehre als Wissenschaft angeführt wird (15). Allerdings muB man sich darüber im klaren sein, daB die Abgrenzung einer Disziplin, ein geschlossenes System, nicht von allen Betriebswirtschaftern als Kriterium für die Wissenschaftlichkeit angesehen wird. ",28,"[124, 732, 875, 842]",188,2.0164158596224166e+18,
2016415859622416686,W109684747,text,"Es ist also festzustellen, daB sich die Operationsforschung bei ihren Analysen wohl wissenschaftlicher Verfahren bedient; gleichzeitig mu aber bemerkt werden, daB eine Sammlung von Verfahren, und seien sie auch wissenschaftlich, noch keine eigenständige Wissenschaft ausmacht, wenn nicht, wie erwähnt, ein eigenes Erkenntnisobjekt vorhanden ist. Wohl ist die Methode ein verbindendes Band, aber das Vorhandensein eines Objektes ist ausschlaggebender. Je nachdem, ob man bereit ist, die Operation als einen solchen Gegenstand anzuerkennen, oder nicht, wird dann auch die Entscheidung für oder gegen den Wissenschaftscharakter der allgemeinen Operationsforschung ausfallen. ",28,"[124, 853, 875, 908]",189,2.0164158596224166e+18,
2016415859622416689,W109684747,text,,29,"[124, 124, 875, 234]",192,2.0164158596224166e+18,
2016415859622416690,W109684747,text,"Die zahlreichen Verfahrenstechniken, mit denen die betriebswirtschaftliche Operationsforschung arbeitet, können allesamt ebenfalls als wissenschaftlich bezeichnet werden. Da sie aber naturwissenschaftlichen Charakter haben, ist ihre Anwendungsmöglichkeit in der Betriebswirtschaftslehre auf jene Leistungsbereiche beschränkt, in denen Kausalzusammenhänge bestehen. Um welche Funktionsbereiche es sich handelt, welche Voraussetzungen gegeben sein müssen, um operationsanalytische Verfahren anwenden zu können, wird der Inhalt späterer Abschnitte sein. ",29,"[126, 244, 875, 390]",193,2.0164158596224166e+18,
2016415859622416693,W109684747,title,V. Abgrenzung der Operations Research gegen verwandte Disziplinen,30,"[216, 185, 779, 237]",196,,1.0
2016415859622416694,W109684747,text,"Dieses Kapitel hat nur einen einleitenden Charakter: Es werden lediglich einige grundsätzliche Punkte herausgestellt und keineswegs sämtliche Beziehungen zwischen der Betriebswirtschaftslehre und der betriebswirtschaftlichen Operationsforschung behandelt. Das ist die Aufgabe der ganzen Arbeit und nicht nur eines Teilabschnittes. Trotzdem ist es zum weiteren Verständnis unerläBlich, schon an dieser Stelle die Begriffe gegeneinander abzugrenzen. ",30,"[124, 248, 875, 358]",197,2.0164158596224166e+18,
2016415859622416695,W109684747,text,"Die betriebswirtschaftliche Operationsforschung ist als strategische Planungsrechnung ein Teil der Betriebswirtschaftslehre. Ihre mathematisch-statistischen Verfahrenstechniken nehmen, und mögen sie als Mathematik und Statistik selbständige Disziplinen sein, der Betriebswirtschaftslehre gegenüber die Stellung von Hilfsmitteln ein. Diese Feststellung hat eine groBe praktische Bedeutung. Ob nämlich eine bestimmte operationsanalytische Verfahrenstechnik angebracht und das sich daraus ergebende Resultat richtig ist, wird nicht von der Mathematik oder Statistik entschieden, sondern von betriebswirtschaftlichen Erfordernissen. In der Literatur ist das nicht immer gebührend berücksichtigt. Dort werden nicht selten die aus der mathematischen Rechnung resultierenden Ergebnisse für unumstöBlich gehalten und Einsprüche von betriebswirtschaftlicher Seite als ziemlich irrelevant betrachtet. Nach dem gerade festgestellten Befund ist aber für die Entscheidung ,richtig oder falsch"" in erster Linie bzw. in letzter Instanz die Betriebswirtschaftslehre zuständig. Es kommt nicht nur auf formale Aussagen an, sondern auch auf die Bestimmung des Inhalts. Daher behauptet Wittmann auch, daB das Problem, welche GröBe der Unternehmer optimieren solle, also etwa Gewinn, Umsatz, Rentabilität, Sicherheit, Nutzen usw., betriebswirtschaftlich stets von bestimmender Bedeutung gewesen ist (1). Selbst der Mathematiker Allen sagt, da die Möglichkeit der Anwendung der Mathematik nicht übertrieben werden dürfe; ,die geltenden Gesetze und die auftretenden RegelmäBigkeiten liefert die Mathematik nicht"" (2). ",30,"[124, 369, 875, 755]",198,2.0164158596224166e+18,
2016415859622416696,W109684747,text,"Zahlreiche Autoren, die sich mit dem Thema der Operationsforschung beschäftigen, formulieren deren Aufgaben so, daB kein Unterschied mehr zwischen ihr und der Betriebswirtschaftslehre festzustellen ist. Bestenfalls wird in diesen Fällen nur zwischen unternehmerischen und nicht-unternehmerischen Entscheidungen oder aber zwischen unternehmerischer und exekutiver Tätigkeit unterschieden. Sehr deutlich kommt das beispielsweise bei Camp zum Ausdruck, für den die Operationsforschung eine umfassende einheitliche Wissenschaft darstellt, in der ,Marktforschung, Betriebstechnik, Qualitätskontrolle, statistische Qualitätskontrolle und vieles andere ... als Zweige ... der OR angesehen werden"" können (3). Hier verschwimmen nicht nur die Grenzen zwischen der Betriebswirtschaftslehre und der Operationsforschung, sondern hier sind beide kongruent. ",30,"[124, 764, 875, 892]",199,2.0164158596224166e+18,
2016415859622416697,W109684747,text,,31,"[122, 125, 875, 217]",200,2.0164158596224166e+18,
2016415859622416698,W109684747,text,"Und doch besteht ein Unterschied, der bereits dadurch charakterisiert wurde, daβ die betriebswirtschaftliche Operationsforschung als ein Teilgebiet der Betriebswirtschaftslehre bezeichnet wurde. Sie reicht bei weitem nicht an die sachliche Problemfülle der Betriebswirtschaftslehre heran, schon allein deshalb nicht, weil sie als LeistungsgröBenrechnung ein Zweig des Rechnungswesens ist, das seinerseits die nicht quantitativ bedingten Tatsachen eines Betriebes gar nicht fassen kann. Darüber hinaus ist das Erkenntnisobjekt der betriebswirtschaftlichen Operationsforschung von jenem der Betriebswirtschaftslehre unterschiedlich. Hier ist es die abstrakte, leere Operation, dort der Betrieb und seine Leistungen. Man könnte vielleicht in Anlehnung an die von Walther (4) gemachte Unterscheidung zwischen Erfahrungsobjekt der Betriebswirtschaftslehre (Betrieb oder Unternehmung) und deren Erkenntnisobjekt (die Beziehungen und ihre Abläufe) vermuten, daβ sich das Erkenntnisobjekt der Betriebswirtschaftslehre mit der Operation deckt. Das trifft aber deshalb nicht zu, weil ebenfalls Walther letzten Endes die mit der Institution eng verbundene Funktion meint. ",31,"[124, 224, 877, 519]",201,2.0164158596224166e+18,
2016415859622416699,W109684747,text,"Ein weiterer Unterschied zwischen der leistungsorientierten Betriebswirtschaftslehre und der betriebswirtschaftlichen Operationsforschung ist darin zu sehen, daB die erstere ein zusammenhängendes Wissensgebäude ist, während die Operationsforschung gemäB der in den USA vorherrschenden pragmatischen Einstellung die gerade auftretenden Probleme aufgreift und ohne Bezugnahme auf eine systematische Einordnung zu lösen versucht. Churchman (5) fordert zwar, daB sich die Operationsforschung nicht nur mit der ZweckmäBigkeit von gerade akuten MaBnahmen beschäftigen dürfe, sondern daB sie sich auch mit grundlegenden Fragen auseinandersetzen müsse, aber letzten Endes bleibt es, abgesehen von Sonderfällen, bei dieser Aufforderung. Das ist verständlich, denn die meisten Operationsforscher stehen auf jenem Standpunkt, den von Neumann und Morgenstern (6) mit den Worten umschrieben haben, daB nur jene, welche die Schwierigkeiten der wissenschaftlichen Arbeit nicht sehen, versucht sind, universale Systeme zu konstruieren. ",31,"[130, 528, 881, 784]",202,2.0164158596224166e+18,
2016415859622416700,W109684747,title,1. Betriebswirtschaftliche Operationsforschung und Betriebswirtschaftspolitik,31,"[282, 810, 731, 848]",203,2.0164158596224166e+18,2.0
2016415859622416701,W109684747,text,"Eine Konfrontation der beiden Disziplinen Betriebswirtschaftslehre und betriebswirtschaftliche Operationsforschung wäre unvollständig, wenn man nicht auf die Rolle der Betriebswirtschaftspolitik einginge. Die Notwendigkeit ergibt sich zwangsläufig daraus, daB die betriebswirtschaftliche Operationsforschung Unterlagen für die Unternehmungspolitik, also für die Betriebswirtschaftspolitik liefert. ",31,"[133, 856, 881, 911]",204,2.0164158596224166e+18,
2016415859622416705,W109684747,text,,32,"[126, 125, 877, 178]",208,2.0164158596224166e+18,
2016415859622416706,W109684747,text,"Die Gegenüberstellung der Betriebswirtschaftslehre und der Betriebswirtschaftspolitik kennen wir als das alte Problem ,,reine und angewandte Wissenschaft"" oder ,,Theorie und Politik"". In der Wissenschaft vom Betrieb, wie der gemeinsame Begriff für die Betriebswirtschaftslehre und Betriebswirtschaftspolitik hier lauten soll, macht sich in zunehmendem MaBe die Hinwendung zu wirtschaftspolitischen Problemen bemerkbar. Man besinnt sich wieder darauf, daB die Wirtschaftswissenschaften ursprünglich als politische Ökonomie gelehrt wurden. Es interessieren nicht mehr allein abstrakte theoretische Befunde, sondern auch Hinweise darauf, wie man handeln müsse, um ein gegebenes Ziel zu erreichen, um für einen bestimmten Zweck Mittel optimal einzusetzen. Es wird von dem Wissenschaftler nicht erwartet, da er selbst handelt, sondern nur, dab er Richtlinien gibt, die theoretisch fundiert, d. h. also wissenschaftlich begründet sind. Diese Empfehlungen haben noch einen vollkommen theoretischen Charakter, sie sind theoretische Wirtschaftspolitik, sind Wirtschaftspolitik als Wissenschaft. ",32,"[124, 191, 877, 467]",209,2.0164158596224166e+18,
2016415859622416707,W109684747,text,"Natürlich muB die Betriebswirtschaftspolitik auf der Betriebswirtschaftslehre basieren, ohne deren Erkenntnisse sie gar nicht auskommen könnte. Es ist aber auch verständlich, daB eine Analyse des Seins zwangsläufig zu der Gestaltung des Seins hinüberleitet. Was in der Seins-Analyse (Betriebswirtschaftslehre) als wahr gefunden wird, muB doch als Leitmaxime für das Sollen (Betriebswirtschaftspolitik) geeignet sein. ",32,"[124, 479, 875, 589]",210,2.0164158596224166e+18,
2016415859622416708,W109684747,text,"Das Sein und das Sollen, die Theorie und die Politik, bereiten der Wissenschaft seit jeher Schwierigkeiten und haben zu der Bildung verschiedener Lager geführt. Die funktionale Betrachtungsweise will diese Grenzen zwischen Sein und Sollen überwinden; sie ist dazu in der Lage, weil Wesens- und Werterkenntnis für sie eine Einheit bilden. ",32,"[124, 602, 873, 691]",211,2.0164158596224166e+18,
2016415859622416709,W109684747,text,"Die so verstandene Betriebswirtschaftspolitik ist jener Teil der Wirtschaftstheorie, welcher die Leitsätze für die jeweils vollkommenste Gestaltung der Wirtschaft (in diesem Falle der Betriebswirtschaft) ableitet (7). Gerade das will aber auch die Operationsforschung mit Hilfe ihrer spezifischen Verfahrenstechniken erreichen. Sowohl bei ihr als auch bei der Betriebswirtschaftspolitik geht es um Entscheidungen, MaBnahmen, Taten, Aktionen und deren optimale Durchführung. Die Formeln und Zahlen sollen nicht nur das Sein abbilden, sondern das Handeln direkt beeinflussen. Der ganze mathematische Aufwand dient nicht wie etwa in der Produktions- und Kostentheorie der reinen Erkenntnis, sondern der Unternehmungspolitik. Da es um das Sollen und weniger um das Sein geht, kann nunmehr die betriebswirtschaftliche Operationsforschung richtigerweise als Teil der Betriebswirtschaftspolitik bezeichnet werden. Es geht um die Schaffung von Unterlagen für Entscheidungen, und die ,Entscheidung"" ist in erster Linie ein Begriff der Wirtschaftspolitik. Die enge Verwandtschaft zwischen der Operationsforschung und der Politik ersieht man auch aus der groBen Bedeutung, welche die Entscheidungstheorie (Decision Theory) in der Operationsforschung hat. Die angelsächsische Entscheidungstheorie deckt sich weitgehend mit der deutschsprachigen Betriebswirtschafts- bzw. Unternehmungspolitik. Beide beschäftigen sich mit Zielsetzungen (objectives) und Entscheidungen bzw. MaBnahmen (decisions), weshalb Sandig mit Recht sagt, da die Theorie der betriebswirtschaftlichen Entscheidungen, die Führungslehre und die wissenschaftliche Betriebswirtschaftspolitik das gleiche wissenschaftliche Ziel haben (8). Im Englischen werden die Worte ,decision-maker"" und ,,policy-maker"" im gleichen Sinne verwendet (9). ",32,"[124, 704, 873, 907]",212,2.0164158596224166e+18,
2016415859622416712,W109684747,text,,33,"[124, 124, 875, 363]",215,2.0164158596224166e+18,
2016415859622416713,W109684747,text,"Sorgfältig von der Betriebswirtschaftspolitik als einer Lehre von den Zielsetzungen und Entscheidungen (Sandig) (10) ist die betriebswirtschaftliche Kunstlehre im Sinne eines Kataloges von Rezepten zu unterscheiden. Die letztere ist zweifellos keine wissenschaftliche Disziplin. Wenn die Managementlehre ein geschlossenes Systemgebäude und nicht nach allen Seiten offen wäre, dann könnte man sie sogar als eine Art Betriebswirtschaftspolitik bezeichnen. Denn in beiden Fällen stehen Planung, Kontrolle, Budgetierung im Vordergrund des Interesses. Hier wie dort wird nicht gerechnet, um ein Rechenresultat zu bekommen, sondern ,,um die Elemente einer neuen möglichen Kombination zu finden"" (11). Das Kombinieren von Elementen, die kombinativen Akte kennzeichnen sowohl die Managementlehre als auch die Betriebswirtschaftspolitik. So aber ist die Managementlehre, wissenschaftlich betrachtet, nicht einmal eine Theorie der Entscheidungen, sondern lediglich eine Sammlung von - allerdings wertvollen - Maximen und Pragmatismen, also eine Kunstlehre. Geradezu paradoxerweise läBt daher die an und für sich rational eingestellte Managementlehre deshalb, weil sie nicht systembefangen ist, der Intuition, dem Einfall, weitgehend Raum. Es wäre nun naheliegend, die betriebswirtschaftliche Operationsforschung als zur Managementlehre gehörig zu bezeichnen; dem steht auch an und für sich nichts entgegen, und der ad-hoc-Charakter vieler operationsanalytischer Probleme entspricht vollkommen der systemoffenen Managementlehre. Trotzdem nimmt die Operationsforschung eine Zwitterstellung ein; einerseits ist sie dadurch gekennzeichnet, daB sie wie die Managementlehre gerade jene Fragen der Unternehmungsführung herausgreift und behandelt, die gerade akut sind, und dabei Verfahren anwendet, die gerade für diesen Spezialfall geeignet sind, andererseits aber will sie eine echte Theorie sein, eine Lehre mit Gesetzmäbigkeiten und daher mit einem System. ",33,"[126, 371, 877, 856]",216,2.0164158596224166e+18,
2016415859622416714,W109684747,text,"Da es in der vorliegenden Arbeit nicht um eine Klärung der Detailunterschiede zwischen der Betriebswirtschaftspolitik und der Managementlehre geht, sondern um die Stellung der Operationsforschung in der Betriebswirtschaftslehre bzw. Betriebswirtschaftspolitik, kann man - insbesondere deshalb, weil die Hinwendung zu Zukunftsproblemen der Unternehmungsleitung, die ,politischen"" Zielsetzungen sowohl die Managementlehre als auch die Betriebswirtschaftspolitik charakterisieren - die Operationsforschung ohne weiteres als Teil der Betriebswirtschaftspolitik, etwa als Rechnungswesen einer ,systemoffenen Betriebswirtschaftspolitik"" bezeichnen, als ein systemoffenes Rechnungswesen mit der Tendenz zur Verwissenschaftlichung. ",33,"[124, 869, 875, 905]",217,2.0164158596224166e+18,
2016415859622416718,W109684747,text,,34,"[126, 124, 875, 270]",221,2.0164158596224166e+18,
2016415859622416719,W109684747,text,"Aus der Aufgabe der Betriebswirtschaftspolitik als Wissenschaft ergibt sich deren hoher Rang. Sie ist nicht eine bloBe Kunstlehre, sondern als AbschluB der Betriebswirtschaftslehre der wesentlichste Bestandteil der Betriebswirtschaftslehre, geradezu die Krönung dieser Disziplin (12). ",34,"[126, 282, 875, 354]",222,2.0164158596224166e+18,
2016415859622416720,W109684747,text,"Es ist auch kein Zufall, sondern liegt in der Zeit begründet, welche die wissenschaftliche Problemstellung bestimmt, wenn Sandig ein Buch unter dem Titel ,Die Führung des Betriebes - Betriebswirtschaftspolitik"" schreibt und darin sagt, ,mir aber will es scheinen, es sei an der Zeit, da die Betriebswirtschafter ihre Aufmerksamkeit der Betriebswirtschaftspolitik zuwenden ..."", oder wenn Henzel feststellt (13), daB es nicht nur darauf ankomme, das Wesen des Betriebes zu ergründen, sondern daB vor allem auch die Betriebsführung betreut werden müsse. ",34,"[126, 364, 875, 509]",223,2.0164158596224166e+18,
2016415859622416721,W109684747,text,",,Die betriebswirtschaftliche Theorie müBte ... durch eine angewandte Wissenschaft ergänzt werden"", sagt Henzel, meint die Betriebswirtschaftspolitik, wenn er von der ,,angewandten"" Betriebswirtschaftslehre spricht, und versteht darunter die Gewinnung von Richtlinien und die Regeln für die Unternehmungsführung. Dieser Meinung Henzels, daB die betriebswirtschaftliche Theorie durch eine angewandte Wissenschaft ergänzt werden müsse, steht jene von Walther entgegen, für den die Betriebswirtschaftslehre bereits eine angewandte Wissenschaft ist (14). Auch für Lehmann (15) steht die Betriebswirtschaftslehre als Teildisziplin der Einzelwirtschaftslehre, wissenschaftssystematisch gesehen, innerhalb der angewandten Wissenschaften. Illetschko lehnt die Bezeichnung ,,angewandte Wissenschaft"" für die Betriebswirtschaftslehre überhaupt ab; diese ist für ihn eine praktische Wissenschaft, eine Realwissenschaft, der es nicht zusteht, Normen zu setzen, für die es die Frage ,,theoretische oder angewandte Wissenschaft"" gar nicht gibt (16). Seyffert wiederum trennt die politische Seite der Betriebswirtschaftslehre von der theoretischen. Während die Betriebswirtschaftslehre als Theorie sich Selbstzweck ist, gehe es der Politik um die Ausbildung eines Systems von Verfahrensregeln für die beste Art und Weise der Betriebsführung (17). Ersetzt man in dieser Seyffertschen Definition die Politik durch den Ausdruck ,betriebswirtschaftliche Operationsforschung"", so begeht man, wenn man qualitative Verfahrensregeln ausscheidet, keinen allzu groBen Fehler. Die Parallele ist verblüffend. ",34,"[124, 520, 875, 907]",224,2.0164158596224166e+18,
2016415859622416724,W109684747,text,"Grundsätzlich darf man wohl sagen, dab die funktionale Auffassung der Betriebswirtschaftslehre mehr als die institutionale zur Betriebswirtschaftspolitik drängt. Wer als Wissenschaftler den Schwerpunkt auf die Leistungen legt, den werden auch die Gesetzmäbigkeiten des Handelns stärker fesseln, und er wird sich veranlat sehen, eine Betriebswirtschaftspolitik aufzubauen. ",35,"[122, 125, 871, 217]",227,2.0164158596224166e+18,
2016415859622416725,W109684747,text,"Vom Standpunkt einer funktionalen Betriebswirtschaftslehre aus muB man den Begriff der angewandten Wissenschaft ablehnen, weil es zwar noch eine theoretische Wirtschaftspolitik, aber keine Wissenschaft von der Anwendung mehr gibt. ",35,"[122, 224, 873, 296]",228,2.0164158596224166e+18,
2016415859622416726,W109684747,text,"Unter der Betriebswirtschaftspolitik wird im vorliegenden Zusammenhang nicht die Umbildung überbetrieblicher Leistungsbereiche durch überbetriebliche Instanzen zum Zwecke der Förderung der Betriebe verstanden, sondern die Gestaltung der innerbetrieblichen Verrichtungen und Betriebsabteilungen durch die Unternehmungsführung. Diese Betriebswirtschaftspolitik ist also eine ,,Wirtschaftspolitik der Betriebe"", ist die Gesamtheit der MaBnahmen, die von der Unternehmungsführung (Unternehmer bzw. Betriebsführer, einschlieBlich des leitenden Mitarbeiterstabes) ergriffen werden, um die Verrichtungen im Betrieb optimal zu gestalten, die Fruchtbarkeit der Leistungen zu erhöhen. (Siehe auch Sandig, C., ,In der Betriebswirtschaftspolitik erblicke ich ... kurz eine Lehre von der Führung des Betriebes"".) Die von der Unternehmungsführung bereitgestellten Leistungen haben einen organisierenden Charakter; sie unterscheiden sich deutlich von den Verrichtungen der Ausführungsabteilungen, in denen erzeugt, gelagert, transportiert und verkauft wird. Die Ausführungsleistungen ,,müssen geleitet, organisiert, betreut werden"" (18), und diese Betreuung innerhalb des Betriebes durch die Unternehmungsleitung sei als Betriebswirtschaftspolitik bezeichnet. ",35,"[126, 303, 877, 617]",229,2.0164158596224166e+18,
2016415859622416727,W109684747,text,"Weil das Ziel der betriebswirtschaftlichen Operationsforschung, nämlich Vorschläge, Regeln für Handlungen der Unternehmungsleitung zu geben, auch die Aufgabe jenes Teilgebietes der Betriebswirtschaftslehre ist, das als Unternehmungspolitik bezeichnet wird, sagt Wittmann mit Recht, daB zwischen den Aufgaben der Verfahrensforschung und den Aufgaben, wie sie der Unternehmungspolitik als Bestandteil der Betriebswirtschaftslehre zugeordnet sind, vollkommene Ubereinstimmung bestehe (19). ",35,"[128, 625, 879, 753]",230,2.0164158596224166e+18,
2016415859622416728,W109684747,text,"Deutlich trennt auch unter jenen Autoren, die sich mit der Operationsforschung befassen, Frenckner die Ziele der betriebswirtschaftlichen Forschung in die beiden Gruppen ,Reine Lehre"" und ,,Politik"". Während es die Aufgabe der ,Verhaltensforschung"" ist, eine Erklärung der wirtschaftlichen Vorgänge zu geben, geht es der ,Instrumentenforschung"" um die Schaffung besserer Grundlagen für unternehmerische Entscheidungen. Der Verhaltensforschung entsprechen die aus der Empirie abgeleiteten Beschreibungsmodelle, der Instrumentenforschung die Entscheidungsmodelle, die einen hypothetischen Charakter haben. ",35,"[128, 762, 879, 908]",231,2.0164158596224166e+18,
2016415859622416731,W109684747,title,2. Betriebswirtschaftliche Operationsforschung und Betriebsökonometrie,36,"[145, 124, 844, 143]",234,2.0164158596224166e+18,2.0
2016415859622416732,W109684747,text,"Der grundlegende Unterschied zwischen der betriebswirtschaftlichen Operationsforschung und der Betriebsökonometrie liegt darin, daB die betriebswirtschaftliche Operationsforschung ein Teilgebiet der Betriebswirtschaftspolitik ist, während die Betriebsökonometrie der Betriebswirtschaftslehre zuzuordnen ist. Diese Meinung wird aber nicht einheitlich vertreten. Während Frenckner (20) in ähnlicher Weise feststellt, da sich die Ökonometrie auf die Konstruktion von Erklärungsmodellen beschränkt und darauf verzichtet, Unterlagen für Entscheidungen zu schaffen, findet man bei Menges (21) als eines der drei Hauptprobleme der Ökonometrie die ,Vorhersage""; diese hat zwar noch nicht unbedingt zur Gänze politischen Charakter, aber leitet zweifellos schon in die Wirtschaftspolitik hinüber. ",36,"[124, 156, 873, 356]",235,2.0164158596224166e+18,
2016415859622416733,W109684747,text,"Die Ökonometrie ist das Grenzgebiet zwischen der mathematischen Wirtschaftstheorie und der Statistik. Je nachdem, von welcher Seite man sie betrachtet, kann man sie als statistische Verifizierung theoretisch begründeter Lehrmeinungen oder als mathematische Wirtschaftstheorie, die mit gemessenen Grö- Ben arbeitet (22), definieren. ",36,"[126, 369, 873, 460]",236,2.0164158596224166e+18,
2016415859622416734,W109684747,text,"Sie will eine Brücke zwischen den beiden Disziplinen sein und dazu beitragen, dab die Theorie ihre Gesetze so formuliert, dab sie einer statistischen Prüfung zugänglich sind, und andererseits die Statistik auf wirtschaftstheoretische Anliegen Rücksicht nimmt. Es werden also theoretische Modelle, beispielsweise betriebswirtschaftliche Produktionsmodelle, empirisch untermauert bzw. daraufhin geprüft, ob sie überhaupt zu Recht bestehen. Während die Statistik ,selbst bei Anwendung sehr verfeinerter Berechnungsmethoden verhältnismäBig an der Oberfläche der Dinge bleibt"" (23) und nicht in die Tiefe der Probleme eindringt, nur Elementarstufe ist (24), vermag die Ökonometrie, der es eben nicht nur auf die bloBen GröBen und den Verlauf der Phänomene (Preise, Beschäftigtenzahl, Produktion, Nachfrage, Angebot usw.) ankommt, die Beziehungen zwischen den Phänomenen, die in einem kausalen Zusammenhang miteinander stehen, aufzudecken. Nach Menges ist die Ökonometrie zwar kein Allheilmittel, aber immerhin die einzige Methode, welche in der Lage ist, die Kluft zwischen den theoretischen Aussagen, die die Betriebswirtschaftslehre über die Betriebsprozesse macht, und den tatsächlichen betrieblichen Geschehnissen zu überbrücken. Einschränkend setzt er hinzu, daB natürlich nur jene Vorgänge gemeint seien, die zahlenmäig erfabar sind. ",36,"[124, 473, 875, 804]",237,2.0164158596224166e+18,
2016415859622416735,W109684747,text,"Der Betriebsökonometrie kommt es also darauf an, die Phänomene der Wirtschaftstheorie (Preise, Kosten, Auftragsstand, Nachfrage usw.) gröBenmäbig zu erfassen und gesetzmäBige Beziehungen zu berechnen; sie kann daher mit der LeistungsgröBenlehre der Betriebswirtschaftslehre, also dem Rechnungswesen im weitesten Sinne, gleichgesetzt werden. Während aber das Rechnungswesen in der funktionalen Betriebswirtschaftslehre nur den Charakter einer Indexrechnung hat, d. h. lediglich das unter der Oberfläche der Zahl sich abspielende wirtschaftliche Leben darstellen will, stellt sich, wie erwähnt, die Ökonometrie die Aufgabe, mittels der Zahl Gesetze abzuleiten. Dazu ist sie verständlicherweise nur dann imstande, wenn sie Kausalzusammenhänge bei den von ihr behandelten Phänomenen annimmt. ",36,"[126, 817, 875, 908]",238,2.0164158596224166e+18,
2016415859622416738,W109684747,text,,37,"[122, 124, 875, 234]",241,2.0164158596224166e+18,
2016415859622416739,W109684747,text,"Im allgemeinen liegt das Schwergewicht der Ökonometrie auf nationalökonomischem Gebiet. Es steht aber einer Anwendung auf betrieblicher Ebene nichts im Wege, weshalb Tinbergen, der von der Anwendung auf mikroökonomische Probleme spricht, auch meint, daB die Ökonometrie ebenfalls für Einzelbetriebe wertvoll sein könne. Eindeutig auf den Betrieb zugeschnitten ist die Arbeit von Adam ,Probleme und Methoden einer Betriebsökonometrie"" (25). Für Adam entwickelt sich die aktive Betriebsökonometrie zu einem höheren betrieblichen Rechnungswesen. ",37,"[126, 246, 877, 392]",242,2.0164158596224166e+18,
2016415859622416740,W109684747,title,3. Betriebswirtschaftliche Operationsforschung und Betriebswissenschaft,37,"[151, 434, 846, 452]",243,2.0164158596224166e+18,2.0
2016415859622416741,W109684747,text,"Unter der Betriebswissenschaft versteht man im Gegensatz zur Betriebswirtschaftslehre entweder die bloBe Arbeitswissenschaft oder in Anlehnung an das angelsächsische ,Industrial Engineering"" die Lehre vom Aufbau und den Funktionen jener Betriebsbereiche, die durch die Technik bestimmt werden. Zum Teil handelt es sich um rein technische oder technologische Probleme, aber eine ganze Reihe betriebswissenschaftlicher Fragen geht über das Technische hinaus und bekommt einen wirtschaftlichen, nämlich betriebswirtschaftlichen Charakter. Die Grenzen sind nicht klar gezogen und werden es auch nie sein; einfach deshalb nicht, weil sich im lebendigen Betrieb die Bereiche des Kaufmanns und des Technikers immer irgendwo überschneiden werden. ",37,"[126, 465, 877, 648]",244,2.0164158596224166e+18,
2016415859622416742,W109684747,text,"Der Gegenstand der Betriebswirtschaftslehre ist der Gesamtbetrieb mit allen seinen Funktionsbereichen, das Objekt der Betriebswissenschaft ist der industrielle Erzeugungsbetrieb und der in ihm ablaufende Produktionsproze. ",37,"[126, 661, 877, 714]",245,2.0164158596224166e+18,
2016415859622416743,W109684747,text,"Man kann die Probleme der Betriebswissenschaft, wie z. B. die Produktgestaltung, Maschinenanordnung und MaterialfuB, Unfallschutz, Produktionslenkung, Qualitätskontrolle, Arbeitsstudien, Automation usw., sowohl von der betriebswirtschaftlichen als auch von der betriebstechnischen Seite aus sehen. Dabei nähert sich die Betriebswirtschaftslehre den Phänomenen von der finanziellen und marktlichen Seite, die Betriebswissenschaft von der reinen Technologie. Manche Autoren bezeichnen daher auch die Betriebswissenschaft überhaupt als technische Disziplin (26). Wer in einem konkreten Betrieb mit der Behandlung dieser Fragen betraut wird, hängt mehr von der Persönlichkeit des Sachbearbeiters als von dessen Ausbildung ab. ",37,"[128, 729, 879, 913]",246,2.0164158596224166e+18,
2016415859622416746,W109684747,text,"Die Betriebswissenschaft könnte auch ohne weiteres mit dem Begriff ,ökonomisch-technische Betriebsführung"", der von Keachie (27) als Ubersetzung für Industrial Engineering vorgeschlagen wird, gleichgesetzt werden. Dieser Ausdruck gibt die Grenzstellung der Disziplin zwischen der Betriebswirtschaftslehre und der Betriebstechnik treffend wieder. Er deckt sich inhaltlich auch mit der sogenannten wissenschaftlichen Betriebs- und Unternehmungsführung. ",38,"[122, 125, 875, 234]",249,2.0164158596224166e+18,
2016415859622416747,W109684747,text,"Vom Standpunkt eines geschlossenen Systems der Betriebswirtschaftslehre aus ist die Entstehung einer eigenen Betriebswissenschaft nicht opportun, weil es sich immer wieder zeigt, daB die Betriebswissenschaftler über ihr Gebiet hinausgehen, sich mit Fragen auseinandersetzen, die anderen als technischen oder technologischen GesetzmäBigkeiten unterliegen. Die Forderung nach einer Integrierung der Betriebswissenschaft mit der Betriebswirtschaftslehre, wie sie z. B. auch Bredt (28) fordert, wird aber nicht deshalb gestellt, weil ängstlich und eifersüchtig Kompetenzen abgegrenzt werden sollen, sondern deshalb, weil zwischen der Betriebstechnik und der Betriebswirtschaftslehre grundsätzliche Unterschiede in der Methodik bestehen. Während aber der Betriebswirt kaum in die Versuchung kommt, seine Verfahren auf technische Probleme anzuwenden, ist es umgekehrt gang und gäbe, die technisch-naturwissenschaftliche Methode auf betriebswirtschaftliche Probleme auszudehnen. ",38,"[122, 244, 875, 481]",250,2.0164158596224166e+18,
2016415859622416748,W109684747,text,"Man kann dem Techniker keine Vorwürfe machen, sondern muB ihm im Gegenteil für seine Arbeit auf diesem Gebiet dankbar sein, weil er erstens dieses Vakuum zwischen der Betriebswirtschaftslehre und der Betriebstechnik gefüllt hat und seine Arbeit darüber hinaus der betriebswirtschaftlichen Forschung auf dem Gebiete der Unternehmungsführung starke Impulse gegeben hat. Vielleicht könnte man sogar sagen, da® er wesentlich dazu beigetragen hat, dab die moderne Unternehmungspolitik, also die theoretische Betriebswirtschaftspolitik, heute so stark die Gemüter bewegt. Die betriebswirtschaftliche Operationsforschung schlieBlich, und damit sind wir bei der Gegenüberstellung angelangt, verdankt dem Betriebswissenschaftler auBerordentlich viel. Zahlreiche, ja die meisten ihrer Probleme gehören in das Gebiet der Betriebswissenschaft und gar nicht in jenes der Betriebswirtschaftslehre, ganz abgesehen von jenen Fragen, die offensichtlich rein technischer Natur sind. Eine Fülle von Beispielen, wie man sie in der Literatur der betriebswirtschaftlichen Operationsforschung antrifft, sind dem betriebswissenschaftlichen Problemkreis entnommen, weshalb Witte (29) gar nicht so unrecht hat, wenn er die Operationsforschung als im Ausland entstehende neuartige Verfahren der Betriebswissenschaft bezeichnet. Auch nach Johnson (30) gibt es nur geringfügige, jedenfalls keine wesentlichen Unterschiede zwischen der Operationsforschung und dem Industrial Engineering. ",38,"[124, 494, 875, 861]",251,2.0164158596224166e+18,
2016415859622416749,W109684747,text,"Wenn man bedenkt, welche Aufmerksamkeit der betriebswirtschaftlichen Operationsforschung entgegengebracht wird, so darf man sogar vermuten, dab sie die Kraft haben wird, die Betriebswirtschaftslehre und die Betriebswissenschaft einander näherzubringen, vielleicht sogar zu integrieren. Es besteht aber auch die Gefahr, nämlich dann, wenn die Betriebswirtschaftslehre die betriebswirtschaftliche Operationsforschung nicht zur Kenntnis nimmt, daB die letzte ganz in der Betriebswissenschaft aufgeht bzw. umgekehrt die Betriebswissenschaft, die wissenschaftliche Unternehmungsführung, zur betrieblichen Operationsforschung wird. Dann wird Frenckners Feststellung, daB die wissenschaftliche Betriebsführung eine Vorläuferin der Verfahrensforschung in den Wirtschaftsbetrieben sei, wörtlich zu nehmen sein (31). ",38,"[124, 871, 877, 907]",252,2.0164158596224166e+18,
2016415859622416752,W109684747,text,,39,"[126, 124, 875, 289]",255,2.0164158596224166e+18,
2016415859622416755,W109684747,title,VI. Konventionelles und strategisches Rechnungswesen,40,"[126, 185, 875, 211]",258,,1.0
2016415859622416756,W109684747,text,"Aus der Definition der betriebswirtschaftlichen Operationsforschung als strategische Planungsrechnung ergibt sich zweierlei: erstens, daB sie dem Rechnungswesen angehört, und zweitens, daB dieses Rechnungswesen einen strategischen Charakter hat. ",40,"[124, 225, 875, 298]",259,2.0164158596224166e+18,
2016415859622416757,W109684747,title,1. Die betriebswirtschaftliche Operationsforschung als Teil des Rechnungswesens,40,"[253, 318, 740, 356]",260,2.0164158596224166e+18,2.0
2016415859622416758,W109684747,text,"Unter dem Rechnungswesen verstehen wir im Gegensatz zur Leistungslehre die LeistungsgröBenlehre. Es erfaBt das betriebliche Geschehen zahlenmäBig, also nicht als qualitatives Leisten, sondern quantifiziert. Jedem Leistungsvorgang wird eine Zahl zugeordnet, und mit dieser Zahl wird gerechnet, weshalb vom ,Rechnungs""-Wesen gesprochen wird. Inwieweit die Leistungen, die prinzipiell qualitativen Charakter haben, quantifiziert werden können, sei hier nicht diskutiert. Es sei lediglich bemerkt, daB in einer leistungsmäBig orientierten, d. h. funktionalen Betriebswirtschaftslehre die Zahl nur eine Oberflächenerscheinung ist, ein Anzeiger für das sich unter ihr abspielende Leben, und daB daher bezüglich ihrer mathematischen Verarbeitung gewisse Einschränkungen zur Kenntnis genommen werden müssen. Die LeistungsgröBe ist von der Leistung abgeleitet, ist etwas Sekundäres. ",40,"[124, 366, 875, 583]",261,2.0164158596224166e+18,
2016415859622416759,W109684747,text,"Dieser Auffassung könnte entgegengehalten werden, dab sie sich durch nichts von jener unterscheide, die auch bei Herrmann und Magee (1), zwei Vertretern der Operationsforschung, zu finden ist. Herrmann - Magee sagen, daB es nicht auf die ,Resultate"", auf die Zahlen schlechthin, ankomme, sondern auf die Ursachen, die zu diesen Zahlen geführt haben, auf das darunterliegende physikalische System, welches durch die Zahlen repräsentiert wird (,the underlying physical system which the numbers represent""). Man müsse tiefer gehen, hinunter zu den Ursachen. So bemerkenswert diese einer Leistungslehre ähnliche Auffassung ist, so unterscheidet sie sich doch vollkommen von dieser, und zwar deshalb, weil erstens nicht die Leistungen des Betriebes, sondern die ,leeren"" Operationen gemeint sind, und zweitens, weil auch Herrmann und Magee mit Zahlen rechnen, also doch wieder zu der Oberflächenerscheinung, dem ,Resultat"", der Zahl, zurückkehren. ",40,"[124, 596, 875, 833]",262,2.0164158596224166e+18,
2016415859622416760,W109684747,text,"Ganz ähnlich steht es, wie bereits erwähnt, mit der Ökonometrie; auch sie will über die oberflächliche Behandlung der Zahlen hinausgehen und die den Erscheinungen zugrunde liegenden Ursachen erforschen, will die Frage nach dem ,Warum"" der Dinge beantworten. Wenngleich sie aber im Gegensatz zur betriebswirtschaftlichen Operationsforschung im substantiellen Bereich des Betriebes bleibt und also keineswegs nur ,leere"" Aktivitäten analysiert, muB ihr, da auch sie nur Ursache-Wirkung-Beziehungen kennt, einige Skepsis entgegengebracht werden. ",40,"[126, 845, 873, 898]",263,2.0164158596224166e+18,
2016415859622416761,W109684747,text,,41,"[124, 124, 871, 214]",264,2.0164158596224166e+18,
2016415859622416762,W109684747,text,"Das Bestreben der Vertreter der betriebswirtschaftlichen Operationsforschung, nicht bei den Zahlen stehenzubleiben, sondern die Ursachen und Wirkungen von Operationen aufzudecken, ist nicht überraschend. Man kann nicht nur rechnen, ohne die diesen Rechnungen zugrunde liegenden Sachverhalte zur Kenntnis zu nehmen. Bis zu einem gewissen Grade kann man daher vielleicht von einer Ahnlichkeit zwischen der funktionalen Betriebswirtschaftslehre und der betriebswirtschaftlichen Operationsforschung sprechen, insofern nämlich, als die erste mit der Leistungsanalyse (Qualität) beginnt und sich dann der LeistungsgröBenrechnung (Quantität) zuwendet, während die betriebswirtschaftliche Operationsforschung primär von der LeistungsgröBe ausgeht, sehr bald sieht, daB es mit der Menge allein nicht geht, und daher zur Leistungsanalyse oder, wie sie es nennt, ,,Aktivitätsanalyse"" weiterschreitet. ",41,"[126, 225, 875, 445]",265,2.0164158596224166e+18,
2016415859622416763,W109684747,text,"Wenngleich sich die funktionale Betriebswirtschaftslehre und die betriebswirtschaftliche Operationsforschung in der Aktivitäts-Leistungsanalyse wieder treffen, so sind sie doch nicht ein und dasselbe; wohl ist in der Aktivitätsanalyse die Zahl verschwunden, aber während die funktionale, leistungsorientierte Betriebswirtschaftslehre Mittel-Ziel-Verhältnisse sieht, also zweckausgerichtet ist, nimmt die Aktivitätsanalyse Ursache-Wirkung-Beziehungen an und muB daher zwangsläufig zu anderen Resultaten kommen. ",41,"[126, 457, 875, 584]",266,2.0164158596224166e+18,
2016415859622416764,W109684747,text,"Nach diesen Betrachtungen kommt man eigentlich zu dem Ergebnis, daB die betriebswirtschaftliche Operationsforschung dort, wo sie die Aktivitäten analysiert, nämlich im Stadium der Modellkonstruktion, nichts anderes als eine neuartige Betrachtungsweise betriebswirtschaftspolitischer Probleme ist. Es scheint also auf den ersten Blick die Behauptung keineswegs so abwegig zu sein, daB die betriebswirtschaftliche Operationsforschung und die Betriebswirtschaftslehre bzw. die Betriebswirtschaftspolitik ein und dasselbe seien. Es ist etwas Wahres an der Behauptung, daB man sich den Problemen eben nur mit der naturwissenschaftlichen Methode bzw. mit deren reichhaltigem mathematischstatistischem Arsenal an Verfahrenstechniken nähert, wobei nicht von den qualitativen Leistungen, sondern von den LeistungsgröBen ausgegangen wird. ",41,"[128, 594, 875, 797]",267,2.0164158596224166e+18,
2016415859622416765,W109684747,title,2. Der strategische Charakter der betriebswirtschaflichen Operationsforschung,41,"[128, 823, 873, 842]",268,2.0164158596224166e+18,2.0
2016415859622416766,W109684747,text,"Das zweite Definitionsmerkmal der betriebswirtschaftlichen Operationsforschung liegt im Ausdruck ,,strategisch"". Der Begriff der Strategie kommt aus der Militärsprache; dort hat die Strategie die Aufgabe, unter Berücksichtigung der allgemeinen militärischen (u. U. auch politischen und wirtschaftlichen) Lage den leitenden Gedanken für die Kriegsführung festzulegen, Operationsentwürfe aufzustellen und die Operationen zu überwachen. ",41,"[126, 855, 875, 908]",269,2.0164158596224166e+18,
2016415859622416769,W109684747,text,,42,"[126, 125, 875, 178]",272,2.0164158596224166e+18,
2016415859622416770,W109684747,text,"Die betriebswirtschaftliche Operationsforschung distanziert sich bewuBt vom konventionellen Rechnungswesen, das ihrer Meinung nach zwar nicht unnütz, aber für die Unternehmungsführung von geringer Bedeutung ist. Bisher habe sich das Rechnungswesen im Sammeln, Aufzeichnen und Ordnen von historischen Daten erschöpft, es komme aber darauf an, dem Unternehmer für seine Dispositionen Unterlagen an die Hand zu geben, mit denen er mehr anfangen kann. Die herkömmlichen Verfahren reichten nicht mehr aus, und es müBten in gröBerem Umfang neue (gemeint sind mathematische) Hilfsmittel herangezogen werden. Das strategische Rechnungswesen ist ganz auf die Erfordernisse der Unternehmungsführung abgestellt; es ist die Basis für die Unternehmungsstrategie und -taktik. ",42,"[124, 191, 875, 390]",273,2.0164158596224166e+18,
2016415859622416771,W109684747,text,"Diese Verschiebung in der Auffassung von dem Charakter und den Aufgaben des Rechnungswesens entspricht vollkommen der in der Leistungslehre festgestellten Betonung der Betriebswirtschaftspolitik gegenüber der Betriebswirtschaftslehre. Hier wie dort steht die Wirtschaftspolitik, steht das unternehmerische Handeln im Vordergrund und damit das Bestreben, die Zukunft bzw. das für die zukünftige Entwicklung optimale Handeln vorauszusagen. Dazu ist zugegebenermaBen das konventionelle Rechnungswesen bei manchen Problemen nicht oder, verglichen mit den neuen Techniken, nur beschränkt in der Lage. ",42,"[124, 403, 875, 549]",274,2.0164158596224166e+18,
2016415859622416772,W109684747,text,"Wäre der Begriff des konventionellen Rechnungswesens genau bestimmt, so wäre es ein leichtes, die Grenze zum strategischen Rechnungswesen zu ziehen. Das ist aber selbst theoretisch nicht leicht möglich, und zwar deshalb, weil Teile des konventionellen Rechnungswesens in starkem MaBe strategischen Charakter haben und daher eigentlich nicht mehr zum konventionellen Rechnungswesen, sofern dieses als Gegensatz zum strategischen betrachtet wird, gezählt werden dürften. Dazu gehört beispielsweise die Plankostenrechnung, die zweifellos strategischen Charakter hat. Für Schmalenbach ist auch schon die Buchhaltung und die Bilanz ein Steuerungsinstrument. Nun sind aber das konventionelle und das strategische Rechnungswesen gar kein Gegensatzpaar. Es müssen daher andere Begriffe gesucht werden, und wir finden sie, wenn wir von der ,Blickrichtung"" des Rechnungswesens ausgehen. ",42,"[126, 564, 875, 782]",275,2.0164158596224166e+18,
2016415859622416773,W109684747,text,"Um zu einer eindeutigen Standortbestimmung der betriebswirtschaftlichen Operationsforschung zu gelangen, müssen wir das Rechnungswesen grundsätzlich in zwei Gruppen einteilen: in eine zukunftsgerichtete Rechnung und in eine vergangenheitsgerichtete Rechnung. Berücksichtigt man auch noch den Umstand, daβ zwischen dem Betrieb und der Unternehmung unterschieden werden muB, so ergibt sich folgende Einteilung: ",42,"[126, 795, 875, 905]",276,2.0164158596224166e+18,
2016415859622416777,W109684747,text,Auf eine weitere Untergliederung in Perioden- und Leistungseinheitsrechnungen kann in diesem Zusammenhang verzichtet werden. ,43,"[124, 243, 873, 277]",280,2.0164158596224166e+18,
2016415859622416778,W109684747,text,"Das strategische Rechnungswesen und damit die betriebswirtschaftliche Operationsforschung ist eine zukunftsgerichtete Rechnung. Sie kann sowohl eine Rechnung der Unternehmung als auch eine solche des Betriebes sein. Während aber ihre Anwendungsmöglichkeiten in der Betriebsrechnung sehr gro sind, hat sie für die Unternehmungsrechnung nur eine geringere Bedeutung. ",43,"[124, 289, 875, 380]",281,2.0164158596224166e+18,
2016415859622416779,W109684747,text,"Die Gliederung in vergangenheitsgerichtete und zukunftsgerichtete Rechnungen erlaubt uns eine andere Einteilung des Rechnungswesens, nämlich die Gruppierung ",43,"[124, 393, 873, 448]",282,2.0164158596224166e+18,
2016415859622416780,W109684747,text,"a) dokumentäres Rechnungswesen, instrumentales Rechnungswesen. ",43,"[241, 450, 573, 486]",283,2.0164158596224166e+18,
2016415859622416781,W109684747,text,"Sofern im Rechnungswesen nur Vergangenheitszahlen gesammelt, gruppiert, sortiert werden und nur die Absicht besteht, das betriebliche Geschehen im abgelaufenen Zeitraum für steuerliche, gesetzliche oder irgendwelche Zwecksetzungen festzuhalten, hat es dokumentären Charakter, ist reine Gebarungsrechnung. Sofern es Entscheidungen über zukünftiges Geschehen fundieren will, also Führungs- und Kontrollinstrument ist, hat es instrumentalen Charakter, ist Planungsrechnung. ",43,"[126, 497, 875, 628]",284,2.0164158596224166e+18,
2016415859622416782,W109684747,text,"Während das dokumentäre Rechnungswesen hinsichtlich der zu treffenden Entscheidungen ziemlich ,,neutral"" bleibt, also dem Entscheidenden alle Möglichkeiten zum Handeln offenläBt, ergreift das strategische Rechnungswesen Partei. Es läBt der Unternehmungsleitung den Weg nicht mehr vollkommen offen, sondern schreibt ihr diesen, sofern rational gehandelt werden soll, bis zu einem gewissen Grade vor. ",43,"[128, 639, 875, 749]",285,2.0164158596224166e+18,
2016415859622416783,W109684747,text,"Das instrumentale Rechnungswesen ist weitgehend mit dem strategischen Rechnungswesen identisch, das dokumentäre jedoch nicht notwendigerweise mit dem konventionellen, und zwar deshalb nicht, weil das letztere nur ein Zeitbegriff ist, während der Begriff des Dokumentären etwas über das Wesen aussagt. Ein Unterschied zwischen dem instrumentalen und dem strategischen Rechnungswesen ist beispielsweise darin zu sehen, daB die Lohnverrechnung, Lagerbuchhaltung, Betriebsabrechnung und Kalkulation nicht strategisch im Sinne der betriebswirtschaftlichen Operationsforschung sind. ",43,"[126, 761, 877, 908]",286,2.0164158596224166e+18,
2016415859622416786,W109684747,text,"Der von Kalussis (2) verwendete Begriff des kritischen Rechnungswesens deckt sich zwar nicht mit jenem des strategischen, doch ist er insofern im vorliegenden Zusammenhang bemerkenswert, als auch er über das dokumentäre Rechnungswesen (Bilanz und Erfolgsrechnung) hinausgeht und jene Analysen umfaBt, die im kritischen Auswerten von Primärmaterial bestehen (Bilanzanalyse, Betriebsanalyse, Betriebsvergleich). ",44,"[126, 125, 875, 234]",289,2.0164158596224166e+18,
2016415859622416787,W109684747,text,"SchlieBlich sei noch der Ausdruck ,,administratives Rechnungswesen"" angeführt, der von Adam (3) in Gegenüberstellung zum betriebsstrategischen Rechnungswesen gebraucht wird. Dieses administrative Rechnungswesen könnte wohl dem dokumentären ohne weiteres gleichgesetzt werden. Es ist dadurch gekennzeichnet, daB es sich nur elementarer Techniken, wie der einfachsten Numerik, Tabellen- und Kontentechniken, bedient, die für die Planung unzureichend sind, weshalb es auch dem betriebsstrategischen Rechnungswesen untergeordnet ist. Nach Adam projiziert das übliche Rechnungswesen kostenverursachende Betriebsgeschehnisse in das Begriffssystem der Kostenarten, Kostenträger und Kostenstellen; das sei aber zuwenig; es komme darauf an, die Grundkategorien der Kostenrechnung ,,nach informationswissenschaftlichen Kriterien in ein syntaktisch optimales Zusammenspiel"" zu bringen (4). ",44,"[126, 244, 875, 464]",290,2.0164158596224166e+18,
2016415859622416788,W109684747,text,"Der Gedanke der Uber- oder Unterordnung der verschiedenen Arten des Rechnungswesens spielt in der Literatur der betriebswirtschaftlichen Operationsforschung, wenn auch oft nicht wörtlich ausgedrückt, eine groBe Rolle. Man ist überzeugt davon, daB das strategische Rechnungswesen den Vorrang habe, und zwar nicht einen zeitlichen, sondern einen logischen. Bei aller Anerkennung des administrativen Rechnungswesens - und welcher Betriebswirtschafter wird der Buchhaltung und Kostenrechnung die Hochachtung versagen - muB dem strategischen Rechnungswesen diese vorranghaltende Stellung eingeräumt werden. Das ergibt sich einfach aus dem Vorrang der führenden organisierenden Leistungen, denen in der LeistungsgröBenlehre die strategische Planungsrechnung entspricht. Aus dieser führenden Stellung des strategischen Rechnungswesens ergibt sich für die Betriebswirtschaftslehre die Notwendigkeit, sich mit ihm zu befassen. ",44,"[126, 476, 875, 712]",291,2.0164158596224166e+18,
2016415859622416789,W109684747,text,"Das dokumentäre Rechnungswesen gibt sich also damit zufrieden, die betrieblichen Vorgänge zu bewerten und die Zahlen, welche EndgröBen sind, festzuhalten. In der Systemforschung würde man sagen, daB es nur die RegelgröBen und die Regelabweichungen bereitstellt (5). Das strategische Rechnungswesen bleibt aber bei diesen Endgröben, die sich aus den Rechenoperationen des Addierens, Subtrahierens, Multiplizierens und Dividierens und aus dem Gruppieren ergeben haben, nicht stehen, sondern verarbeitet sie weiter. Das Weiterverarbeiten besteht gemä der Aufgabe der betriebswirtschaftlichen Operationsforschung mindestens in einer Berechnung der vergangenen oder gegenwärtigen Beziehungen, wenn nicht gar weitergehend in einer Berechnung zukünftigen ",44,"[126, 722, 875, 905]",292,2.0164158596224166e+18,
2016415859622416792,W109684747,text,"Geschehens. Aus diesem Grunde ist auch beispielsweise die Korrelationsrechnung dem strategischen Rechnungswesen zuzuordnen, gleichgültig, ob sie Vergangenheitszahlen oder Zukunftsplanzahlen verarbeitet. In beiden Fällen bleibt sie auf geplante Aktionen gerichtet, zukunftsorientiert. Die Buchhaltung und Kostenrechnung hingegen, als weiteres Beispiel, kümmern sich nicht um die Beziehungen der Betriebsphänomene und sind auBerdem auf die Vergangenheit gerichtet. ",45,"[122, 124, 873, 251]",295,2.0164158596224166e+18,
2016415859622416793,W109684747,text,"So klar und verständlich die Zweiteilung des Rechnungswesens in ein strategisches und ein administratives oder dokumentäres ist, so schwierig wird die Aufzählung der Teilfächer innerhalb dieser beiden Gruppen. Offensichtlich herrscht Einigkeit darüber, dab die Buchhaltung zum administrativen Rechnungswesen und das lineare Programmieren zum strategischen Rechnungswesen gehören. Auch hinsichtlich der Kostenrechnung (nicht Plankostenrechnung) dürften die Meinungen noch übereinstimmend sein. Aber schon bei der Kennzahlenrechnung und erst recht bei der betriebswirtschaftlichen Statistik beginnen die Zweifel. Diese beiden letztgenannten Fächer stehen an der Grenze und haben, je nachdem, welche Aussagen man von ihnen erwartet, dokumentären oder bereits instrumentalen Charakter. ",45,"[122, 263, 875, 464]",296,2.0164158596224166e+18,
2016415859622416794,W109684747,text,"Ob eine bestimmte Verfahrenstechnik dem konventionellen oder dem betriebsstrategischen Rechnungswesen zuzuordnen ist, hängt nicht von dem jeweiligen betriebswirtschaftlichen Teilgebiet, ja nicht einmal von der Art und Weise dieses Verfahrens, sondern einfach davon ab, ob es immer schon von Betriebswirtschaftern angewendet wurde oder nicht, d. h. ob es schon angewendet wurde, bevor von der betriebswirtschaftlichen Operationsforschung überhaupt die Rede war, oder ob es erst später entdeckt wurde. Dieser zeitliche Gesichtspunkt kann als Einteilungskriterium für wissenschaftliche Belange, wenn man von lehrgeschichtlichen Untersuchungen absieht, nicht befriedigen. Wie ungeeignet die Gegenüberstellung, konventionelle Verfahren oder neue, betriebsstrategische Verfahren, ist, ersieht man an einem Beispiel der Marktforschung. Mit der Sammlung, Sortierung und Verarbeitung von Daten einschlieBlich der Korrelations- und Trendberechnungen haben sich betriebswirtschaftliche Marktforscher seit jeher beschäftigt. Diese Verfahrenstechniken müBten demnach ,,konventionell"" sein, während die erst in jüngerer Zeit vorgeschlagene Anwendung der Methode der kleinsten Quadrate bereits dem betriebsstrategischen Rechnungswesen zuzuordnen wäre. Offensichtlich aber haben die alten Trendberechnungen genauso einen strategischen Charakter wie das jüngere, operationsanalytische Verfahren. ",45,"[128, 476, 877, 824]",297,2.0164158596224166e+18,
2016415859622416795,W109684747,text,"Eines aber ist den neuen, operationsanalytischen Verfahren gemeinsam, nämlich da sie mehr als andere Teile des betriebswirtschaftlichen Rechnungswesens von den Zahlen der Buchhaltung unabhängig sind. Sie können nicht vollständig von diesen Zahlen losgelöst sein, denn dann wäre die Buchhaltung dieses Unternehmens schlecht; aber während Illetschko selbst noch von der ,konventionellen"" Planungsrechnung und noch mehr von der Kostenrechnung sagen konnte, dab sie auf der Buchhaltung aufbauen, diese Grundschicht des Rechnungswesens (Buchhaltung) ,stark genug (sei), um allen anderen Schichten die Struktur vorzuschreiben"" (6), so gilt das nicht mehr in dem gleichen MaBe für die Operationsforschung. Diese hat sich tatsächlich von den bisherigen administrativen Aufzeichnungen weit entfernt. Ihre Struktur ist so unterschiedlich geworden, dab die Grundschicht nicht mehr die Kraft hat, ihr das Gepräge zu geben. Dieses erhält sie vielmehr von der Mathematik und Statistik. Da es aber nicht darauf ankommt, mit aller Gewalt eine Einheitlichkeit im Rechnungswesen zu bekommen, "",stört"" diese Selbständigkeit der strategischen Planungsrechnung in keiner Weise. Die Zielsetzung der betriebswirtschaftlichen Operationsforschung ist von jener der Buchhaltung grundverschieden, und es wäre verkehrt, unbedingt eine Einheitlichkeit herstellen zu wollen. ",45,"[128, 836, 877, 908]",298,2.0164158596224166e+18,
2016415859622416798,W109684747,text,,46,"[124, 125, 877, 380]",301,2.0164158596224166e+18,
2016415859622416799,W109684747,text,"Bezüglich der Grenzgebiete zwischen dem dokumentären und dem strategischen Rechnungswesen ist festzustellen, da die Kennzahlenrechnung unter die betriebswirtschaftliche Statistik subsumiert werden kann und die betriebswirtschaftliche Statistik, wie sie ,konventionell"" vorgetragen wird, nur in beschränktem MaBe geeignet ist, Unterlagen für die Unternehmungsstrategie zu liefern. Ihre Aufgaben sind überwiegend deskriptiver Natur. Doch sollte man sie deswegen nicht geringschätzig beiseiteschieben. Sie ist im allgemeinen eine Elementarstatistik, die in verschiedenen Teilen allmählich von der mathematischen Statistik oder, wie in Anlehnung an Anderson gesagt werden könnte, theoretischen Statistik im Gegensatz zur statistischen Grundlagenforschung abgelöst wird. ",46,"[124, 392, 875, 593]",302,2.0164158596224166e+18,
2016415859622416800,W109684747,text,"Führt man sich die rasche Entwicklung der betriebswirtschaftlichen Operationsforschung vor Augen, so ist man geneigt, anzunehmen, da einer der Gründe für diese Entwicklung darin liegt, dab die Betriebswirtschaftslehre bis heute die Statistik ziemlich vernachlässigt hat, wodurch in ihrem Wissenschaftsgebiet ein Vakuum entstanden ist, das durch eben diese neue Bewegung ausgefüllt wurde. Hätte sich die Betriebswirtschaftslehre intensiver mit der betriebswirtschaftlichen Statistik beschäftigt, so wäre es wohl nicht zu dieser Entwicklung gekommen, und es wird jetzt längere Zeit dauern, bis die gegenwärtig etwas über das Ziel hinausschieBende betriebswirtschaftliche Operationsforschung ihre Grenzen innerhalb der Unternehmungspolitik erkannt und ihre Erwartungen auf das ihr zustehende MaB zurückgeschraubt haben wird. ",46,"[122, 604, 875, 806]",303,2.0164158596224166e+18,
2016415859622416803,W109684747,title,VII. Die bedeutendsten Verfahrenstechniken der Operations Research,47,"[193, 183, 802, 238]",306,,1.0
2016415859622416804,W109684747,text,"Die Verfahrenstechniken der betriebswirtschaftlichen Operationsforschung sind nicht systematisiert. Das ergibt sich daraus, daB jeweils für den in Frage stehenden konkreten Fall diejenigen mathematischen bzw. statistischen Verfahren gesucht werden, die gerade geeignet sind, eine Lösung des Problems herbeizuführen. Man könnte sie leichter nach dem jeweiligen Anwendungsgebiet als nach ihrem mathematisch-statistischen Vorgang gruppieren. ",47,"[124, 261, 875, 373]",307,2.016415859622417e+18,
2016415859622416805,W109684747,text,"Kosiol gliedert sie zwar in die drei Gruppen a) mathematische Methoden, b) statistische Methoden, logistische Methoden, ",47,"[126, 386, 553, 403]",308,2.016415859622417e+18,
2016415859622416806,W109684747,text,,47,"[243, 413, 517, 471]",309,2.016415859622417e+18,
2016415859622416807,W109684747,text,"doch ist diese Einteilung noch nicht befriedigend (1), genausowenig wie die Feststellung Billeters, daB die Operationsforschung ,,vor allem statistische und ökonometrische Methoden"" (2) benutze. ",47,"[126, 484, 875, 539]",310,2.016415859622417e+18,
2016415859622416808,W109684747,text,Auch andere anzutreffende Gruppierungen lassen eine strenge Systematik vermissen. Das gilt beispielsweise für alle nachfolgenden Einteilungsversuche: ,47,"[122, 554, 873, 589]",311,2.016415859622417e+18,
2016415859622416809,W109684747,text,Johnson (3): ,47,"[126, 603, 237, 619]",312,2.016415859622417e+18,
2016415859622416810,W109684747,text,"Probability and Statistics   
Symbolic Logic   
Theory of Value   
Queuing Theory   
Stochastic Processes: The Monte Carlo Method   
Suboptimization   
Theory of Games ",47,"[326, 602, 773, 730]",313,2.016415859622417e+18,
2016415859622416811,W109684747,title,Eberl (4): ,47,"[128, 743, 216, 761]",314,,1.0
2016415859622416812,W109684747,text,"Mathematische Statistik und Wahrscheinlichkeitstheorie   
Theorie der stochastischen Prozesse einschlieBlich der   
Theorie der Wartezeiten   
Spieltheorie   
Lineare Programme   
Zeit- und Bewegungsstudien   
Indizes ",47,"[328, 743, 856, 872]",315,2.016415859622417e+18,
2016415859622416814,W109684747,text,Morse - Kimball (5): Probability The use of Measures of Effectiveness Strategical Kinematics Tactical Analysis Gunnery and Bombardment Problems Operational Experiments with Equipment and Tactics ,48,"[126, 125, 837, 234]",317,2.016415859622417e+18,
2016415859622416815,W109684747,text,Zeitschrift für Betriebswirtschaft (6): Bestimmte statistische Verfahren Lineare Programmierung Simplex-Methode Warteschlangen-Theorie Spieltheorie Monte-Carlo-Theorie Logistik oder symbolische Logik. ,48,"[124, 248, 638, 393]",318,2.016415859622417e+18,
2016415859622416816,W109684747,text,"Insbesondere die Gliederung bei Morse- Kimball ist mehr eine willkürliche Aufzählung als eine Systematik. Johnson ist sich der Mängel seiner Einteilung bewuBt und stellt fest, dab sich - mathematisch gesehen — beispielsweise die Warteschlangen-Theorie stark auf die Wahrscheinlichkeitstheorie, die Statistik und Analysis stütze. ",48,"[126, 410, 875, 502]",319,2.016415859622417e+18,
2016415859622416817,W109684747,text,"Allerdings darf man der Operationsforschung keinen Vorwurf machen, daB sie ihre Verfahrenstechniken noch nicht systematisiert hat, denn die Betriebswirtschaftslehre hat es bis heute auch noch nicht zu einer allgemein anerkannten Systematisierung des Rechnungswesens, nicht einmal des konventionellen, gebracht. ",48,"[124, 520, 875, 613]",320,2.016415859622417e+18,
2016415859622416818,W109684747,text,"Aus der Reihe der zahlreichen Verfahrenstechniken heben sich einige wenige ab, die immer wieder als Verfahren oder ,Methoden"" der Operationsforschung bei fast allen Autoren angeführt werden. Es handelt sich in erster Linie um die drei ,,klassischen"" Verfahren der Operationsforschung, nämlich um das lineare Programmieren, auch Linearplanung genannt, um die Theorie der Warteschlangen und um die Spieltheorie. Andere Verfahrenstechniken, wie etwa die Suchtheorie, das dynamische Programmieren, die Monte-Carlo-Methode, gehören wohl auch zur betriebswirtschaftlichen Operationsforschung, nehmen jedoch hinsichtlich ihrer Bedeutung nur eine Randstellung ein. ",48,"[124, 629, 875, 795]",321,2.016415859622417e+18,
2016415859622416819,W109684747,text,"Die Suchtheorie wurde im Kriege entwickelt. Damals handelte es sich darum, mit möglichst wenig Flugzeugen weite Meeresgebiete zu ,bestreichen"", um feindliche Schiffe aufzufinden. Die GröBe der Fläche, die von den Suchflugzeugen abgesucht werden konnte, hing von der Geschwindigkeit des Fugzeuges, seiner Radarausrüstung und der Art des gesuchten Objektes ab. Ausgehend von der Uberlegung, da ein Flugzeug den Feind bis zu einer Entfernung von R Seemeilen sehen kann, wurde das ganze zu überfliegende Gebiet in Streifen eingeteilt, die jeweils eine Breite von $\textsuperscript { 2 R }$ hatten. ",48,"[124, 813, 875, 905]",322,2.016415859622417e+18,
2016415859622416822,W109684747,text,,49,"[124, 125, 873, 179]",325,2.016415859622417e+18,
2016415859622416824,W109684747,text,Die Randzonen wurden überlappt. ,49,"[126, 261, 451, 277]",327,2.016415859622417e+18,
2016415859622416825,W109684747,text,"Nach der Auffassung der Vertreter der Operationsforschung kann diese Theorie, die übrigens auch die Theorie der optimalen Verteilung der Bemühungen (Theory of the optimum distribution of effort) genannt wird, auch auf wirtschaftlichem Gebiete angewendet werden. Bearbeitet beispielsweise ein Unternehmen ein Gebiet, in dem sich eine gröBere Anzahl kleiner und groBer Detailabnehmer befindet, mit einem Stab von Vertretern, dann kann der optimale Vertretereinsatz mit Hilfe der Suchtheorie bestimmt werden. Sind genügend Reisevertreter vorhanden, dann wird jeder einzelne Abnehmer, gleichgültig, ob er groBe oder kleine Abschlüsse tätigt, besucht werden können; ist der Vertreterstab jedoch klein, dann werden in einem bestimmten Zeitraum nicht alle Kunden bearbeitet werden können. Welche Kunden in welchen Zeitabständen vorteilhafterweise besucht werden sollen, kann mit Hilfe der Suchtheorie dann, wenn man den wahrscheinlichen Umsatz pro Vertreterbesuch kennt, berechnet werden. ",49,"[124, 287, 875, 545]",328,2.016415859622417e+18,
2016415859622416826,W109684747,text,"Ein weiteres Verfahren der Operationsforschung ist die sogenannte Monte-Carlo-Methode. Sie ist im Grunde genommen ein Spezialfall der Random-Sample-Technik (Zufallsstichprobenverfahren). Berechnungen dieser Art werden überall dort vorgenommen, wo analytische Methoden nicht möglich oder impraktikabel sind. Das Monte-Carlo-Verfahren ist also ein nicht-mathematisches Verfahren, und zwar gewissermaBen ein Ersatz für den Gebrauch von Wahrscheinlichkeitsgleichungen. An die Stelle mathematischer Funktionen treten Tabellen, deren Werte ausgewürfelt wurden und aus denen die benötigten Werte abgelesen werden. Anstatt Gleichungen aufzustellen, mit denen die Wahrscheinlichkeit des Eintrittes eines Ereignisses berechnet werden kann, wird beispielsweise eine Münze genügend oft - etwa 1000 mal - geworfen und die Häufigkeit der beiden Möglichkeiten (Kopf oder Adler) gezählt. Im letzteren Falle wird mit geradezu vollständiger Sicherheit der annähernd gleiche Wert herauskommen. Im Monte-Carlo-Verfahren spiegelt also die Streuung der Zufallszahlen die Streuung in der Realität wider. Zimmermann (7) führt folgendes militärische Beispiel an: Gesucht wird die Wahrscheinlichkeit P, mit der ein Tank von einer Abwehrkanone entweder durch den ersten oder zweiten Schu getroffen wird. Die Gleichung lautet ",49,"[126, 554, 877, 885]",329,2.016415859622417e+18,
2016415859622416831,W109684747,text,"Würde man eine Münze genügend oftmal werfen, dann — sagt Zimmermann —: ""... the value of $\mathbf { P }$ so determined would almost certainly be very nearly the correct answer 0,75."" ",50,"[122, 124, 873, 179]",334,2.016415859622417e+18,
2016415859622416832,W109684747,text,"Ein Beispiel aus der Fertigungstechnik findet man bei Churchman, Ackoff, Arnoff (8). Dort geht es darum, die Lebensdauer eines Fertigproduktes, das sich aus zwei Bestandteilen zusammensetzt, in Form einer Häufigkeitskurve darzustellen. Die Lebensdauerkurven der beiden Einzelkomponenten sind bekannt. Sie sind Normalkurven und haben etwa folgendes Aussehen: ",50,"[122, 196, 875, 292]",335,2.016415859622417e+18,
2016415859622416834,W109684747,text,"Teil II:   
Mittel 90 Stunden,   
Standardabweichung 10 Stunden. Teil I:   
Mittel 100 Stunden,   
Standardabweichung 20 Stunden. ",50,"[598, 382, 873, 431]",337,2.016415859622417e+18,
2016415859622416835,W109684747,text,,50,"[598, 439, 873, 490]",338,2.016415859622417e+18,
2016415859622416836,W109684747,text,"Um die Lebensdauer des Fertigprodukts kurvenmäBig beschreiben zu können, werden zuerst aus einer Randomtabelle Zahlen (nämlich Standardabweichungen) entnommen und diese in Stunden umgewandelt. ",50,"[124, 551, 877, 609]",339,2.016415859622417e+18,
2016415859622416841,W109684747,text,"Aus den beiden Lebensdauerkurven nimmt man diejenigen Teile, die zuerst unbrauchbar werden, deren Leben nach Ablauf der angeführten Stunden gewissermaBen abläuft, und erhält auf diese Weise die Lebensdauerkurve des Fertigproduktes, im vorliegenden Falle also: ",51,"[122, 124, 875, 196]",344,2.016415859622417e+18,
2016415859622416842,W109684747,text,"91,37   
64,74   
86,46   
85,28   
84,45   
84,87   
79,45   
69,98   
86,20   
92,25 ",51,"[467, 202, 523, 384]",345,2.016415859622417e+18,
2016415859622416843,W109684747,text,"Im Grunde genommen ist jede mathematisch-statistische Operation, jede Kalkülform, jede analytische, numerische und graphische Prozedur, soweit sie dazu dient, Unterlagen für Entscheidungen der Unternehmungsleitung bereitzustellen, eine Verfahrenstechnik der betriebswirtschaftlichen Operationsforschung. (""Any field of mathematics ... that will bring results .."" (9).) Das beginnt schon bei der einfachen Arithmetik und geht bis in die höhere Analysis, beispielsweise bei den Verfahren der Extremwertberechnung. Man kann nun aber nicht jede Addition oder Subtraktion als operationsanalytische Verfahrenstechnik bezeichnen, andererseits aber auch nicht behaupten, dab die betriebswirtschaftliche Operationsforschung nur eine Angelegenheit der höheren Mathematik sei. Die Mathematik gehört zwar zur Operationsforschung, aber ihr formaler Vorgang ist neutral. ",51,"[124, 400, 875, 619]",346,2.016415859622417e+18,
2016415859622416844,W109684747,text,"In allgemeiner Weise kann gesagt werden, daB alle Verfahren, die den Kriterien der endgültigen Definition gerecht werden, als operationsanalytische Verfahrenstechniken bezeichnet werden können. Negativ ausgedrückt, scheiden alle jene aus, bei denen das nicht zutrifft. ",51,"[126, 633, 875, 706]",347,2.016415859622417e+18,
2016415859622416845,W109684747,text,"Es ist verständlich, daB eine neue wissenschaftliche Bewegung da und dort über ihr Ziel, ihre Grenzen hinausschieBt, und daher auch begreiflich, daB hin und wieder mathematisch-statistische Verfahren als operationsanalytische Techniken bezeichnet werden, die es gar nicht sind. Man darf aber nicht so weit gehen, alles, was zahlenmäBig behandelt werden kann, als Verfahren der betriebswirtschaftlichen Operationsforschung zu bezeichnen. Diese Tendenz gewisser Vertreter der Operationsforschung, ,grundsätzlich alles, was an neueren quantitativen Methoden auftaucht, ... ohne Rücksicht auf seine Herkunft als spezielle Methoden der Verfahrensforschung auszugeben"", wird von Wittmann mit Recht kritisiert (10). ",51,"[126, 720, 875, 904]",348,2.016415859622417e+18,
2016415859622416848,W109684747,text,"Aus der Aufzählung einiger über die ,klassischen"" Verfahren hinausgehender operationsanalytischer Verfahrenstechniken ergibt sich deren praktische Grenzenlosigkeit: ",52,"[128, 125, 877, 179]",351,2.016415859622417e+18,
2016415859622416849,W109684747,text,"1. Berechnung optimaler Produktionsprogramme mit Hilfe optimaler LosgröBen.   
2. Ermittlung optimaler Bestellstückzahlen.   
3. Verfahren der kleinsten Quadrate in der Marktforschung.   
4. Das Zeitverhältnisverfahren.   
5. Statistische Qualitäts- und Quantitätskontrolle, einschlieBlich des Sequential-  
Testverfahrens.   
6. Multimomentverfahren.   
7. Feststellung statistischer Zeitreihen im Absatz (Trend, Konjunkturschwan  
kung, Saisonschwankung, Zufallsschwankung).   
8. Signifikants-Tests (Verfahren zur Auswertung von MeBreihen). ",52,"[124, 188, 875, 376]",352,2.016415859622417e+18,
2016415859622416850,W109684747,text,"Es ist ausgeschlossen, hier alle Verfahrenstechniken anzuführen. Abgesehen davon, dab dies zu umfangreich und nur im Rahmen einer umfassenden Systematik der Verfahrenstechniken, die hier nicht einmal angedeutet ist, möglich wäre, ist es auBerdem eine Angelegenheit der Mathematiker und Statistiker und nicht der Betriebswirtschafter. Wir beschränken uns daher auf eine Darstellung der charakteristischsten Techniken. ",52,"[124, 392, 875, 499]",353,2.016415859622417e+18,
2016415859622416851,W109684747,text,"In einer betriebswirtschaftlichen Arbeit wie der vorliegenden kommt es nicht so sehr darauf an, letzte mathematische Feinheiten zu beachten, als vielmehr darauf, die Techniken so darzustellen, da der Betriebswirtschafter beurteilen kann, inwieweit sie in der Betriebswirtschaftslehre angewendet werden können. Im Gegensatz also zu jenen nicht wenigen Arbeiten der betriebswirtschaftlichen Operationsforschung, die den mathematischen Ansatz und die rechnerische Lö- sung in den Vordergrund stellen und das betriebswirtschaftliche Problem als geklärt und unproblematisch annehmen, gehen wir den umgekehrten Weg und behandeln in dieser Arbeit zuallererst das betriebswirtschaftliche Problem und prüfen erst dann das mathematisch-statistische Verfahren, das für den Betriebswirt in diesem Zusammenhang zweitrangig wird. Nichtsdestoweniger müssen die operationsanalytischen Verfahrenstechniken auch vom Betriebswirtschafter sorgfältig studiert werden. (Eine Forderung übrigens, die der Betriebswirtschafter auch gern an die Mathematiker und Statistiker in umgekehrter Richtung adressieren möchte.) ",52,"[122, 512, 873, 800]",354,2.016415859622417e+18,
2016415859622416852,W109684747,title,1. Das lineare Programmieren (Linearplanung) ,52,"[270, 823, 717, 842]",355,,1.0
2016415859622416853,W109684747,text,"Wohl das bekannteste Verfahren der betriebswirtschaftlichen Operationsforschung ist das lineare Programmieren. Immer wieder wird es als Beweis für die Eignung der Operationsforschung angeführt, und dies meistens im Zusammenhang mit einem Transportproblem, wiewohl daneben auch noch die sogenannten Mischungsprobleme eine Rolle spielen. Es ist mit Abstand das geeignetste aller operationsanalytischen Verfahren. Sein Wesen besteht darin, einen Extremwert (Maximum oder Minimum) einer linearen Funktion unter Berücksichtigung gewisser Gleichungen und Ungleichungen (Bedingungen) zu berechnen. Es basiert auf der Annahme der Linearität und darauf, daB die Anzahl der möglichen Faktorenkombinationen endlich sei. Sie steht damit im Gegensatz zur traditionellen Produktionsfaktorentheorie, die unendlich viele Kombinationen annimmt und daher mit der Marginalanalyse arbeiten mu. ",52,"[122, 852, 871, 905]",356,2.016415859622417e+18,
2016415859622416856,W109684747,text,,53,"[120, 121, 875, 292]",359,2.016415859622417e+18,
2016415859622416857,W109684747,text,"Lassmann (11) hat mit Recht darauf hingewiesen, dab die Linearplanung die Operationsforscher und Betriebswirtschafter einander nahegebracht habe. Allerdings meint er jene Betriebswirtschafter, die von der Produktionsfaktorenlehre ausgehen und mit den Begriffen der (mathematischen) Produktionsfunktion und Kostenfunktion arbeiten. Ihnen konnte das lineare Programmieren beim ,,Wirtschaftlichkeitsvergleich der Kosten"" zweifellos bessere Lösungen bringen als die Marginalanalyse. ",53,"[122, 309, 877, 442]",360,2.016415859622417e+18,
2016415859622416858,W109684747,text,"Beim Transportproblem geht es darum, Waren von mehreren Herkunftsorten nach mehreren Bestimmungsorten zu transportieren, wobei die Transportkosten minimiert bzw. die Transportgewinne maximiert werden sollen. Es handelt sich also darum, jenen Transportplan zu finden, der kosten- bzw. gewinnoptimal oder auch gar nur wie z. B. bei Kriegstransporten, bei denen die Kosten keine Rolle spielen, zeitoptimal ist. In Anbetracht des Umstandes, daB es mehrere Herkunftsorte und sehr viele Bestimmungsorte gibt, ist es unmöglich, die optimalen Transportrichtungen gefühlsmäBig zu bestimmen; auch das Probieren scheidet aus und mub durch eine exakte Berechnung ergänzt werden. Das in der amerikanischen Literatur anzutreffende ,,Vertreterproblem"" (Travelling Salesman Problem) ist im Wesen ebenfalls ein Transportproblem. ",53,"[124, 457, 879, 661]",361,2.016415859622417e+18,
2016415859622416859,W109684747,text,"Beim Mischungsproblem kommt es darauf an, Bestandteile einer Mischung so zu kombinieren, da mit den geringsten Kosten ein Optimum erreicht wird. Solche Aufgaben bestehen in zahlreichen Produktionsbetrieben, doch dürfte das bekannteste Problem das sogenannte Diät-Problem (gemeint ist Nahrungsproblem) sein, bei dem es darum geht, festzustellen, wie bestimmte Nahrungsmittel bei gegebenen Preisen kombiniert werden müssen, damit man bei niedrigsten Kosten das notwendige Minimum an Vitaminen erhält. ",53,"[128, 681, 879, 813]",362,2.016415859622417e+18,
2016415859622416860,W109684747,text,"Die Aufgabe wird mathematisch formuliert, d. h. die verbale Fachsprache in eine Kalkülsprache übersetzt. Dieser Vorgang besteht in nichts anderem als in einem Aufstellen von Gleichungen, in die die verbalen Angaben gekleidet werden. Im nachfolgenden wird ein ausgezeichnetes Beispiel von Billeter (12) ",53,"[130, 830, 879, 905]",363,2.016415859622417e+18,
2016415859622416863,W109684747,text,"angeführt und so dargestellt, da auch der mathematisch nicht geschulte Betriebswirt dem mathematischen Vorgang ohne weiteres folgen kann. Andere ebenfalls sehr anschauliche deutschsprachige Darstellungen findet man bei Förstner, Henn, Wetzel, Böhm, Lassmann, Becher, Beckmann, Krelle -Künzi, Winkel, Wenzel - Woitschach usw. ",54,"[126, 124, 875, 218]",366,2.016415859622417e+18,
2016415859622416865,W109684747,text,"In dem Bestreben, die verbale Ausdrucksweise aufzulockern, ist es seit jeher in der Betriebswirtschaftslehre geläufig, Sachverhalte auch graphisch darzustellen. ",54,"[124, 868, 877, 905]",368,2.016415859622417e+18,
2016415859622416868,W109684747,text,"Daher möge auch im vorliegenden Falle die Weiterführung Billeters graphisch wiedergegeben werden. (Ein weitgehendst ähnliches Beispiel finden wir bei Churchman, Ackoff, Arnoff (13). Die Ungleichungen lauten dort ${ \textbf { x } } \leqq 4 .$ , $\tt y \leq 3$ , $\mathbf { x } \ + \ \mathbf { 2 y } \ \leq \ \mathbf { 8 }$ ; zu maximieren ist ${ \bf Z } = { \bf 2 x } + { \bf 5 } { \bf y }$ ; die Lösung erfolgt ebenfalls nach der Simplexmethode). ",55,"[120, 123, 875, 218]",371,2.016415859622417e+18,
2016415859622416870,W109684747,text,"Stellt man die Beziehungen graphisch dar, so ergibt sich folgendes Bild: ",55,"[124, 439, 808, 458]",373,2.016415859622417e+18,
2016415859622416872,W109684747,text,Die ersten drei Beziehungen ,55,"[133, 736, 401, 753]",375,2.016415859622417e+18,
2016415859622416874,W109684747,text,"haben die Lösungen so weit eingeengt, daB nur noch Lösungen innerhalb des schraffierten Feldes möglich sind. Innerhalb dieses Feldes gibt es aber unendlich viele Möglichkeiten (Wertepaare $\bf { x } _ { 1 } , \ \bf { x } _ { 2 } )$ , und es gilt, jenes Paar zu finden, bei dem der Gewinn optimal wird. ",55,"[133, 830, 881, 905]",377,2.016415859622417e+18,
2016415859622416877,W109684747,text,Im Koordinatenursprung ist der Gewinn gleich Null. Die optimale Lösung ist durch die Beziehung $2 \mathbf { x } _ { 1 } + 5 \mathbf { x } _ { 2 } = 2 6$ gegeben; sie kann nur ,56,"[124, 125, 871, 160]",380,2.016415859622417e+18,
2016415859622416878,W109684747,text,a) entweder auf den Seiten des Polygons b) oder in den Ecken des Polygons liegen. ,56,"[124, 169, 511, 235]",381,2.016415859622417e+18,
2016415859622416879,W109684747,text,"Zur numerischen Lösung der Aufgabe arbeitet man im allgemeinen entweder nach dem Simplex- oder nach dem Multiplex-Verfahren (14). Bei dem Simplex-Verfahren fängt man im Koordinatenursprung an und stellt fest, da der Gewinn dort Null ist. Dann geht man die Seiten des Polygons schrittweise entlang, d. h. von 0 nach A, von A nach B und so fort. ",56,"[124, 250, 873, 345]",382,2.016415859622417e+18,
2016415859622416880,W109684747,text,"Bei 0 ist der Gewinn Null   
Bei A $( \mathbf { x _ { 2 } } ~ = ~ 4 )$ ist der Gewinn 20   
Bei B $( \mathbf { x _ { 2 } } ~ = ~ 4 )$ ist der Gewinn 26 (maximaler Gewinn) $( \mathbf { x _ { 1 } } ~ = ~ 3 )$   
Bei C $( \mathbf { x _ { 2 } } ~ = ~ 1 )$ ist der Gewinn 17 $( \bf { x } _ { 1 } ~ = ~ \bf { 6 } )$   
Bei D $( \bf { x } _ { 1 } ~ = ~ 6 )$ ist der Gewinn 12 ",56,"[124, 361, 661, 509]",383,2.016415859622417e+18,
2016415859622416881,W109684747,text,"Beim Multiplex-Verfahren geht man vom Inneren des noch möglichen, also schraffierten Feldes aus und stöBt gegen die Ecke B vor. ",56,"[124, 525, 871, 561]",384,2.016415859622417e+18,
2016415859622416882,W109684747,text,"In beiden Fällen kommt es darauf an, zuerst eine mögliche Lösung zu haben und sich dann schrittweise in einem iterativen ProzeB der optimalen Lösung anzunähern. ",56,"[126, 577, 873, 632]",385,2.016415859622417e+18,
2016415859622416883,W109684747,title,Simplex ,56,"[259, 645, 340, 661]",386,,1.0
2016415859622416884,W109684747,title,Multiplex ,56,"[648, 645, 744, 661]",387,,1.0
2016415859622416885,W109684747,text,"Indem man beim Simplex-Verfahren an den Kanten entlangschreitet, stellt man fest, ob der Wert noch zunimmt oder bereits abnimmt. ",56,"[126, 664, 474, 726]",388,2.016415859622417e+18,
2016415859622416886,W109684747,text,"Wo der Vektor beim Multiplex-Verfahren die Kanten durchstöt, liegt die optimale Lösung. ",56,"[521, 664, 873, 712]",389,2.016415859622417e+18,
2016415859622416887,W109684747,text,"Wird einer der beiden Eckpunkte B oder C durch mehr als zwei Kapazitätslinien bestimmt, dann spricht man von einer Entartung der linearen Aufgabe. Der schraffierte Lösungsraum ist in diesem Punkte gewissermaBen zuviel bestimmt. Die dritte Linie hat keinen EinfluB mehr auf die Rechnung, ja sie stört nur den Ablauf der Iteration. ",56,"[126, 739, 875, 833]",390,2.016415859622417e+18,
2016415859622416888,W109684747,text,"Im Simplextableau scheint der Minimalquotient in mehreren Zeilen auf; es ist nicht mehr möglich, den Minimalquotienten eindeutig zu bestimmen. Die Maschine fängt zu ,kreiseln"" an, sie kann nicht mehr weiter. ",56,"[126, 850, 875, 905]",391,2.016415859622417e+18,
2016415859622416891,W109684747,text,"Bei der Erstellung des logischen Ablaufplanes für das elektronische Rechengerät findet man die erste mögliche Lösung z. B. durch die sogenannte ,,Nordwest-Methode"". Man stellt die entsprechende Transport-Matrix auf und beginnt im Nordwesten dieser Matrix, d. h. also links oben. ",57,"[120, 124, 875, 199]",394,2.016415859622417e+18,
2016415859622416892,W109684747,text,links oben ,57,"[122, 234, 226, 250]",395,2.016415859622417e+18,
2016415859622416894,W109684747,text,Die Durchführung der Rechnung mittels Rechenautomaten ist eine mathematische und maschinentechnische Angelegenheit. ,57,"[124, 481, 873, 518]",397,2.016415859622417e+18,
2016415859622416895,W109684747,text,"Im nachfolgenden sei die Nordwest-Methode an Hand eines Beispiels von Churchman, Ackoff, Arnoff (15) wiedergegeben. ",57,"[126, 528, 873, 565]",398,2.016415859622417e+18,
2016415859622416896,W109684747,text,"In den Bahnhöfen $\mathbf { S _ { 1 } } , \mathbf { S _ { 2 } } , \mathbf { S _ { 3 } }$ stehen jeweils 9, 4, 8 leere Waggons. ",57,"[128, 697, 453, 733]",399,2.016415859622417e+18,
2016415859622416899,W109684747,text,"In den Bahnhöfen $\mathbf { D _ { 1 } } ,$ $\mathbf { D _ { 2 } } ,$ $\mathbf { D _ { 3 } } ,$ $\mathbf { D _ { 4 } } ,$ $\mathbf { D _ { 5 } }$ werden jeweils 3, 5, 4, 6, 3 leere Waggons benötigt. ",57,"[130, 848, 455, 903]",402,2.016415859622417e+18,
2016415859622416902,W109684747,text,"In diesem Beispiel werden 21 leere Waggons angeboten und 21 leere Waggons benötigt. In Fällen, in denen das nicht zutrifft, kann man sich mit der Einführung von fiktiven Bahnhöfen helfen, welche die Waggondifferenz aufnehmen. ",58,"[126, 125, 875, 179]",405,2.016415859622417e+18,
2016415859622416903,W109684747,text,Jetzt werden die beiden Tabellen übereinanderlegt und zu einer Angebots-Bedarfs-Matrix kombiniert. Diese hat folgendes Aussehen: ,58,"[126, 188, 873, 224]",406,2.016415859622417e+18,
2016415859622416905,W109684747,text,"Man beginnt nun im Nordwesten der Matrix und vergleicht das Angebot an Leerwaggons im Uberschubahnhof $\mathbf { S _ { 1 : } }$ , mit dem Bedarf im Nachfragebahnhof $\mathbf { D _ { 1 } }$ . ",58,"[124, 458, 875, 494]",408,2.016415859622417e+18,
2016415859622416906,W109684747,text,"Ist $\mathbf { D _ { 1 } } < \mathbf { S _ { 1 } }$ , d. h. ist die Waggonzahl, die in $\mathbf { D _ { 1 } }$ gebraucht wird, kleiner als die zur Verfügung stehenden Waggons in $\mathbf { S _ { 1 } }$ , dann geht man waagrecht in die Zelle ${ \bf { X } } _ { 1 2 }$ weiter. (Gleichsetzung $\mathbf { X } _ { 1 1 } \ = \ \mathbf { D } _ { 1 } )$ ",58,"[124, 503, 875, 578]",409,2.016415859622417e+18,
2016415859622416907,W109684747,text,"Ist $\mathbf { D _ { 1 } } = \mathbf { S _ { 1 } }$ , dann geht man diagonal in die Zelle $\mathbf { X _ { 2 2 } }$ weiter. (Gleichsetzung $\mathbf { X _ { 1 1 } } = \mathbf { D _ { 1 } } )$ ",58,"[122, 586, 740, 622]",410,2.016415859622417e+18,
2016415859622416908,W109684747,text,"Ist $\mathbf { D _ { 1 } } > \mathbf { S _ { 1 } }$ , dann geht man senkrecht in die Zelle $\bf { X _ { 2 1 } }$ weiter. (Gleichsetzung ${ \bf { X } } _ { 1 1 } = { \bf { S } } _ { 1 { \bf { \bar { \Delta } } } }$ ",58,"[126, 629, 748, 667]",411,2.016415859622417e+18,
2016415859622416909,W109684747,text,"Das geschieht Schritt für Schritt so lange, bis ein Wert in der Südostecke gefunden ist. Unter Berücksichtigung der Beispielszahlen ergibt sich daher: ",58,"[126, 677, 871, 713]",412,2.016415859622417e+18,
2016415859622416913,W109684747,text,"weil: 1) in $\mathbf { x _ { 1 1 } }$ 9 Waggons angeboten und nur 3 Waggons benötigt werden, trifft die Regel $\mathbf { D _ { 1 } } < \mathbf { S _ { 1 } }$ zu, und daher wird waagrecht zur Zelle ${ \bf { X } } _ { 1 2 }$ weitergeschritten. (Gleichsetzung ${ \bf { X } } _ { 1 1 } = { \bf { 3 } } )$ in ${ \bf x _ { 1 2 } }$ die noch zur Verfügung stehenden ${ \mathfrak { s } } - 3 = { \mathfrak { s } }$ Waggons angeboten und nur 5 Waggons benötigt werden, trifft die Regel $\mathbf { D _ { 1 } } < \mathbf { S _ { 1 } }$ zu, und daher wird waagrecht zur Zelle ${ \bf { X _ { 1 3 } } }$ weitergeschritten. (Gleichsetzung ${ \bf X _ { 1 2 } } = { \bf 5 } )$ in ${ \bf { x } } _ { 1 3 }$ der noch zur Verfügung stehende letzte Waggon angeboten wird, aber 4 Waggons benötigt werden, trifft die Regel $\mathbf { D _ { 1 } } > \mathbf { S _ { 1 } }$ zu, und daher wird senkrecht zur Zelle $\bf { X _ { 2 3 } }$ weitergeschritten. (Gleichsetzung $\mathbf { X _ { 1 3 } } = \mathbf { 1 } _ { i } ^ { \prime }$ ",59,"[126, 125, 875, 354]",416,2.016415859622417e+18,
2016415859622416914,W109684747,text,"Die Berechnung wird fortgesetzt, bis die Südostecke erreicht ist. Auf diese Weise erhält man die erste geeignete Lösung. ",59,"[120, 361, 873, 397]",417,2.016415859622417e+18,
2016415859622416915,W109684747,text,"Setzt man die Kosten C der einzelnen Frachtrelationen ein (jedes $\mathbf { x _ { i j } }$ erhält die Frachtkosten von i nach j), dann bekommt man die Gesamtkosten dieser Lösung. ",59,"[122, 405, 875, 441]",418,2.016415859622417e+18,
2016415859622416918,W109684747,text,Diese sind demnach $\underset { \mathrm { \bf { i } } = 1 } { \overset { \displaystyle \mathfrak { s } } { \sum } } \underset { \mathrm { \bf { j } } = 1 } { \overset { \displaystyle \mathfrak { s } } { \sum } } \mathrm { \normalfont ~ \subset _ { \mathrm { { i j } } } ~ } \mathrm { \normalfont ~ \mathbb { X } _ { \mathrm { { i j } } } }$ bzw. ,59,"[124, 615, 534, 652]",421,2.016415859622417e+18,
2016415859622416919,W109684747,text,${ \bf { X } } _ { 1 } { \mathrm {         { \Omega } } } _ { 1 }$ $\begin{array} { r } { \mathfrak { Z } _ { 1 1 } \mathrm { C } _ { 1 1 } + \mathbb { X } _ { 1 2 } \mathrm { C } _ { 1 2 } + \mathbb { X } _ { 1 3 } \mathrm { C } _ { 1 3 } + \mathbb { X } _ { 2 3 } \mathrm { C } _ { 2 3 } + \mathbb { X } _ { 2 4 } \mathrm { C } _ { 2 4 } + \mathbb { X } _ { 3 4 } \mathrm { C } _ { 3 4 } + \mathbb { X } _ { 3 5 } \mathrm { ~ ( ~ \Omega ~ _ 3 ~ ) ~ } } \end{array}$ $\mathbf { 3 \times 1 0 ~ + ~ 5 \times 2 0 ~ + ~ 1 \times 5 ~ + ~ 3 \times 8 ~ + ~ 1 \times 3 0 ~ + ~ 5 \times 1 0 ~ + ~ 3 \times 4 = 2 5 1 }$ Geldeinheiten. ,59,"[124, 655, 875, 709]",422,2.016415859622417e+18,
2016415859622416920,W109684747,text,"Im Zusammenhang mit der Linearplanung ist auch das dynamische Programmieren zu erwähnen, das eine Weiterentwicklung auf dem Gebiete der Linearplanung darstellt. ",59,"[126, 714, 877, 769]",423,2.016415859622417e+18,
2016415859622416921,W109684747,text,"Beim dynamischen Programmieren spielt der Zeitfaktor eine wesentliche Rolle. Es werden die einzelnen MaBnahmen mehrstufiger Entscheidungsprozesse so aufeinander abgestimmt, daB das gesetzte Ziel optimal erreicht wird. ",59,"[126, 775, 875, 829]",424,2.016415859622417e+18,
2016415859622416922,W109684747,text,Entscheidung A in der Zeit A Entscheidung B in der Zeit B Entscheidung C in der Zeit C Entscheidung D in der Zeit D ,59,"[338, 835, 636, 907]",425,2.016415859622417e+18,
2016415859622416925,W109684747,text,"Jede Entscheidung baut unter Berücksichtigung zukünftiger Anderungen auf den Ergebnissen der vorhergegangenen Operation, die u. U. und wohl auch in den meisten Fällen eine vollkommen neue Ausgangslage schafft, auf, wobei das alte Ziel bestehenbleibt. Mit Hilfe der dynamischen Programmierung werden also nicht nur die für den Endzeitpunkt tn zutreffenden Resultate berechnet, sondern auch alle zwischen dem Ausgangspunkt und dem Endpunkt liegenden Ergebnisse $( \mathrm { t _ { 0 } , \ t _ { 1 } , \ t _ { 2 } , \ t _ { 3 } , \ t _ { 4 } , \ . \ . \ . \ } \ \mathrm { t _ { N } } )$ Dies geschieht in einem Rechengang. ",60,"[130, 124, 877, 253]",428,2.016415859622417e+18,
2016415859622416926,W109684747,text,"Winkel (16) erläutert in Anlehnung an Bellmann, R. das dynamische Programmieren an dem Beispiel einer Gesteinsbohrmaschine, die in einem von zwei Grubenstollen eingesetzt werden soll. Die Bergwerksleitung fordert, daB die Maschine in jenem Stollen eingesetzt werde, der ,mit gröBter Wahrscheinlichkeit am weitesten vorgetrieben werden kann, bevor die Maschine ausfällt"". Unter Berücksichtigung der technischen und geologischen Gegebenheiten wird der Einsatz berechnet; überlebt die Maschine den ersten Teilabschnitt, so muB neu geplant werden. Dabei bestimmen das Ergebnis des ersten Teilabschnitts und damit die nunmehr geltenden Wahrscheinlichkeiten den Einsatz des Aggregats im zweiten Teilabschnitt. ",60,"[126, 263, 877, 444]",429,2.016415859622417e+18,
2016415859622416927,W109684747,title,2. Das nichtlineare Programmieren ,60,"[334, 473, 665, 492]",430,,1.0
2016415859622416928,W109684747,text,"In Fällen, in denen keine Linearität gegeben ist, wendet man die nichtlineare Programmierung an. In Anlehnung an R. W. Shephard (17) sei dieses Verfahren an einem Beispiel aus der Produktionsplanung dargestellt. ",60,"[126, 497, 875, 551]",431,2.016415859622417e+18,
2016415859622416929,W109684747,text,"Ein Produktionsproze setzt sich aus den drei Erzeugnissen 1, 2, 3 zusammen. Alle drei Erzeugnisse werden mit Hilfe einer bestimmten Maschinenanlage hergestellt, deren maximale Kapazität 80 000 Maschinenstunden in der Planungsperiode beträgt. Bezeichnet man die Anzahl der Maschinenstunden, die für die Erzeugung des Produkts 1 notwendig ist, mit $\mathbf { x _ { 1 } }$ und in entsprechender Weise die anderen mit $\mathbf { x _ { 2 } }$ und $\mathbf { x _ { 3 } } .$ so ergibt sich folgende Kapazitätsbeschränkung: ",60,"[124, 560, 873, 685]",432,2.016415859622417e+18,
2016415859622416931,W109684747,text,Es sei noch einmal die Bedeutung der Variablen wie folgt festgehalten: ,60,"[120, 716, 810, 733]",434,2.016415859622417e+18,
2016415859622416932,W109684747,text,"$\mathbf { x _ { 1 } } \ =$ Maschinenstunden, die zur Erzeugung des Produkts 1 notwendig sind.   
$\mathbf { x _ { 2 } } =$ Maschinenstunden, die zur Erzeugung des Produkts 2 notwendig sind.   
${ \bf x _ { 3 } } =$ Maschinenstunden, die zur Erzeugung des Produkts 3 notwendig sind. Zur Herstellung eines Stückes von Produkt 1 benötigt man 3 Stunden.   
Zur Herstellung eines Stückes von Produkt 2 benötigt man 4 Stunden.   
Zur Herstellung eines Stückes von Produkt 3 benötigt man 5 Stunden. ",60,"[122, 740, 852, 795]",435,2.016415859622417e+18,
2016415859622416933,W109684747,text,,60,"[122, 803, 792, 859]",436,2.016415859622417e+18,
2016415859622416934,W109684747,text,"Als nächstes kommt es darauf an, die Gewinnfunktionen für alle drei Waren aufzustellen. Vorteilhafterweise bedient man sich zur Erläuterung einer graphischen Darstellung. Im Beispiel wird angenommen, daB die Ware 1 auf zwei verschiedenen Absatzgebieten oder - was auf das gleiche hinausläuft - zu zwei verschiedenen Preisen abgesetzt werden kann; die Ware 2 wird auf drei verschiedenen Absatzgebieten bzw. zu drei verschiedenen Preisen und die Ware 3 ebenfalls auf drei verschiedenen Absatzgebieten bzw. zu drei verschiedenen Preisen verkauft. ",60,"[120, 869, 871, 905]",437,2.016415859622417e+18,
2016415859622416937,W109684747,text,,61,"[122, 124, 873, 234]",440,2.016415859622417e+18,
2016415859622416939,W109684747,text,"Die Kurve 0AB stellt die Gewinnfunktion dar. Wie man der graphischen Darstellung entnehmen kann, können die ersten 5000 Stück des Produkts (für die 3 Stunden $\times \ 5 0 0 0 = 1 5 0 0 0$ Maschinenstunden benötigt werden) zu 1,20 DM pro Maschinenstunde verkauft werden. Das ergibt auf der Ordinate einen Gewinn von 18000 DM. Dieser Gewinn wird im Punkte A erreicht. Von diesem Punkte an ist es nur noch möglich, auf dem 2. Absatzgebiet das Erzeugnis mit einem Gewinn von 0,10 DM pro Maschinenstunde zu verkaufen; und zwar können insgesamt 7000 Stück $( \mathbf { x _ { 3 } } = 2 1 0 0 0$ Maschinenstunden) abgesetzt werden, so daB also insgesamt $5 0 0 0 + 7 0 0 0 = 1 2 0 0 0$ Stück bzw. $1 5 0 0 0 + 2 1 0 0 0 = 3 6 0 0 0$ Maschinenstunden verkauft werden können. Diese Situation ist im Punkt B erreicht, dem gleichzeitig ein Gewinn auf der Ordinate von 20 100 entspricht. Uber den Punkt B hinaus ist ein weiterer gewinnbringender Absatz nicht mehr möglich. ",61,"[124, 448, 877, 668]",442,2.016415859622417e+18,
2016415859622416940,W109684747,text,"Entsprechende Gewinnfunktionen werden nun für die beiden anderen Waren aufgestellt, wobei zu beachten ist, daB sich in der graphischen Darstellung bei diesen beiden Waren 2 und 3 jeweils drei Kurvenabschnitte ergeben werden, weil drei verschiedene Absatzgebiete angenommen werden. Die Gewinnfunktionen sind also Polygonzüge, die sich aus Geraden zusammensetzen, die miteinander verbunden sind. ",61,"[126, 678, 877, 787]",443,2.016415859622417e+18,
2016415859622416941,W109684747,title,Konkavität der Zielfunktion ,61,"[130, 807, 397, 824]",444,,1.0
2016415859622416942,W109684747,text,"Die Gewinnfunktionen sind konkav, weil die Kurve, die gezeichnet werden kann, von unten gesehen, ebenfalls konkav ist. Bekanntlich ist eine Kurve dann konkav, wenn $\bf d _ { 1 } \leq \bf d _ { 2 }$ ist; im Gegensatz dazu spricht man von einer konvexen Kurve in jenen Fällen, in denen $\mathsf { d } _ { 1 } \geq \mathsf { d } _ { 2 }$ ist. ",61,"[128, 832, 875, 905]",445,2.016415859622417e+18,
2016415859622416946,W109684747,text,"Die gesamte Gewinnfunktion $\textbf { Z } ( \mathbf { x _ { 1 } } , \ \mathbf { x _ { 2 } } , \ \mathbf { x _ { 3 } } )$ ist die Summe der drei einzelnen Gewinnfunktionen, somit ",62,"[124, 296, 869, 332]",449,2.016415859622417e+18,
2016415859622416948,W109684747,text,"Diese Zielfunktion (objective function) zeichnet sich dadurch aus, daB sie drei veränderliche GröBen enthält, jedoch gleich ist der Summe der drei konkaven Funktionen mit jeweils einer veränderlichen GröBe. Derartige Gesamtgewinnfunktionen (Summe der einzelnen Gewinnfunktionen) bezeichnet man als trennbare Konkavfunktionen einer einzigen veränderlichen GröBe. ",62,"[124, 376, 873, 468]",451,2.016415859622417e+18,
2016415859622416949,W109684747,text,"Vergleicht man Linearprogramme mit dem oben dargestellten Problem einer nichtlinearen Planung, so ergibt sich folgende Gegenüberstellung: ",62,"[124, 486, 873, 523]",452,2.016415859622417e+18,
2016415859622416951,W109684747,title,Die Linearisierung ,62,"[126, 685, 305, 703]",454,,1.0
2016415859622416952,W109684747,text,"Die Aufgabe im vorliegenden Beispiel besteht nun darin, die nichtlineare Zielfunktion $\sf Z = f _ { 1 } ( x _ { 1 } ) + f _ { 2 } ( x _ { 2 } ) + f _ { 3 } ( x _ { 3 } )$ in eine lineare Form zu bringen, d. h. zu linearisieren; das geschieht dadurch, da man neue Variable, sogenannte Hilfsvariable oder linearisierende Variable, einführt. ",62,"[126, 714, 877, 788]",455,2.016415859622417e+18,
2016415859622416953,W109684747,text,Die Linearisierung der Zielfunktion besteht in nichts anderem als in einer Zerlegung der Variablen ,62,"[122, 798, 873, 835]",456,2.016415859622417e+18,
2016415859622416954,W109684747,text,"$\mathbf { x _ { 1 } }$ in $\bf { x } _ { 1 } , + \psi \bf { x } _ { 1 , 2 }$ (weil 2 Absatzgebiete gegeben sind), $\mathbf { x _ { 2 } }$ in $\bf { x _ { 2 , 1 } } + \bf { x _ { 2 , 2 } } + \bf { x _ { 2 , 3 } }$ (weil 3 Absatzgebiete gegeben sind), $\mathbf { x _ { 3 } }$ in ${ \bf { x } } _ { 8 , 1 } + { \bf { x } } _ { 8 , 2 } + { \bf { x } } _ { 8 , 3 }$ (weil 3 Absatzgebiete gegeben sind). ",62,"[124, 845, 719, 908]",457,2.016415859622417e+18,
2016415859622416957,W109684747,text,"Betrachtet man beispielsweise das graphische Bild der Gewinnfunktion des Erzeugnisses 2, so ergibt sich folgende Situation: ",63,"[122, 124, 875, 160]",460,2.016415859622417e+18,
2016415859622416959,W109684747,text,Offensichtlich ergeben sich in diesem Fall noch folgende drei Nebenbedingungen: ,63,"[122, 390, 875, 408]",462,2.016415859622417e+18,
2016415859622416960,W109684747,text,"$\mathbf { x _ { 2 , 1 } }$ bewegt sich zwischen 0 und 20 000 Maschinenstunden, $\mathbf { x _ { 2 } , 2 }$ umfaBt ebenfalls eine Spanne von höchstens 20 000 Maschinenstunden, ${ \bf x _ { 2 } } , \mathbf { \mathsf { 3 } }$ eine Spanne von 12 000 Maschinenstunden. ",63,"[124, 412, 844, 476]",463,2.016415859622417e+18,
2016415859622416961,W109684747,text,Mathematisch läBt sich das durch folgende Ungleichungen ausdrücken: ,63,"[124, 489, 798, 507]",464,2.016415859622417e+18,
2016415859622416963,W109684747,text,"Entsprechende Nebengleichungen werden auch für die Erzeugnisse 1 und 3 aufgestellt, so daB also insgesamt acht neue Nebenbedingungen entstehen. Hatte man vorher drei Variable $( \mathbf { x _ { 1 } } , \mathbf { x _ { 2 } } , \mathbf { x _ { 3 } } )$ , so hat man jetzt acht $( \bf x _ { 1 } , \bf { 1 } , \ \bf x _ { 1 } , \bf { 2 } , \ \bf x _ { 2 } , \bf { 1 } , \ \bf x _ { 2 } , \bf { 2 } , \quad$ $\mathbf { x _ { 2 , 3 } } , \ \mathbf { x _ { 3 , 1 } } , \ \mathbf { x _ { 3 , 2 } } , \ \mathbf { x _ { 3 , 3 } } )$ ; gab es vorher nur eine Nebenbedingung $( { \bf x _ { 1 } } \ + \ { \bf x _ { 2 } } \ + \ { \bf x _ { 3 } }$ $\leq 8 0 0 0 0 0 )$ , so gibt es jetzt neun, von denen oben drei angeführt sind. ",63,"[126, 583, 879, 677]",466,2.016415859622417e+18,
2016415859622416964,W109684747,text,"Setzt man an die Stelle der Variablen ${ \bf x _ { 1 } } , { \bf x _ { 2 } } , { \bf x _ { 3 } }$ die durch Aufspaltung entstandenen Hilfsvariablen, so verwandelt sich die bisherige Zielfunktion ",63,"[128, 690, 877, 725]",467,2.016415859622417e+18,
2016415859622416965,W109684747,text,in folgende lineare Funktion: ,63,"[130, 758, 407, 775]",468,2.016415859622417e+18,
2016415859622416966,W109684747,text,"$\mathrm { ~ Z ~ = ~ 1 , 2 ~ x _ { 1 , 1 } ~ + ~ 0 , 1 ~ x _ { 1 , 2 } ~ + ~ 0 , 8 ~ x _ { 2 , 1 } ~ + ~ 0 , 4 ~ x _ { 2 , 2 } ~ + ~ 0 , 3 ~ x _ { 2 , 3 } ~ + ~ 1 , 5 ~ x _ { 3 , 1 } ~ + ~ 1 , 0 ~ x _ { 3 , 2 } ~ } $ 3,2   
+ 0,6 X3,3 ",63,"[126, 780, 875, 817]",469,2.016415859622417e+18,
2016415859622416967,W109684747,text,Die sich in den Bedingungsgleichungen widerspiegelnden Kapazitätsbeschränkungen sind linear geblieben und lauten im Gegensatz zu der ersten Kapazitätsbeschränkung ${ \bf x } _ { 1 } + { \bf x } _ { 2 } + { \bf x } _ { 3 } \le 8 0 0 0 0$ jetzt wie folgt: ,63,"[128, 830, 877, 885]",470,2.016415859622417e+18,
2016415859622416972,W109684747,text,"Damit ist das ursprünglich nichtlineare Problem auf ein lineares Problem zurückgeführt worden, denn sowohl die Zielfunktion als auch die Kapazitätsfunktion sind linear. Es steht nun nichts mehr im Wege, mit Hilfe eines Verfahrens aus der Linearplanung, üblicherweise mit der Simplexmethode, das Problem zu lösen. ",64,"[130, 125, 877, 215]",475,2.016415859622417e+18,
2016415859622416973,W109684747,title,3. Der Matrizenkalkül ,64,"[397, 235, 607, 254]",476,,1.0
2016415859622416974,W109684747,text,"Die Aufstellung einer Matrix in der oben im Kapitel der Linearplanung angeführten Weise läBt es angezeigt erscheinen, einige allgemeine Bemerkungen zur Kalkülform der Matrizenrechnung zu machen. Matrizen sind Tabellen, in denen nach einer bestimmten Ordnung Informationen eingetragen werden, Zahlenschemata, in denen die lineare Abhängigkeit der Input- und OutputgröBen (die Leistungsmatrix ist eine Input-Output-Tabelle) beschrieben und festgehalten wird. Man geht im allgemeinen von Mengenflüssen im Betrieb aus, bewertet die einzelnen Aufwandsarten und erhält dann eine bewertete Leistungstabelle. Auf diese Weise bekommt man ein übersichtliches Bild von den Mengen- und Wertflüssen im Betrieb (18). Matrizen können demnach als Modelle betriebswirtschaftlicher Vorgänge bezeichnet werden. ",64,"[126, 264, 875, 465]",477,2.016415859622417e+18,
2016415859622416975,W109684747,text,"Das allgemeine Element der Matrix A ist $\mathbf { a } _ { \mathrm { i j } }$ ; es steht in der i-ten Reihe und in der j-ten Spalte. Dementsprechend hat also eine Matrix der Type $( \mathbf { m } , \mathbf { \mu } _ { \mathbf { n } } )$ m Zeilen und n Spalten. Der Spaltenvektor a, für sich allein geschrieben, also ",64,"[126, 481, 877, 536]",478,2.016415859622417e+18,
2016415859622416977,W109684747,text,"ist im Grunde genommen eine Matrix der Type $( \mathbf { m } , \mathbf { 1 } )$ und der Zeilenvektor ",64,"[124, 694, 833, 713]",480,2.016415859622417e+18,
2016415859622416979,W109684747,text,"eine Matrix der Type $( 1 , \mathtt { n } )$ . ",64,"[126, 749, 384, 768]",482,2.016415859622417e+18,
2016415859622416980,W109684747,text,"Der enge Zusammenhang zwischen der Matrizenschreibweise und der Kalkülform der Buchhaltung wird dann ersichtlich, wenn man in die Matrix Doppelspalten einführt und sie dadurch in eine Art amerikanisches Journal verwandelt. ",64,"[124, 781, 873, 855]",483,2.016415859622417e+18,
2016415859622416981,W109684747,text,"Der Vorteil der Matrizenschreibweise zeigt sich anschaulich bei dem in der Fertigung oft vorkommenden Problem der Bestimmung von Einsatzmengen mehrerer Bestandteile. Geht es darum, festzustellen, welche und wie viele Bestandteile eines Fabrikates (z. B. eines Autos) zu unterschiedlichen Zeiten des Produktionsprozesses gebraucht werden, dann versagt die Kombinationsfähigkeit des menschlichen Geistes selbst dann, wenn zur Erläuterung mit graphischen Darstellungen, also mit Mengen- und WertfluBbildern oder, wie sie auch genannt werden, Gozinto-Graphiken (von ""go into""), gearbeitet wird. Die Zusammenhänge werden derart unübersichtlich, da man nur mit mathematischen Techniken weiterkommt; hier hilft eben die Matrizenrechnung, die von den Stücklisten ausgeht und den Teileeinsatz, allerdings nur den direkten Einsatz, tabellarisch festhält. (Eventuell könnte noch mit Lochkartenstapeln, Magnetbändern oder anderen Mitteln der Informationsspeicherung gearbeitet werden.) ",64,"[120, 869, 875, 907]",484,2.016415859622417e+18,
2016415859622416984,W109684747,text,,65,"[122, 125, 875, 335]",487,2.016415859622417e+18,
2016415859622416986,W109684747,text,"In den Leerfeldern werden Nullen eingetragen, die als fremdbezogene Teile gelten. Beispielsweise bedeutet die dritte Zeile ",65,"[126, 651, 875, 687]",489,2.016415859622417e+18,
2016415859622416987,W109684747,text,"daB zur Erzeugung des Teiles 1 zwei Einheiten des Bestandteiles 3, daB zur Erzeugung des Teiles 2 null Einheiten des Bestandteiles 3, daB zur Erzeugung des Teiles 4 eine Einheit des Bestandteiles 3 usw. benötigt werden. ",65,"[126, 738, 785, 814]",490,2.016415859622417e+18,
2016415859622416988,W109684747,text,"Will man, über den direkten Einsatz der Teilemengen hinausgehend, die Gütermengen feststellen, die insgesamt benötigt werden, um eine Einheit eines bestimmten Teiles herzustellen, dann muB man aus der Stücklisten-Matrix die zugehörige Matrix des Teilebedarfes B bilden. ",65,"[124, 830, 875, 907]",491,2.016415859622417e+18,
2016415859622416992,W109684747,text,"Berücksichtigt man noch das Verkaufsprogramm, dann werden die Matrizen so umfangreich und verändern sich so rasch, dab man ohne elektronische Rechenmaschinen nicht mehr auskommt. Allein die Fülle der verschiedenen Rohstoffe bzw. sonstiger Einsatzteile hat zur Folge, ,da die Anwendung des Gozinto-Kalküls bereits in seiner einfachsten Form ... sehr umfangreiche Berechnungen auslöst"" (19). Die Matrizenrechnung ist für die Lösung fertigungstechnischer Aufgaben geradezu prädestiniert, aber, wie Pichler, der sich intensiv mit ihr beschäftigt hat, feststellt, ,im allgemeinen ... nicht einmal dem Namen nach bekannt"" (20). Es hat aber den Anschein, als würde die Matrixalgebra in der Zukunft im betriebswirtschaftlichen Rechnungswesen eine gröBere Rolle spielen. ",66,"[124, 405, 875, 602]",495,2.016415859622417e+18,
2016415859622416993,W109684747,text,"Während die von Pichler behandelten Beispiele hauptsächlich Fälle der Produktionskontrolle darstellen, erläutert Wenke (21) den praktischen Wert des Matrizenkalküls in der Kostenrechnung. Er führt aus, daB die Umlage in einem Betriebsabrechnungsbogen durch die Anwendung der Matrizenrechnung in einem MaBe verfeinert wird, wie es mit der üblichen, stufenweisen Kostenumlage im BAB niemals erreicht werden kann. Wenn z. B. die Anlagenabschreibungen im Verhältnis des in den verschiedenen Kostenstellen eingesetzten Anlagevermögens umgelegt werden sollen und die einzelnen Abteilungen aufs engste miteinander verflochten sind, dann ist die Matrizenrechnung das ideale Hilfsmittel zur Lösung dieses Problems. Grundsätzlich sei die leistungsgerechte Kostenumlage in Betrieben, in denen zwischen den Abteilungen (Kostenstellen) ein gegenseitiger Leistungsaustausch besteht, nicht mehr in der gegenwärtig üblichen Weise, also stufenweise, möglich, sondern mu simultan, d. h. mit Hilfe der Matrizenrechnung, erfolgen. Je verflochtener die einzelnen Kostenstellen miteinander sind, desto mehr versagt das Stufen-Umlage-Verfahren. ",66,"[124, 617, 875, 905]",496,2.016415859622417e+18,
2016415859622416996,W109684747,title,Beispiel: ,67,"[122, 125, 207, 143]",499,,1.0
2016415859622416997,W109684747,text,I. Betriebsabrechnungsbogen ,67,"[124, 150, 397, 166]",500,2.016415859622417e+18,
2016415859622416999,W109684747,text,II. ,67,"[122, 382, 149, 396]",502,2.016415859622417e+18,
2016415859622417000,W109684747,text,"$\begin{array} { l l } { \mathbf { r } _ { 2 1 } ~ = ~ 1 } & { ( 1 ) \gets ~ \mathbf { u } _ { 1 } } \\ & { \Big \downarrow } \\ { \mathbf { r } _ { 3 2 } ~ = ~ 1 } & { ( 2 ) \gets ~ \mathbf { u } _ { 2 } } \\ & { \Big \downarrow } \\ & { ( 3 ) \gets ~ \mathbf { u } _ { 3 } } \\ & { \Big \downarrow } \end{array}$ a) Weil die Kostenstelle I ihre Gesamtleistung an die Stelle II abgibt, ist $\mathbf { r _ { 2 1 } } = 1$ . b) Weil die Kostenstelle II ihre Gesamtleistung an die Stelle III abgibt, ist $\mathbf { r _ { 3 2 } } = \mathbf { 1 }$ . Alle anderen $\mathbf { r _ { i j } }$ (in diesem Beispiel einfachster Verflechtung) $\mathit { \Theta } = \mathit { \Theta } \mathfrak { 0 }$ . ",67,"[122, 397, 877, 523]",503,2.016415859622417e+18,
2016415859622417001,W109684747,text,III. Daher sieht die Matrix folgendermaBen aus: ,67,"[122, 528, 588, 545]",504,2.016415859622417e+18,
2016415859622417003,W109684747,text,und die inverse Matrix ,67,"[126, 609, 347, 626]",506,2.016415859622417e+18,
2016415859622417005,W109684747,text,Die simultane Kostenumlage wird in Gleichungen ausgedrückt und das so entstehende Gleichungssystem in Matrizenform geschrieben. Bei einem Unternehmen mit n Kostenstellen würden die Gleichungen für die Kostenstelle I $( \mathbb { K } _ { 1 } )$ folgendermaBen aussehen: ,67,"[124, 698, 879, 772]",508,2.016415859622417e+18,
2016415859622417006,W109684747,text,"$\mathtt { U } _ { \mathrm { i } } =$ Summe aller in der Kostenstelle i anfallenden ursprünglichen Kosten   
$\mathbf { K } _ { \mathrm { i } } =$ Gesamtkosten der Kostenstelle i   
${ \bf r _ { i j } } =$ relativer Anteil an den Leistungen der Kostenstelle j, der von der Kostenstelle i verbraucht wird   
${ \bf { r } _ { i j } } =$ niemals kleiner als 0 und niemals gröBer als 1. ",67,"[124, 784, 877, 911]",509,2.016415859622417e+18,
2016415859622417009,W109684747,text,Die Gesamtkosten der Kostenstelle I $( \mathbb { K } _ { 1 } )$ sind daher: ,68,"[130, 125, 625, 143]",512,2.016415859622417e+18,
2016415859622417010,W109684747,text,"ursprüngliche Kosten $\mathbf { u _ { 1 } }$ der Kostenstelle I $\begin{array} { r l } { \mathbf { \Phi } } & { { } = \mathbf { \Phi } \mathbf { u } _ { \mathbf { 1 } } } \end{array}$ Anteil $\bf { r _ { 1 2 } K _ { 2 } }$ an den Kosten der Kostenstelle II, welcher der von der Kostenstelle II bezogenen Leistung entspricht = r12K2 $+ \mathrm { { } ^ { \int _ { d e r \ K o s t e n s } ^ { A n t e i l { \bf ~ r } _ { 1 3 } K _ { 3 } } } }$ an den Kosten der Kostenstelle III, welcher der von telle III bezogenen Leistung entspricht $\bf \lambda = \delta r _ { 1 3 } \mathrm { K _ { 3 } }$ = rinKn ",68,"[130, 151, 879, 315]",513,2.016415859622417e+18,
2016415859622417011,W109684747,text,"In Fällen, in denen eine Kostenstelle nur Leistungen abgibt und keine empfängt, also in denen die Leistungen nur in einer Richtung flieBen, kann das konventionelle Umlageverfahren beibehalten und die Matrizenrechnung dort verwendet werden, wo ein gegenseitiger Leistungswechsel erfolgt. Dadurch wird die Matrizenrechnung wesentlich vereinfacht. Findet zwischen manchen Kostenstellen überhaupt kein Leistungsaustausch statt, so vereinfacht sich die Rechnung noch mehr, denn in allen diesen Fällen ist ${ \bf { r } } _ { \mathrm { { i j } } } = { \bf { 0 } }$ . ",68,"[126, 331, 875, 458]",514,2.016415859622417e+18,
2016415859622417012,W109684747,title,4. Die Theorie der Warteschlangen ,68,"[322, 493, 675, 513]",515,,1.0
2016415859622417013,W109684747,text,"Das Merkmal dieser Theorie (Waiting Line or Queueing Theory) besteht in der Verzögerung eines Ablaufprozesses, die durch einen Engpa hervorgerufen wird. Aus diesem Grunde spricht man auch von einer EngpaBtheorie oder, weil sich die vor der Engstelle wartenden Ablaufelemente stauen, auch von einer Stauungstheorie. Die Ablaufelemente können Nachrichten, Güter und auch Menschen sein. Immer geht es um einen Vorgang, dessen kontinuierlicher Ablauf gestört ist. Vom Standpunkt der betriebswirtschaftlichen Operationsforschung aus kommt es darauf an, die Bildung und das Verhalten der Warteschlange zu studieren und Wege zu finden, wie die Bildung einer derartigen Stauschlange vermieden werden kann. Ganz wird man die Stauungen wohl nur selten beseitigen können, aber man wird ein kostenmäig günstiges Verhältnis ausrechnen können. ",68,"[126, 525, 875, 743]",516,2.016415859622417e+18,
2016415859622417014,W109684747,text,"Die Theorie ist durch die erfolgreiche Anwendung im Nachrichtenwesen bei der optimalen Dimensionierung von Telefonleitungen (A. K. Erlang, 1908) bekanntgeworden, und man ist bestrebt, sie auch auf andere Probleme, wie z. B. die Landung von Flugzeugen, das Be- und Entladen von Schiffen, die Planung von Verkehrswegen und Parkplätzen, die Anlage von Kreuzungssignalanlagen, optimale Zollabfertigungen, FlieBbandkontrollen usw., anzuwenden. Darüber hinaus sieht Frenckner (22) auch die Möglichkeit, die Warteschlangen-Theorie auf Fragenkreise, wie ",68,"[124, 759, 875, 905]",517,2.016415859622417e+18,
2016415859622417017,W109684747,text,"a) Dimensionierung der Lager, des Personals, der Maschinen oder Maschinengruppen, Transportvorrichtungen u. a. in der Fertigung oder in der Distribution;   
b) Dimensionierung des personellen und sachlichen Apparates in der Verwaltung und in der Geschäftsleitung;   
c) Dimensionierung des Kommunikations-Systems eines Unternehmens und des AusmaBes der Delegation von Entscheidungsbefugnissen;   
d) Beurteilung der optimalen Liquiditätsbereitschaft eines Unternehmens;   
e) Beurteilung der optimalen Investitionspolitik eines Unternehmens im Rahmen gewisser Hypothesen über die wahrscheinlichen Ankunftsfrequenzen für verschiedene rentable Investitionsalternativen ",69,"[122, 124, 875, 351]",520,2.016415859622417e+18,
2016415859622417018,W109684747,text,zu beziehen. ,69,"[124, 360, 241, 374]",521,2.016415859622417e+18,
2016415859622417019,W109684747,text,"Den Modellen, die für das Verhalten der Wartenden vor den Engstellen (z. B. Fahrkartenschalter) konstruiert werden, liegt im allgemeinen die Poissonsche Verteilung zugrunde, wobei angenommen wird, daB die Ablaufelemente regellos und zufällig vor der Engstelle eintreffen. Die Theorie stimmt nur insofern, als alle Wartenden durch den Engpa durchgeschleust werden und keine andere Möglichkeit haben, andere Kanäle zu benutzen. Dabei ist es grundsätzlich gleichgültig, aus wie vielen Kanälen die Staustelle besteht; allerdings sind multiple Warteschlangen-Probleme, d. h. solche, bei denen mehrere Abfertigungsstellen vorliegen — im Gegensatz zu einfachen Warteschlangenproblemen bei nur einer einzigen Abfertigungsstelle -, sehr schwierig zu berechnen. ",69,"[124, 387, 875, 570]",522,2.016415859622417e+18,
2016415859622417020,W109684747,text,"Reagieren die Wartenden nicht in der erwarteten Weise, d. h. stellen sie sich nicht an, um zu warten, bis sie an die Reihe kommen, sondern gehen wieder fort oder warten erst eine Weile und wenden sich dann ab, so kann die Theorie nicht angewendet werden. Eine solche Reaktion ist beispielsweise in einem Kaufhaus oder in einem Restaurant, wo es vorkommen kann, daB die Käufer oder Gäste ungeduldig fortgehen, ohne weiteres möglich. Hingegen bleibt einem Reisenden an der Grenze kein anderer Weg übrig (wenn er nicht eine andere, vielleicht weit entfernte Grenzübertrittstelle wählen will) als zu warten, bis auch er an die Zollabfertigung kommt. Auch ein Kunde in einem Selbstbedienungsgeschäft kann das Lokal nur an einer Stelle, nämlich bei der Kasse, verlassen. Deshalb läBt sich die Warteschlangen-Theorie in diesen Fällen ebenfalls gut anwenden. ",69,"[126, 586, 877, 803]",523,2.016415859622417e+18,
2016415859622417021,W109684747,text,"Die Wartezeit in einer Warteschlange kann berechnet werden, wenn man die Anzahl der eintreffenden Ablaufelemente, z. B. Autos an der Kreuzung, Reisende vor einem Fahrkartenschalter, Arbeitsstücke auf dem Flieband, ihre wahrscheinliche zeitliche Verteilung, die durchschnittliche Zuwachsrate und die durchschnittliche Länge der Warteschlange, die Zahl der Abfertigungsstellen und die Abfertigungszeit an dem ,Flaschenhals"" kennt. Allerdings gibt es nur eine beschränkte Anzahl von Fällen, die analytisch behandelt werden können. ",69,"[128, 817, 877, 908]",524,2.016415859622417e+18,
2016415859622417024,W109684747,text,,70,"[122, 124, 866, 160]",527,2.016415859622417e+18,
2016415859622417025,W109684747,text,"Sind die Ankunfts- und Abfertigungsverteilungen der mathematischen Beschreibung nicht zugänglich, dann hilft man sich mit anderen Techniken, beispielsweise mit dem sogenannten Monte-Carlo-Verfahren, um numerische Ergebnisse zu bekommen. ",70,"[124, 170, 869, 243]",528,2.016415859622417e+18,
2016415859622417026,W109684747,text,"Eine Warteschlange ist durch die Wahrscheinlichkeiten $\mathbf { P _ { n } }$ charakterisiert, da zu irgendeiner Zeit 0, 1, 2, 3 oder n Einheiten in der Schlange warten werden. Ist die mittlere Ankunftsrate gröBer als die mittlere Abfertigungsrate, dann wächst die Warteschlange ins Unendliche. ",70,"[126, 253, 871, 327]",529,2.016415859622417e+18,
2016415859622417027,W109684747,text,"Munz (23) führt in einer Untersuchung vier Hauptprobleme an, die mit Hilfe der Warteschlangen-Theorie behandelt werden können. ",70,"[126, 338, 871, 374]",530,2.016415859622417e+18,
2016415859622417029,W109684747,text,Bei Marshall (24) finden wir folgendes Beispiel einer an einer StraBenkreuzung entstehenden Warteschlange: ,70,"[124, 584, 875, 620]",532,2.016415859622417e+18,
2016415859622417031,W109684747,text,Aus ${ \begin{array} { r l } & { { \mathrm {  ~ t ~ } } = { \mathrm {  ~ t o ~ } } + { \frac { \mathrm {  ~ \bf { S } ~ } } { \mathrm {  ~ \nabla ~ } } } } \\ & { { \mathrm {  ~ T ~ } } = { \mathrm {  ~ \ k _ { t d } ~ } } + { \mathrm {  ~ \nabla ~ } } } \\ & { \quad = \mathrm {  ~ \ k _ { t d } ~ } + { \mathrm {  ~ \nabla ~ } } { \mathrm {  ~ t o ~ } } + { \frac { \mathrm {  ~ \ k ~ } { \mathrm {  ~ \nabla ~ } } } { { \mathrm {  ~ \nabla ~ } } } } } \end{array} }$ und ,70,"[126, 829, 388, 908]",534,2.016415859622417e+18,
2016415859622417034,W109684747,text,"ergibt sich, daB die Anzahl der Autos $\mathbf { k }$ , die in der Lage sein wird, in einer bestimmten ,,Grün-Zeit"" über die Kreuzung zu kommen, sich belaufen wird auf ",71,"[124, 124, 873, 159]",537,2.016415859622417e+18,
2016415859622417036,W109684747,text,"Um eine Warteschlange abzubauen, gibt es verschiedene Möglichkeiten; man kann die Anzahl der Abfertigungsstellen erhöhen, die Abfertigungszeit verkürzen oder das Eintreffen der Ablaufelemente regulieren. Welche der angeführten Möglichkeiten ergriffen wird, hängt von dem gesteckten Ziel und dem erwünschten Grad der Wirtschaftlichkeit ab. ",71,"[122, 230, 875, 321]",539,2.016415859622417e+18,
2016415859622417037,W109684747,text,"Der für das Hindurchtreten der Wartenden zutreffendste Ausdruck ist wohl ,durchschleusen"". Dieses Wort gibt den Vorgang des Hindurchgehens am besten wieder, weil es die Art und Weise des Vorgangs, gewissermaBen seine Qualität, unberücksichtigt läBt. Die Qualität ist aber in vielen betriebswirtschaftlichen Fällen von nicht zu unterschätzender Bedeutung; so z. B. bei der Kundenbedienung in Einzelhandelsgeschäften, beim Kellnerservis in Hotelbetrieben u. a. Hier kommt es oftmals gar nicht darauf an, die Wartenden abzufertigen, sondern vielmehr darauf, ein Service zu erbringen, das über die Abfertigung weit hinausgeht. Wenn man hingegen auf die individuelle Dienstleistung verzichtet, dann ist die Theorie wieder anwendbar, wobei die Leistung freilich versachlicht wird: Aus dem Restaurant wird eine Kantine, eine Abgabestelle für Speisen, und aus dem Einzelhandelsgeschäft eine Warenverteilungsstelle für Bezugsberechtigte. Je individueller die Verteilungsleistung ist, d. h. je mehr sie den Charakter einer Dienstleistung, eines Service oder gar Superservice hat, desto mehr verschlieBt sie sich der Warteschlangen-Theorie; je sachlicher sie ist, desto mehr steht sie ihr offen. ",71,"[126, 334, 877, 639]",540,2.016415859622417e+18,
2016415859622417038,W109684747,title,5. Die Spieltheorie ,71,"[411, 675, 594, 694]",541,,1.0
2016415859622417039,W109684747,text,"Ausgehend von der Überlegung, daB die MaBnahmen der Unternehmungsleitung nicht autonom gesetzt werden können, sondern mit GegenmaBnahmen der Partner gerechnet werden mu, beschäftigt sich die Spieltheorie mit den optimalen Aktionen bei einer gegebenen Wirtschaftssituation. Anders, und zwar wie in der Literatur über die Spieltheorie ausgedrückt, könnte man sagen, da in der Realität die Variablen nicht unter der Kontrolle einer einzigen Person (z. B. Robinson) stehen, sondern daB mehrere Personen das Geschehen beeinflussen. ",71,"[130, 710, 879, 856]",542,2.0164158596224172e+18,
2016415859622417040,W109684747,text,"Die Beteiligten nennt man Spieler, ihre Handlungen und ihre Gegenhandlungen Spielstrategien, das ganze Geschehen ein Spiel. Es bestehen Interessenkonflikte, die in der Spielsituation unter Einhaltung bestimmter Regeln erfaBt werden müssen. Die Regeln können durch Ubereinkommen festgelegt werden, technologisch bedingt oder sonstwie gegeben sein. Kommt es zwischen den Spielern zu Abmachungen, Koalitionen, so spricht man von kooperativen Spielen. ",71,"[135, 871, 879, 907]",543,2.0164158596224172e+18,
2016415859622417043,W109684747,text,,72,"[126, 125, 871, 196]",546,2.0164158596224172e+18,
2016415859622417044,W109684747,text,"Die für die wirtschaftliche Leistungserstellung etwas unglückliche Bezeichnung ,,Spiel"" leitet sich von den Gesellschaftsspielen ab. Um zwischen diesen und jenen zu unterscheiden, spricht man einerseits von Glücksspielen und andererseits von strategischen Spielen. Bei den ersten hängt das Resultat vom reinen Zufall, bei den strategischen Spielen vom Verhalten der beteiligten Spieler ab. Während die mathematische Behandlung der Glücksspiele verhältnismäBig einfach ist und die Probleme schon bald zufriedenstellend gelöst werden konnten, trifft das für die strategischen Spiele nicht zu. Das ist verständlich, wenn man bedenkt, daB es sich hier nicht um den blinden Zufall handelt, sondern um das Verhalten von Menschen, die sich auBerdem selbst im rationalen Bereich nicht nur durch die höchstmögliche Rentabilität (Gewinnmaximierung), sondern auch durch andere Richtlinien leiten lassen. ",72,"[124, 212, 871, 429]",547,2.0164158596224172e+18,
2016415859622417045,W109684747,text,Die Spieltheorie wurde von Morgenstern und von Neumann begründet. In ihrem Standardwerk (25) gliedern sie die Spiele in zwei Hauptgruppen: ,72,"[124, 445, 873, 481]",548,2.0164158596224172e+18,
2016415859622417046,W109684747,text,"A) Nullsummenspiele, bei denen die eine Seite die Verluste der anderen gewinnt und also keine VergröBerung oder Verkleinerung des ,Sozialprodukts"" eintritt (reines Verteilungsproblem, wie es bei allen Gesellschaftsspielen der Fall ist).   
B)Nicht-Nullsummenspiele, bei denen die Summe aller Zahlungen am Ende des Spieles nicht Null, sondern vielmehr gröBer oder kleiner als Null ist. ",72,"[126, 490, 875, 609]",549,2.0164158596224172e+18,
2016415859622417047,W109684747,text,Die u. E. für die betriebswirtschaftliche Beurteilung der Spieltheorie wichtigsten Hilfskonstruktionen sind ,72,"[126, 623, 873, 658]",550,2.0164158596224172e+18,
2016415859622417048,W109684747,text,"1. die Annahme, daB bei n-Personen-Nullsummenspielen, bei denen die Spieler so gruppiert werden, daB zwei Parteien entstehen, die Einzelspieler innerhalb der Parteien eine vollkommene Koalition bilden, und ",72,"[126, 668, 875, 723]",551,2.0164158596224172e+18,
2016415859622417049,W109684747,text,"2. die Einführung des ,fiktiven Spielers"" bei Nicht-Nullsummenspielen. ",72,"[126, 733, 794, 751]",552,2.0164158596224172e+18,
2016415859622417050,W109684747,text,"Durch die erste Annahme reduzieren sich die n-Personen-Spiele auf einfache Zweipersonenspiele, und durch die Einführung des ,fiktiven Spielers"" wird erreicht, daB die Zahlungen am Ende eines Nicht-Nullsummenspieles ebenfalls Null werden. ",72,"[126, 761, 875, 833]",553,2.0164158596224172e+18,
2016415859622417051,W109684747,text,"Im nachfolgenden wird — insoweit gekürzt, als es für eine betriebswirtschaftliche Betrachtung notwendig ist - ein Beispiel wiedergegeben, das in ausgezeichneter Weise von Henn (26) dargestellt wird. ",72,"[126, 848, 875, 901]",554,2.0164158596224172e+18,
2016415859622417055,W109684747,text,"Die Spielsituation ist durch die Angaben 1-9 gegeben, und es entsteht jetzt für die betriebswirtschaftliche Operationsforschung die Aufgabe, herauszufinden, wo die beiden Unternehmungen ihre Warenhäuser vorteilhafterweise errichten sollen. Es wird vorausgesetzt, daB beide Unternehmungen ,,vernünftig handeln"" (27) und daB jede Gewinnzunahme bei einer Entscheidung von $\mathtt { U } _ { 1 }$ gleichzeitig zu einer Gewinnabnahme bei $\bf { U _ { 2 } }$ führt. ",73,"[128, 745, 879, 855]",558,2.0164158596224172e+18,
2016415859622417056,W109684747,text,"Da die Ausgaben pro Woche in allen 4 Städten laut Angabe 7 genau 100 000 betragen, genügt es, bei den nachfolgenden Berechnungen nur die Handlungen bzw. Überlegungen einer Unternehmung, nämlich $\mathbb { U } _ { 1 } ,$ anzuführen. Die entsprechenden Zahlen für $\mathbf { U _ { 2 } }$ sind nur jeweils die Ergänzungen auf 100 000. ",73,"[130, 869, 877, 905]",559,2.0164158596224172e+18,
2016415859622417059,W109684747,text,,74,"[124, 124, 866, 160]",562,2.0164158596224172e+18,
2016415859622417060,W109684747,text,"Wenn sich die Unternehmung $\mathtt { U _ { 1 } }$ für eine Gründung in der Stadt B und die Unternehmung ${ \mathtt { U } } _ { 2 }$ für eine in der Stadt A entscheidet, dann ergibt sich der Gesamtumsatz gemä Angabe 8 wie folgt: ",74,"[124, 169, 866, 224]",563,2.0164158596224172e+18,
2016415859622417061,W109684747,text,Städte A B C D O O O Unternehmung (U2) (U1) ,74,"[226, 238, 742, 286]",564,2.0164158596224172e+18,
2016415859622417062,W109684747,text,"Der Umsatz von ${ \bf { U } _ { 1 } }$ in $\mathbf { B }$ beläuft sich lt. Angabe 8a auf $80 \%$ des Gesamtumsatzes von B, weil ${ \bf { U } _ { 1 } }$ der Stadt B näher liegt als $\bf { U _ { 2 } } ,$ daher $80 \%$ von 40 000 $= 3 2 0 0 0$ . ",74,"[124, 299, 873, 353]",565,2.0164158596224172e+18,
2016415859622417063,W109684747,text,"Der Umsatz von ${ { \bf { U } _ { 1 } } }$ in C beläuft sich lt. Angabe 8a auf $80 \%$ des Gesamtumsatzes von C, weil ${ \bf { U } _ { 1 } }$ der Stadt C näher liegt als ${ \bf { U _ { 2 } } } ,$ ,daher $80 \%$ von 20 000 $= 1 6 0 0 0$ . ",74,"[124, 363, 871, 416]",566,2.0164158596224172e+18,
2016415859622417064,W109684747,text,"Der Umsatz von $\mathbf { U _ { 1 } }$ in $\mathbf { D }$ beläuft sich lt. Angabe 8a auf $80 \%$ des Gesamtumsatzes von D, weil $\mathbf { U } _ { 1 }$ der Stadt D näher liegt als $\bf { U _ { 2 } } ,$ daher $80 \%$ von 20 000 $= 1 6 0 0 0$ . ",74,"[124, 426, 871, 481]",567,2.0164158596224172e+18,
2016415859622417065,W109684747,text,"Der Umsatz von ${ \bf { U } _ { 1 } }$ in A beläuft sich lt. Angabe 8c auf $40 \%$ des Gesamtumsatzes von A, weil ${ \bf { U } _ { 1 } }$ von der Stadt A weiter entfernt liegt als $\mathbf { U _ { 2 } } ,$ daher $40 \%$ von $2 0 0 0 0 = 8 0 0 0$ . ",74,"[124, 492, 871, 547]",568,2.0164158596224172e+18,
2016415859622417066,W109684747,text,Addiert man die 4 Stadtumsätze von $\mathtt { U } _ { 1 }$ ,74,"[124, 557, 503, 574]",569,2.0164158596224172e+18,
2016415859622417068,W109684747,text,"so erhält man den Gesamtumsatz, den ${ \bf { U } _ { 1 } }$ erzielen kann, wenn sie sich für die Stadt B und wenn sich $\mathtt { U _ { 2 } }$ für die Stadt A entscheidet. Das Entscheidungspaar lautet: ",74,"[124, 612, 873, 665]",571,2.0164158596224172e+18,
2016415859622417070,W109684747,text,"Der Umsatz von $\mathbf { U _ { 2 } }$ ist die Ergänzung auf 100 000, somit 28 000. ",74,"[126, 887, 723, 904]",573,2.0164158596224172e+18,
2016415859622417073,W109684747,text,Es werden nun für alle möglichen Entscheidungspaare die Gesamtumsätze berechnet und eine Zahlungsmatrix für ${ \bf { U _ { 1 } } }$ aufgestellt. ,75,"[122, 124, 873, 160]",576,2.0164158596224172e+18,
2016415859622417075,W109684747,text,In dieser Matrix finden wir u. a. auch die 72 000 unseres Entscheidungspaares ,75,"[120, 364, 873, 382]",578,2.0164158596224172e+18,
2016415859622417076,W109684747,text,"Als nächstes werden die Zeilenminima, welche die ungünstigen Fälle für $\mathtt { U _ { 1 } }$ in der jeweiligen Zeile darstellen, herausgesucht und in der Matrix eingeklammert. Es sind die Umsätze: ",75,"[124, 431, 875, 484]",579,2.0164158596224172e+18,
2016415859622417077,W109684747,text,"Das gröBte dieser 4 Zeilenminima ist der Umsatz von 60 000. Dieser Umsatz ist für ${ \bf { U } _ { 1 } }$ der gröBtmögliche, den $\bf { U _ { 2 } }$ in keinem Fall verhindern kann. Der Umsatz von 60 000 für ${ \bf { U } _ { 1 } }$ entsteht dann, wenn sich beide Unternehmen dafür entscheiden, ihre Warenhäuser in B zu errichten. ",75,"[126, 567, 877, 639]",580,2.0164158596224172e+18,
2016415859622417078,W109684747,text,"Zu dem gleichen Ergebnis gelangt man auch dann, wenn man an Stelle der Zahlungsmatrix für $\bf { U _ { 1 } }$ jene für ${ \bf { U _ { 2 } } }$ aufstellt. ",75,"[124, 646, 875, 684]",581,2.0164158596224172e+18,
2016415859622417082,W109684747,text,"Während bei $\bf { U _ { 1 } }$ die Zeilenminima festgestellt wurden, müssen hier die Spaltenminima abgelesen werden. Es sind die Umsätze: ",76,"[128, 125, 871, 160]",585,2.0164158596224172e+18,
2016415859622417083,W109684747,text,"Das gröBte dieser 4 Spaltenminima ist der Umsatz von 40 000. Dieser Umsatz ist für $\mathrm { { U _ { 2 } } }$ der gröBtmögliche, den sich $\mathbf { U _ { 2 } }$ sichern kann. Er ergibt ebenfalls das Entscheidungspaar ",76,"[126, 254, 873, 308]",586,2.0164158596224172e+18,
2016415859622417084,W109684747,text,"Die Stelle: 2. Zeile/2. Spalte nennt man den Sattelpunkt der Matrix. In diesem Zusammenhang ist es interessant, darauf hinzuweisen, da die Linearplanung ein Sattelpunktfall des Nullsummen-Zweipersonenspieles und damit ein Spezialproblem der Spieltheorie ist. ",76,"[126, 361, 875, 434]",587,2.0164158596224172e+18,
2016415859622417085,W109684747,text,"SchlieBlich sei noch erwähnt, da man die ${ \bf { U _ { 2 } } }$ -Umsätze auch direkt aus der $\mathtt { U } _ { 1 } .$ . Matrix herauslesen kann; nur mu ",76,"[122, 448, 871, 483]",588,2.0164158596224172e+18,
2016415859622417086,W109684747,text,a) anstatt des gröβten Spaltenminimums b) das kleinste Spaltenmaximum ,76,"[303, 493, 692, 529]",589,2.0164158596224172e+18,
2016415859622417087,W109684747,text,gesucht werden. Im vorliegenden Fall: ,76,"[124, 536, 490, 554]",590,2.0164158596224172e+18,
2016415859622417088,W109684747,text,"Die Zahlungsmatrix erlaubt es, sofort die optimale Entscheidung abzulesen. Wenn beispielsweise $\bf { U } _ { 2 } ,$ anstatt sich in B niederzulassen, aus irgendwelchen irrationalen Gründen in die Stadt D zieht, dann ist die optimale Entscheidung (Strategie) für ${ \bf { U } _ { 1 } }$ die Stadt C, denn dort wird der Umsatz 72 000. Die Anwendung der Spieltheorie sichert dem Spieler ein bestimmtes Resultat, das sich noch verbessern kann, wenn der Gegenspieler ,fehlerhaft spielt"", beispielsweise in die Stadt C anstatt in die Stadt B zieht. ",76,"[124, 646, 875, 774]",591,2.0164158596224172e+18,
2016415859622417089,W109684747,title,6. Das Zeit-Verhältnis-Verfahren ,76,"[334, 804, 663, 824]",592,,1.0
2016415859622417090,W109684747,text,"Dieses Verfahren ist deshalb von besonderem Interesse, weil es wie kein anderes zeigt, wie die betriebswirtschaftliche Operationsforschung in der Verkaufsplanung, von Vergangenheitswerten ausgehend, Aussagen über die Zukunft macht. ",76,"[124, 833, 873, 905]",593,2.0164158596224172e+18,
2016415859622417093,W109684747,text,"Beispiel (28): Im vorhergegangenen Jahr oder in der vorhergegangenen Verkaufsperiode wurden von einem Artikel in der ersten Woche 6 Verkäufe getätigt, in der zweiten Woche 9 Verkäufe, in der dritten Woche ebenfalls 9 Verkäufe usw. ",77,"[122, 124, 875, 195]",596,2.0164158596224172e+18,
2016415859622417094,W109684747,text,"Es werden nun die Verkäufe in der Weise akkumuliert, daB die 6 Verkäufe der 1. Woche mit den 9 Verkäufen der 2. Woche zu 15 zusammengezogen werden, diese mit den 9 Verkäufen der 3. Woche zu 24 usw., bis in der Reihe der kumulativen Verkäufe des Artikels einschlieBlich der letzten Woche die Zahl 300 erreicht wird. ",77,"[122, 205, 875, 296]",597,2.0164158596224172e+18,
2016415859622417095,W109684747,text,"Als nächstes benötigt man den Prozentsatz der kumulativen Verkäufe des Artikels vom Gesamtverkauf desselben, und zwar bis einschlielich der letzten Woche. Die kumulativen Verkäufe der letzten Woche in Höhe von 300 werden mit $100 \%$ gleichgesetzt; dann sind ",77,"[124, 305, 875, 379]",598,2.0164158596224172e+18,
2016415859622417096,W109684747,text,a) die 6 kumulativen Verkäufe der 1. Woche vom Gesamtverkauf 300 gleich ,77,"[120, 387, 846, 406]",599,2.0164158596224172e+18,
2016415859622417098,W109684747,text,b) die 15 kumulativen Verkäufe der 2. Woche vom Gesamtverkauf 300 gleich ,77,"[120, 447, 846, 464]",601,2.0164158596224172e+18,
2016415859622417100,W109684747,text,und es bildet sich die Kolonne der Prozentverhältnisse. ,77,"[124, 502, 644, 518]",603,2.0164158596224172e+18,
2016415859622417101,W109684747,text,Mit diesen vier Kolonnen ist die Ausgangsbasis für die Verkaufsvoraussagen geschaffen. ,77,"[124, 529, 875, 564]",604,2.0164158596224172e+18,
2016415859622417103,W109684747,text,"Unter der Annahme, da sich der zukünftige Verkauf der Artikel ähnlich verhalten wird wie in der beschriebenen Vergangenheitsperiode, kann der Verkauf in der Gegenwart für die Zukunft vorausgesagt werden. Wenn man beispielsweise in der 6. Woche der gegenwärtigen Verkaufsperiode steht und die gegenwärtigen kumulativen Verkäufe in dieser 6. Woche 100 Stück betragen (was leicht und schnell ausgerechnet werden kann), dann können für die 7., 8., 9. und alle anderen in der Zukunft liegenden Wochen die Verkaufsmengen mit Hilfe des für die Vergangenheit berechneten Prozentverhältnisses ausgerechnet werden. ",77,"[124, 853, 873, 908]",606,2.0164158596224172e+18,
2016415859622417106,W109684747,text,,78,"[126, 124, 869, 215]",609,2.0164158596224172e+18,
2016415859622417107,W109684747,text,"a)Verkaufsmenge für die 9. Woche $=$ Prozentverhältnis in der 9. Woche der Vergangenheit 100 x 100 x 68= 243, Prozentverhältnis in der 6. Woche der Vergangenheit 28   
) Verkaufsmenge für die 13. Woche $=$ Prozentverhältnis in der 13. Woche der Vergangenheit 100 x 100 x 100 = 357. Prozentverhältnis in der 6. Woche der Vergangenheit 28 ",78,"[124, 224, 871, 369]",610,2.0164158596224172e+18,
2016415859622417108,W109684747,text,"Wie bereits oben erwähnt wurde, gilt die Zeit-Verhältnis-Methode nur unter der Annahme, daB die Zukunftsverkäufe in ähnlicher Weise wie die Vergangenheitsverkäufe ,ablaufen"". Diese generelle Annahme kann in weitere Teilannahmen zergliedert werden. Es muB sowohl das gegenwärtige Gefüge der a) gesamten Käufe als auch b) der Wahrscheinlichkeit der Verkäufe mit dem Gefüge in der Vergangenheit gleich sein. Obwohl diese Annahme zweifellos die schwächste Stelle des Verfahrens ist, so sind doch Fälle denkbar, in denen tatsächlich die Vergangenheitsverkäufe als Grundlage für die Berechnung von Zukunftsverkäufen herangezogen werden können. Das wird nämlich dort der Fall sein, wo eben die genannte Wahrscheinlichkeit von sich regelmäBig wiederholenden Verkäufen gegeben ist, also etwa in Warenhäusern, Versandgeschäften und ähnlichen Unternehmungen. ",78,"[126, 379, 873, 599]",611,2.0164158596224172e+18,
2016415859622417109,W109684747,text,"Das Zeit-Verhältnis-Verfahren kann dadurch verfeinert werden, da die Gesamtverkäufe aller Artikel einbezogen werden. Auf die Darstellung dieses Verfahrens kann hier verzichtet werden. ",78,"[128, 609, 875, 662]",612,2.0164158596224172e+18,
2016415859622417112,W109684747,title,VIII. Die Rolle der elektronischen Rechenmaschinen ,79,"[133, 183, 860, 208]",615,,1.0
2016415859622417113,W109684747,title,1. Die Rechenautomaten ,79,"[378, 228, 621, 247]",616,,1.0
2016415859622417114,W109684747,text,"Wenngleich in den allermeisten Fällen zur Durchrechnung von operationsanalytischen Problemen elektronische Rechenautomaten herangezogen werden, so ist die betriebswirtschaftliche Operationsforschung doch nicht notwendigerweise auf das Vorhandensein solcher Anlagen angewiesen. Es ist ohne weiteres denkbar, eine Aufgabe, beispielsweise der Linearplanung, ohne Rechengeräte mit Bleistift und Papier durchzuführen; nur würde eine solche Arbeit Monate anstatt Stunden dauern, und der wirtschaftliche Effekt dieser Verfahrenstechnik wäre gleich Null. Insofern darf man behaupten, daB elektronische Rechengeräte für die betriebswirtschaftliche Operationsforschung unerläBlich sind, daβ erst mit ihrem Aufkommen die neuen operationsanalytischen Verfahren anwendbar geworden sind und dab man mit ihrer Hilfe Probleme lösen kann, die man bisher nicht hat lösen können. Das Datenmaterial, das bei betriebswirtschaftlichen Problemen verarbeitet werden muB, ist so umfangreich und die möglichen Kombinationen sind so zahlreich, da der Rechenstoff unübersehbar wird. Infolgedessen muB der Rechenstift durch die Rechenmaschine abgelöst werden. ",79,"[122, 261, 879, 538]",617,2.0164158596224172e+18,
2016415859622417115,W109684747,text,"Der Wert der Rechenautomaten liegt in erster Linie in ihrer enormen Rechengeschwindigkeit und sodann in ihrer Fähigkeit, gewisse programmierte Denkprozesse selbständig zu bewältigen. Die hohe Rechengeschwindigkeit, die ,elektronische Geschwindigkeit"", hat dazu geführt, dab Geräte dieser Art in verschiedenen Abrechnungs- bzw. Verrechnungsabteilungen eingesetzt werden. Es muB aber mit aller Deutlichkeit herausgestellt werden, daB ein derartiger Einsatz nichts mit der betriebswirtschaftlichen Operationsforschung zu tun hat, sondern eine Angelegenheit der Buchhaltung, Kostenrechnung, Materialbestandsverrechnung, Statistik usw. bleibt. Auch die mittels Elektronenrechner, FS-Anlagen und anderer Organisationsgeräte hochrationalisierten Platzbuchungssysteme bei Fluggesellschaften, Speditionssysteme in Versandhäusern, Scheckabrechnungssysteme in Bankfilialbetrieben usw. stehen auBerhalb der Operationsforschung. Diese konventionellen Abrechnungsgebiete bleiben unverändert und erhalten durch den Einsatz eines Rechenautomaten nur einen neuen ,Akzent"" insofern, als ihre Abschlüsse beschleunigt werden. Diese erfolgen nicht erst einige Wochen nach dem Abschlutermin, sondern liegen u. U. schon nach einigen Tagen, vielleicht sogar schon nach einigen Stunden vor. Das ist für die Unternehmungsführung von sehr groBer Bedeutung, und ein installierter Computer - allerdings mit entsprechender grundlegender Neuorganisierung des Informationsflusses im Betrieb (integrierte Datenverarbeitung) - kann schon unter Beibehaltung der bisherigen Informationsbehandlung, d. h. ohne Anwendung operationsanalytischer Verfahrenstechniken, für die Bereitstellung von quantitativen Entscheidungsunterlagen wertvolle Dienste leisten. Das dürfte auch der Grund dafür sein, weshalb der Einsatz von elektronischen Rechenautomaten ziemlich oft mit der betriebswirtschaftlichen Operationsforschung gleichgesetzt wird. ",79,"[124, 549, 879, 900]",618,2.0164158596224172e+18,
2016415859622417117,W109684747,text,,80,"[128, 125, 875, 251]",620,2.0164158596224172e+18,
2016415859622417118,W109684747,text,"Es ist aber festzuhalten, daB der Computer für die betriebswirtschaftliche Operationsforschung nur ein Werkzeug und nicht, wie in einem automatisierten Betriebsproze, das Endziel einer Totalorganisation ist. Mit Hilfe dieses Werkzeuges ist es möglich, mehr Licht in viele betriebswirtschaftliche Zusammenhänge zu bringen. Während man bisher aus Mangel an geeigneten Maschinen gezwungen war, mit primitiven betriebswirtschaftlichen Modellen zu arbeiten, kann man jetzt kompliziertere Modelle bewältigen. Mittels der phantastischen Rechengeschwindigkeit wird es möglich, alle Planungsrechnungen eines Betriebes flexibel und elastisch zu halten. Die Entscheidungspläne, z. B. Produktionspläne, können kurzfristig erstellt und laufend den neuen Gegebenheiten, z. B. den Absatzchancen, angepaBt werden. ",80,"[126, 269, 875, 468]",621,2.0164158596224172e+18,
2016415859622417119,W109684747,text,"Im Gegensatz zu mechanischen Rechengeräten steuern die elektronischen Rechenautomaten den Rechnungsablauf selbständig auf Grund der ihnen eingegebenen Programme (bei Ziffernrechnern) bzw. Nachbildungen des zu untersuchenden Prozesses (bei Analogrechnern). Darüber hinaus arbeiten sie nicht mehr mit Zahnrädern, sondern mit elektronischen Impulsen. Bei einer konventionellen Tischrechenmaschine werden die Daten (Ziffern) noch eingetastet, und die gewünschte Rechenoperation wird ebenfalls mit der Hand durch Drücken der jeweiligen Befehlstaste ausgelöst. ,Das Programm, nach dem die Rechnung erfolgen soll, wird somit in jedem Falle neu festgelegt."" (1) An Stelle der händischen Dateneingabe kann in weiterer Vervollkommnung jene durch Lochkarten, Lochstreifen usw. treten; aber erst mit der selbständigen Steuerung der Rechenvorgänge beginnt die neue Epoche. Es werden nicht nur die Zahlen eingegeben, sondern auch die Befehle, die der Maschine vorschreiben, was sie zu tun habe, wenn sie ein bestimmtes Zwischenergebnis oder auch Endergebnis ausgerechnet hat. ",80,"[124, 486, 875, 761]",622,2.0164158596224172e+18,
2016415859622417120,W109684747,text,"Grundsätzlich unterscheidet man Digitalrechner (dig $\mathbf { t s } = { \mathsf { \Omega } }$ Ziffern) und Analogrechner, wobei sich im betriebswirtschaftlichen Bereich die ersten durchgesetzt haben. Allerdings behauptet Morse (2), da es in jenen Fällen, in denen die menschlichen Handlungen von geringerer Bedeutung sind und Randomprozesse die Operation bestimmen, möglich ist, operationsanalytische Experimente auf spezialgebauten Analogrechnern abzuwickeln. Beide Automatentypen arbeiten mit Elektronenröhren, weshalb sie eben elektronische Rechengeräte genannt werden. Ein Maschinenaggregat besteht im allgemeinen aus folgenden Teilelementen: ",80,"[124, 778, 875, 907]",623,2.0164158596224172e+18,
2016415859622417123,W109684747,text,,81,"[122, 125, 871, 160]",626,2.0164158596224172e+18,
2016415859622417124,W109684747,text,"1) der Eingabevorrichtung, welche die Informationen aufnimmt (Beispiel: Tastatur einer Schreibmaschine, Rechenmaschine, mechanische Abgriffe, Lochstreifen, Lochkarten, Magnetbänder, FS-Empfänger),   
2) dem Rechenwerk, in dem sich die Rechenvorgänge abspielen,   
3) dem Steuerwerk, das die Operation nach Programmen, die der Maschine vorher mittels verschlüsselter Befehle eingegeben wurden, steuert,   
4) dem Speicher, der je nach der Maschinentype a) die Zahlen, b) die Ergebnisse, c) eventuell auch die Befehle enthält,   
5) der Ausgabevorrichtung, welche die Ergebnisse in Klartext der AuBenwelt mitteilt (Beispiel: Druckelemente von Klartextschreibmaschinen und Rechenmaschinen, Lochkarten, Lochstreifen, Magnetbandbeschrifter, Sendegeräte). ",81,"[120, 175, 877, 424]",627,2.0164158596224172e+18,
2016415859622417125,W109684747,text,"Die meisten Maschinen arbeiten nach dem Dual-System, und zwar deshalb, weil die elektronischen Schaltelemente, die nur zwei Zustände kennen, nämlich ,,Stromimpuls"" oder ,kein Stromimpuls"", leicht auf die beiden Ziffern abgestellt werden können. Die Umwandlung des Dezimal-Systems auf das Zweier-System besorgt die Maschine selbst. ",81,"[124, 439, 875, 535]",628,2.0164158596224172e+18,
2016415859622417126,W109684747,text,"Bei Anlagen für betriebswirtschaftliche Aufgaben spielen im Gegensatz zu jenen für wissenschaftlich-technische Aufgaben die Ein- und Ausgabegeräte eine besonders wichtige Rolle, da bei wirtschaftlichen Problemen bedeutend mehr Daten eingegeben und daher auch ausgegeben werden müssen als bei wissenschaftlich-technischen Problemen, bei denen wiederum der Rechenvorgang im Vordergrund steht und daher auch das Rechenwerk besonders leistungsfähig sein mu. ",81,"[124, 551, 877, 684]",629,2.0164158596224172e+18,
2016415859622417127,W109684747,text,"Das entscheidende Merkmal der Selbststeuerung ist die Rückkopplung, die Fähigkeit, logische Entscheidungen zu fällen. Hier entsteht die Frage, die eigentlich nie gestellt werden sollte, nämlich, ob die Maschine zu denken imstande ist oder nicht. Die Antwort darauf lautet: Sie kann einfachste Denkprozesse, deren Ablauf ihr vorher vom Menschen vorgeschrieben wurde, mechanisch durchführen. Sie kann aber niemals selbständig produktiv-schöpferisch denken. Die Maschine kann von sich aus nichts. Sie ist der oft zitierte ,Idiot mit Spezialbegabung"", doch sollte dieses Schlagwort andererseits nicht dazu verführen, der Maschine jede Entscheidungsfähigkeit abzusprechen. Wenn ihr der Mensch aufträgt, einen Rechenvorgang, je nachdem, ob das Ergebnis einer vorhergegangenen Rechnung Plus oder Minus ist, in diese oder jene Richtung fortzusetzen, so kann sie diese primitive Entscheidung fällen. Wir dürfen nun nicht vergessen, daB sich zahlreiche Arbeiten zahlreicher Büroangestellter auf die gleichen Entscheidungsakte beschränken. Deshalb konnte ja auch das elektronische Rechengerät so viele Arbeiten übernehmen. Es kann alle jene niederen Denkoperationen bewältigen, die sich mittels Befehlslisten programmieren und maschinell nachbilden lassen. Wenn aber die betreffenden Entscheidungsprobleme nicht in maschinengerechter Form beschrieben werden können, dann allerdings kann das Rechengerät nicht verwendet werden. Die Bezeichnung ,Elektronengehirn"" wird mit Recht als Verzerrung, als ,,journalistischer Euphemismus"" (3) bezeichnet. Wir stimmen mit Woitschach überein, daB die Maschine niemals eine ,,Führungsmaschine"" werden kann, ,die den verantwortlichen Leiter eines Unternehmens ersetzt"" (4). Sie wird nie Führungsentscheidungen treffen können. Der Mensch ist mit seinem Gehirn ein Teil der Gesellschaft, die Maschine nicht; der Mensch kann lernen, die Maschine nie; die Maschine hat keinen Willen, keine Gefühle und keine Phantasie; die Maschine ist vollkommen und deshalb beschränkt, das menschliche Gehirn ist unvollkommen und deshalb unbeschränkt (5). ",81,"[126, 700, 879, 911]",630,2.0164158596224172e+18,
2016415859622417131,W109684747,text,,82,"[126, 125, 875, 451]",634,2.0164158596224172e+18,
2016415859622417132,W109684747,text,"Die Maschine hat neben der a) Entscheidungsfunktion im angeführten AusmaBe die b) Rechenfunktion übernommen; sie kann logistische und arithmetische Operationen durchführen. Insbesondere durch die Ubernahme der letzten wird sie uns wertvoll. Das menschliche Gehirn als Träger der Rechenleistung wird entlastet und kann sich gröBeren Aufgaben zuwenden. Subalterne Routinearbeiten, die oftmals öde sind, werden der Maschine übertragen, und diese führt sie exakter und auBerdem schneller durch, als es jemals ein Mensch vermag. Das aber ist der menschlichen Würde keineswegs abträglich. ",82,"[124, 467, 873, 619]",635,2.0164158596224172e+18,
2016415859622417133,W109684747,text,"Hin und wieder wird die Meinung vertreten, daB man mit komplizierteren Maschinen auch kompliziertere Aufgaben lösen könne, ja noch mehr, nämlich, daB es möglich sei, nahezu alle in der Praxis vorkommenden logischen Entscheidungen in die Maschine selbst zu verlegen. Diese Auffassung läuft auf eine Mechanisierung der Logik hinaus, und es wäre dann nur noch eine Frage der Zeit, bis der Mensch Maschinenschaltungen gefunden haben wird, mit denen es möglich sein wird, so ziemlich alle Fragen zu lösen. Die Maschine wird aber niemals Gebiete usurpieren können, die produktiv-schöpferische Geisteskräfte erfordern. Aus den gleichen Gründen, aus denen die Betriebskybernetik nur in gewissen Fertigungsabteilungen groBindustrieller Betriebe möglich sein kann, wird auch die Elektronenmaschine, die als ein geschlossenes Kontrollsystem eine Zentralstellung in der Kybernetik einnimmt und als materielles Substrat der Kybernetik bezeichnet wird, nur beschränkt für logische Entscheidungen eingesetzt werden können. Diese Gegenstellung zur Mechanik im Denken hat nichts mit der ,,Vergöttlichung des Denkens"" (Waffenschmidt) zu tun; sie ist lediglich ein Versuch, die Grenzen der Mechanisierung aufzuzeigen. ",82,"[122, 636, 873, 904]",636,2.0164158596224172e+18,
2016415859622417136,W109684747,text,,83,"[122, 124, 873, 160]",639,2.0164158596224172e+18,
2016415859622417137,W109684747,title,2. Die mathematische Logik ,83,"[359, 195, 638, 215]",640,,1.0
2016415859622417138,W109684747,text,"Die Logik der elektronischen Rechengeräte ist zweiwertig, d. h. sie kann nur zwischen 0 und 1 bzw. zwischen Ja und Nein entscheiden. Weil sie an Stelle der Worte Symbole verwendet, nennen sie die Amerikaner ,Symbolische Logik""; weil sie eine mathematische Behandlung der jeweiligen Probleme zuläBt, wird sie auch - und zwar insbesondere in Europa — ,,Mathematische Logik"" genannt. Sie ist eine reine Zahlenlogik im Gegensatz zur Sachlogik. ",83,"[122, 227, 875, 337]",641,2.0164158596224172e+18,
2016415859622417139,W109684747,text,"Diese Logik ist dadurch gekennzeichnet, dab sie sich von der Sprache freimachen, gewissermaBen eine Logik ohne Sprache sein will. In dem Bestreben, alle in einer Umgangssprache möglichen MiBverständnisse und Täuschungen von Aussagen auszuschalten, verwendet sie eindeutige Zeichen. Beispielsweise bedeutet: ",83,"[124, 353, 875, 444]",642,2.0164158596224172e+18,
2016415859622417140,W109684747,text,"a.b a ist wahr, una b ist wahr $\left| \begin{array} { c } { \cdot = \mathrm { { \ u n d } } } \\ { \mathrm { \widetilde { \Phi } = \ e i n \ N e g a t i v z e i c h e n } } \\ { \mathsf { \overline { { \Phi } } = \mathrm { { \ w e n n } - d a n n } } } \end{array} \right.$   
\~ a.b a ist falsch, und b ist wahr   
ab wenn a wahr ist, ist b wahr ",83,"[160, 451, 792, 515]",643,2.0164158596224172e+18,
2016415859622417141,W109684747,text,"Mit Hilfe dieser Symbole werden nichtnumerische Beziehungen, Aussagen, Klassen, Eigenschaften usw. so miteinander verknüpft, daB sie einer mathematischen Behandlung zugänglich werden; man kann mit den dergestalt formulierten logischen Behauptungen wie mit algebraischen Ausdrücken operieren (Algebra der Logik). ",83,"[124, 523, 875, 616]",644,2.0164158596224172e+18,
2016415859622417142,W109684747,text,"Die Mathematisierung der Logik führt gleichzeitig zu einer Mechanisierung; die Logik wird zur mechanistischen Logistik. Wegen der grundsätzlichen Strukturähnlichkeit zwischen den ,,Schaltschemata"" der Maschinen und dem menschlichen Gehirn ist es möglich, Denkmaschinen (Couffignal) zu konstruieren. ",83,"[126, 628, 877, 700]",645,2.0164158596224172e+18,
2016415859622417143,W109684747,text,"Ein operationsanalytisches Beispiel für die Anwendung der Logistik finden wir bei Cushen (6): Ein Unternehmen stellt ein Erzeugnis her, das sich aus drei verschiedenen Bestandteilen zusammensetzt. Jeder einzelne Bestandteil setzt sich seinerseits aus verschiedenen Substanzen zusammen, und zwar: ",83,"[126, 717, 879, 791]",646,2.0164158596224172e+18,
2016415859622417144,W109684747,text,"Bestandteil I aus 5 Substanzen, Bestandteil II aus 6 Substanzen, Bestandteil III aus 6 Substanzen. ",83,"[326, 800, 650, 855]",647,2.0164158596224172e+18,
2016415859622417145,W109684747,text,"Untersuchungen haben ergeben, da durch ein günstigeres Mischungsverhältnis der Substanzen und Bestandteile mit groBer Wahrscheinlichkeit ein besseres ",83,"[126, 871, 881, 907]",648,2.0164158596224172e+18,
2016415859622417148,W109684747,text,Erzeugnis zu niedrigeren Kosten produziert werden könnte. Die 14 Substanzen lassen $5 \times 6 \times 3 = 9 0 ~ \mathrm { \ m }$ nögliche Kombinationen zu. Gewisse Bedingungen schränken jedoch diese Zahl ein. Es handelt sich um ,84,"[126, 124, 866, 178]",651,2.0164158596224172e+18,
2016415859622417149,W109684747,text,"1) Restriktionen, die sich aus der physikalischen Natur ergeben, wie z. B. mechanische, elektrische und chemische Eigenschaften, die miteinander unverträglich sind. (Diese physikalischen Restriktionen verringern die Zahl der möglichen Kombinationen auf 19.) ",84,"[126, 195, 869, 267]",652,2.0164158596224172e+18,
2016415859622417150,W109684747,text,"2) Restriktionen, die sich aus geschäftspolitischen Anforderungen ergeben, nämlich: ",84,"[122, 277, 866, 314]",653,2.0164158596224172e+18,
2016415859622417151,W109684747,text,"a) Die Umstellungskosten dürfen 80 000,— nicht überschreiten.   
b) Die Kosten des neuen Materials dürfen um nicht mehr als $1 0 \%$ ,also auf $1 1 0 \%$ ,ansteigen.   
c) Die Arbeitskosten der erforderlichen neuen Maschinen dürfen um nicht mehr als ${ \mathfrak { H } } { \mathfrak { d } } / { \mathfrak { d } }$ ,also auf $1 0 5 \%$ ,ansteigen.   
d) Bestimmte Anforderungen qualitativer Natur (Arbeitscharakteristiken) müssen beachtet werden. ",84,"[153, 322, 873, 479]",654,2.0164158596224172e+18,
2016415859622417152,W109684747,text,Unter Berücksichtigung der Restriktionen werden Restriktionstabellen aufgestellt. ,84,"[124, 496, 873, 531]",655,2.0164158596224172e+18,
2016415859622417158,W109684747,text,Sodann werden die Restriktionen und die erlaubten Möglichkeiten in dem Gebrauch der Komponenten als Aussagen in symbolischer Form ausgedrückt. ,85,"[124, 483, 877, 519]",661,2.0164158596224172e+18,
2016415859622417159,W109684747,text,"Hierbei sind ,wahr"" ",85,"[126, 532, 320, 549]",662,2.0164158596224172e+18,
2016415859622417160,W109684747,text,") alle jene Materialkosten, die $1 1 0 \%$ nicht überschreiten, b) alle jene Umstellungskosten, die $8 0 \ 0 0 0 \ \stackrel { \otimes } { \ }$ nicht überschreiten, alle jene Arbeitskosten, die $1 0 5 \%$ nicht überschreiten, alle $^ +$ der Arbeitscharakteristiken. ",85,"[126, 557, 748, 629]",663,2.0164158596224172e+18,
2016415859622417161,W109684747,text,Somit lauten die Aussagen: ,85,"[128, 645, 388, 661]",664,2.0164158596224172e+18,
2016415859622417162,W109684747,text,(1) a  (\~i. \~j.\~k. \~l.p.q. \~ r.s.t.u) (2) $\mathbf { b } \supset ( \sim \mathbf { \tilde { j } } . \sim \mathbf { k } . \sim \mathbf { n . p . q . } \sim \mathbf { r . s . t . } \sim \mathbf { u } )$ (3) $\mathbf { c } \supset ( \sim \mathbf { f } . \sim \mathbf { j } . \sim \mathbf { m . p . } \sim \mathbf { q . r . s . t . } \sim \mathbf { u } )$ (④) d(\~f.\~h. $\sim$ m. $\sim$ p.q.\~ r.s.t.u) • ,85,"[126, 671, 488, 816]",665,2.0164158596224172e+18,
2016415859622417163,W109684747,text,(18) tyu ,85,"[128, 820, 207, 836]",666,2.0164158596224172e+18,
2016415859622417164,W109684747,text,"FaBt man alle 90 Möglichkeiten in einer Tabelle zusammen, so kann man aus ihr ablesen, welche Kombinationen in Frage kommen und welche mit den Aussagen unverträglich sind. ",85,"[128, 853, 877, 908]",667,2.0164158596224172e+18,
2016415859622417167,W109684747,text,"Die symbolische Logik ist eine formale Logik. In ihrem Mittelpunkt steht der Relationsbegriff. Sie will nur die reinen ,,Formen"" des Denkens untersuchen und nimmt keine Rücksicht auf den Inhalt. Aber die Logik hat es u. E. nicht nur mit leeren Formen zu tun, sondern auch mit inhaltlich gefüllten Denkzusammenhängen. Die Form und der Inhalt des Denkens dürfen nicht getrennt werden. Vom Standpunkt einer funktionalen, leistungsorientierten Betriebswirtschaftslehre aus muB die Logik ontologisch, d. h. auch den Inhalt berücksichtigend, und nicht formal sein. ",86,"[124, 124, 869, 270]",670,2.0164158596224172e+18,
2016415859622417168,W109684747,text,"Die Logistik arbeitet mit dem Satz der Identität. Es ist aber festzuhalten, da dieser Satz nicht unbedingt gilt, jedenfalls nur in bestimmten Zusammenhängen. Im Ablauf der Zeit ändern sich Inhalte und Begriffsmerkmale, aber nicht nur die Akzidenzien (was im Begriff auftritt und verschwindet, ohne daB sich der Begriff verändert, z. B. die Haarfarbe), sondern auch die Substanz. Wenn aber die Begriffe verschiedene Inhalte bekommen, dann gilt auch nicht mehr der Satz der Identität, und man kann auch nicht mehr rechnen. ",86,"[124, 277, 871, 405]",671,2.0164158596224172e+18,
2016415859622417169,W109684747,title,3. Die Programmierung ,86,"[380, 432, 617, 452]",672,,1.0
2016415859622417170,W109684747,text,"Damit ein elektronisches Rechengerät die ihm vom Menschen vorgeschriebenen Entscheidungen beim Vorliegen einer bestimmten Situation fällen kann, müssen ihm Befehle hierzu erteilt werden. Diese Befehle nennt man Programme und die Herstellung eines Befehlsplanes (Ablauf- oder Rechenplanes) Programmieren. Ein Befehl, eine Instruktion, besteht entweder in der Angabe einer Speicheradresse oder in der Anweisung, welche Operation durchgeführt werden soll. Die Operationsbefehle ihrerseits können ",86,"[124, 458, 873, 586]",673,2.0164158596224172e+18,
2016415859622417171,W109684747,text,"Rechenbefehle, b) Befehle zu logischen Entscheidungen ",86,"[303, 597, 694, 632]",674,2.0164158596224172e+18,
2016415859622417172,W109684747,text,sein. ,86,"[126, 635, 170, 648]",675,2.0164158596224172e+18,
2016415859622417173,W109684747,text,"Bevor die eindimensionalen Ablaufpläne (Befehlslisten) aufgestellt werden, zeichnet man zum leichteren Verständnis oft zuerst zweidimensionale Ablaufdiagramme, und erst diese werden mittels Plangleichungen in Ablaufpläne übersetzt. Die Reihe der Plangleichungen, welche die Vorformen der Ablaufpläne darstellen, nennt man ,Algorithmische Darstellungen"" der Ablaufpläne. Die Ablaufdiagramme bzw. Ablaufpläne legen den logischen Lösungsweg fest. ",86,"[124, 659, 875, 769]",676,2.0164158596224172e+18,
2016415859622417174,W109684747,text,"Das Programmieren ist eine sehr zeitraubende Angelegenheit und dauert unter Umständen mehrere Monate. Es lohnt sich daher nicht, für einmalige Probleme Rechenpläne aufzustellen, man programmiert vielmehr nur jene Arbeitsvorgänge, die sich oft wiederholen. Die Maschine hat also dem Menschen das numerische Rechnen abgenommen, hat ihm aber die Mühe des Programmierens aufgebürdet. Die einmal aufgestellten Ablaufpläne werden gesammelt und in Programmbibliotheken aufbewahrt. ",86,"[126, 780, 875, 907]",677,2.0164158596224172e+18,
2016415859622417177,W109684747,text,"Ein Ablaufdiagramm, auch als Struktur- oder FluBdiagramm bezeichnet, sieht, stark vereinfacht, im ersten Stadium folgendermaBen aus: ",87,"[122, 124, 873, 160]",680,2.0164158596224172e+18,
2016415859622417179,W109684747,text,"Der Proze beginnt im Konnektor $\textcircled{1}$ . Je nachdem, ob die Bedingung erfüllt ist oder nicht, setzt sich der Ablauf in die Richtung zum Konnektor $\textcircled{2}$ oder $\textcircled{3}$ fort. ",87,"[124, 260, 877, 315]",682,2.0164158596224172e+18,
2016415859622417180,W109684747,text,"Die Maschine überprüft vor der Abzweigstelle die Bedingung und entscheidet sich dann für $\textcircled{2}$ oder $\textcircled{3}$ . Entscheidet sie sich für $\textcircled{2}$ , dann kann das beispielsweise bedeuten ",87,"[124, 325, 875, 380]",683,2.0164158596224172e+18,
2016415859622417181,W109684747,text,"a) ,,Wert zum Umsatz des betreffenden Landes addieren"".   
b) Letzte Information, daher drucken auf Liste und aufhören"".   
c,,Menge zum Bestand des Produktes A addieren"" (7). ",87,"[126, 387, 717, 448]",684,2.0164158596224172e+18,
2016415859622417182,W109684747,text,"Betriebswirtschaftliche Probleme sind dadurch gekennzeichnet, daB sie sehr viele Abzweigstellen haben, d. h. dab die Abläufe unstetig sind; das Programmieren wird daher ein komplizierter Vorgang. ",87,"[126, 458, 875, 513]",685,2.0164158596224172e+18,
2016415859622417185,W109684747,title,IX. Betriebswirtschaftliche Informationen und die Bedeutung der Informationstheorie ,88,"[205, 185, 792, 237]",688,,1.0
2016415859622417186,W109684747,text,"Die Verfahrenstechniken der betriebswirtschaftlichen Operationsforschung können vom Standpunkt der Informationstheorie aus als Informationsbe- oder -verarbeitung bezeichnet werden. So gesehen, ist die betriebswirtschaftliche Operationsforschung etwa ein spezieller Fall der Informationsbehandlung, die Anwendung informationswissenschaftlicher Prinzipien in der Unternehmungsführung. Je mehr Informationen zur Verfügung stehen, und je besser die Qualität dieser Informationen ist, desto wertvoller werden die Rechenergebnisse der betriebswirtschaftlichen Operationsforschung sein können. Der im Betrieb eingesetzte Operationsforscher wird daher bestrebt sein, den FluB der betrieblichen Informationen so zu gestalten, wie es seinen Anforderungen entspricht. Da sich seine Interessen nicht notwendigerweise mit jenen der Buchhaltung, Kostenrechnung und Betriebsstatistik decken müssen, können sich Spannungen ergeben, die von einer höheren Instanz beseitigt werden müssen. Die Organisation eines Betriebes muB auf alle Informationsempfänger Rücksicht nehmen, d. h. alle beteiligten Stellen müssen die ihnen zukommenden Informationen zur optimalen Zeit erhalten. ",88,"[126, 248, 873, 541]",689,2.0164158596224172e+18,
2016415859622417187,W109684747,text,"Solange diese Voraussetzungen auf dem Gebiet des betrieblichen Informationswesens nicht geschaffen sind, sollte gar nicht versucht werden, operationsanalytische Verfahren anzuwenden. DaB trotzdem in manchen Fällen ohne genügende Vorbereitung an derartige Probleme herangegangen wird, bestätigt der Klageruf der Operationsforscher, die von dem ,,Schreckgespenst der Unterlagen"" sprechen oder bedauern, daB die kaufmännischen Unternehmungen nur zur Buchführung und nicht auch zur Führung einer Statistik verpflichtet sind. ",88,"[126, 554, 873, 681]",690,2.0164158596224172e+18,
2016415859622417188,W109684747,text,"Informationen, die auch als Wahrnehmungen im weitesten Sinne definiert werden können, sind LebensäuBerungen des Betriebes, die der Unternehmungsleitung zugehen und ihr als Grundlage für Entscheidungen dienen. Vom Standpunkt einer mechanistischen Auffassung aus sind sie Regelungsnachrichten des Betriebes, welche zur Geschehensbeherrschung notwendig sind. Sie werden durch Bericht oder Besicht festgehalten. ",88,"[126, 693, 873, 801]",691,2.0164158596224172e+18,
2016415859622417189,W109684747,text,"Mit der Fülle und der Güte der Informationen weitet sich der ökonomische Horizont der Unternehmungsleitung, wird das für die Planung unerläBliche Wissen gröBer (1). Die Entscheidungen werden um so fundierter sein, je vollständiger und reichhaltiger die Informationen, seien es inner- oder auBerbetriebliche, sind. ",88,"[126, 814, 873, 905]",692,2.0164158596224172e+18,
2016415859622417190,W109684747,text,"Betriebliche Informationen können die verschiedensten Formen annehmen. Für die betriebswirtschaftliche Operationsforschung sind jene Nachrichten, die sich zahlenmäBig fassen lassen, beispielsweise die Zahl der geleisteten Arbeitsstunden, Lohnsummen, die Menge des eingesetzten Materials, Kosten, Preise und dergleichen, mit Abstand die wichtigsten. Alle anderen, etwa Buchstaben, Worte oder gar Gebärden und Blicke, sind unbedeutend; sie sind operativ weniger ergiebig formuliert. Die Daten werden aus der Beobachtung des betrieblichen Geschehens oder aber aus Experimenten gewonnen. Im letzten Falle begnügt man sich oft mit Stichprobenergebnissen und verzichtet auf Totalerhebungen. ",89,"[124, 125, 875, 289]",693,2.0164158596224172e+18,
2016415859622417191,W109684747,text,"Vom betriebswirtschaftlichen Standpunkt aus ist es interessant, zu beobachten, wie in der Theorie neben den beiden Strömen des Geldes und der Güter ein dritter Strom, nämlich jener der Informationen, in den Blickpunkt des Interesses rückt. Nicht mehr allein das Geld und das Gut werden analysiert, sondern auch die Informationen; der Betrieb wird als Kommunikationssystem gesehen, in dem die einzelnen Organisationselemente in einem Nachrichtenaustausch untereinander stehen, und damit wird die Informationstheorie auch für den Betriebswirtschafter von Bedeutung. Er untersucht die Gewinnung der Informationen, die Verarbeitung und Speicherung, beschäftigt sich mit der Nachrichtenübermittlung, wertet und strukturiert die Informationen, erfaBt sie rational, objektiv in einem Kalkül und prüft die Ergebnisse auf ihre Voraussagbarkeit. Aus all dem entsteht eine Wissenschaft, von der Adam (2) bezeichnend sagt, daB sie ,,eine sehr allgemeine"" sei. ",89,"[124, 308, 877, 547]",694,2.0164158596224172e+18,
2016415859622417192,W109684747,text,"Die Informationstheorie, die aus der Nachrichtentechnik kommt, stellt in erster Linie die Frage danach, was eine Nachricht im technischen Sinne ist. Sie befaBt sich mit dem InformationsfluB in Kommunikationssystemen. In analoger Weise, wie die Operationsforschung die Operation auffaBt, betrachtet sie die Information als ,leere"" Folge von Symbolen. (,Die Bedeutung der Symbole bleibt herausgeklammert"" (3).) Der Informationsinhalt interessiert sie nicht, das überläBt sie der Semantik. Die technische Seite der Nachricht überwiegt, und zwar deshalb, weil es darum geht, die Information aufzunehmen und irgendwohin zu übertragen. Dieser technische Vorgang setzt voraus, daB die Symbolfolge, die ,Sprache"", in ihre Teile zerlegt wird, denn nur diese sezierte Sprache kann man mittels technischer Geräte transportieren. Eine Sprache ist dann ideal zergliedert, wenn an Stelle der 40 Sprachlaute, 30 Schriftbuchstaben oder 10 Ziffern nur zwei Ausdrucksmöglichkeiten bestehen, und zwar deshalb, weil zwei Symbole maschinell auBerordentlich leicht behandelt werden können. Wie erwähnt, werden im Elektronenrechnen die Nachrichten in Entscheidungen zwischen zwei Möglichkeiten aufgelöst. Die Nachrichtentechnik kann nicht anders vorgehen, ihr bleibt nichts anderes übrig, als sich auch bei der gesprochenen menschlichen Sprache die Laute als durch Entscheidungen zwischen zwei Möglichkeiten entstanden zu denken: $\mathrm { \bf { \Omega } } _ { v } \mathrm { \bf { O } } \mathrm { \bf { b } }$ ein bestimmter der am Sprechen beteiligten Muskeln angezogen werden soll oder nicht"" (4). ",89,"[126, 564, 879, 907]",695,2.0164158596224172e+18,
2016415859622417194,W109684747,text,,90,"[124, 124, 864, 159]",697,2.0164158596224172e+18,
2016415859622417195,W109684747,text,Beispiel einer Sprache mit 8 Wörtern Suchweg mit Entscheidungen zwischen zwei Möglichkeiten ,90,"[212, 189, 775, 227]",698,2.0164158596224172e+18,
2016415859622417197,W109684747,text,"Die 0 entspricht dem Auftreten, die 1 dem Ausbleiben eines StromstoBes; um den gesuchten Wert zu finden, mu entlang des Weges 1 oder 0 so lange fortgeschritten werden, bis man ihn erreicht hat. Das gilt für das sogenannte Zahlenverfahren im Gegensatz zum Analogieverfahren, bei dem beispielsweise die vom Sprecher erzeugten Schallschwingungen durch die Telephonmembraneschwingungen wiedergegeben werden. ",90,"[126, 406, 871, 516]",700,2.0164158596224172e+18,
2016415859622417198,W109684747,text,"Die Informationstheorie zeigt, wie man die Maximumrate einer fehlerfreien Nachrichtenübermittlung berechnen kann (5). ",90,"[124, 534, 869, 568]",701,2.0164158596224172e+18,
2016415859622417199,W109684747,text,"Die Nachrichten in einem Kommunikationssystem haben ihren Ursprung in der Nachrichtenquelle. Nachrichtenquellen sind Personen, Dinge oder Prozesse, die Informationen aus einer Liste möglicher Informationen produzieren. Die Informationstheorie ist mit Hilfe der Statistik in der Lage, anzugeben, welche Nachrichtenelemente häufiger vorkommen werden als andere. Beispielsweise wird in der deutschen Sprache das E häufiger vorkommen als das X. ",90,"[126, 584, 871, 694]",702,2.0164158596224172e+18,
2016415859622417200,W109684747,text,"Die entstandene Information wird an den Ubermittler weitergegeben, der sie seinerseits so umwandelt, da sie für den nachfolgenden Informationskanal geeignet ist. Der Ubermittler ist beispielsweise im Falle des Radios das Mikrophon, der Sender, die Röhren usw. Er ist also die Gesamtheit der technischen Ausrüstung, die zwischen der Nachrichtenquelle und dem Kanal steht. ",90,"[126, 710, 873, 801]",703,2.0164158596224172e+18,
2016415859622417201,W109684747,text,"Der Kanal ist jener Teil des Systems, der die Informationen transportiert (z. B.   
beim Telephon der Draht, beim Radio die Atmosphäre). ",90,"[124, 819, 871, 853]",704,2.0164158596224172e+18,
2016415859622417202,W109684747,text,"Der Empfangsapparat wird aus jener technischen Ausrüstung gebildet, die zwischen dem Kanal und dem nachfolgenden Empfänger steht. Er wandelt die aus dem Kanal eintreffenden Nachrichten so um, dab sie für den Empfänger verständlich werden. ",90,"[126, 871, 875, 907]",705,2.0164158596224172e+18,
2016415859622417204,W109684747,text,,91,"[118, 123, 877, 157]",707,2.0164158596224172e+18,
2016415859622417205,W109684747,text,Der Empfänger steht am Ende des Kommunikationsprozesses. ,91,"[120, 169, 713, 186]",708,2.0164158596224172e+18,
2016415859622417206,W109684747,text,Nachrichen Mmb e Kanal Empfangs Empfänger Störung ,91,"[172, 195, 825, 280]",709,2.0164158596224172e+18,
2016415859622417207,W109684747,text,"Bei ihrem Durchlauf durch den Kanal sind die Informationen Störungen ausgesetzt; man bezeichnet daher den Kanal auch als jenen Teil des Systems, der durch das Auftreten von Störungen gekennzeichnet ist. Vom informationstheoretischen Standpunkt aus interessieren hierbei nur jene Störungen, deren Stärke im vorhinein nicht bestimmt werden kann. Die in der Form von Blockdiagrammen dargestellte Grundstruktur eines Kommunikationssystems gilt für alle Arten von Systemen (Radio, Telephon, Telegraph). ",91,"[122, 289, 877, 418]",710,2.0164158596224172e+18,
2016415859622417208,W109684747,text,"Die Informationstheorie verwandelt jeden der 5 Diagrammblöcke in ein mathematisches Modell, wobei die beiden Parameter der Informationstheorie die ",91,"[120, 428, 873, 464]",711,2.0164158596224172e+18,
2016415859622417209,W109684747,text,"a) in Verbindung mit der Nachrichtenquelle genannte ,Informationsrate"" oder ,,Entropie der Quelle"" H,   
b) in Verbindung mit dem den Störungen ausgesetzten Kanal genannte ,,Kanalkapazität""C ",91,"[122, 470, 877, 545]",712,2.0164158596224172e+18,
2016415859622417210,W109684747,text,sind. Das Verhältnis zwischen H und C ergibt nachfolgendes fundamentales Theorem der Informationstheorie. ,91,"[122, 552, 875, 587]",713,2.0164158596224172e+18,
2016415859622417211,W109684747,text,"Wenn unter der Voraussetzung, daB eine Nachrichtenquelle Informationen mit einer Rate von H erzeugt, ein Kanal mit einer Kapazität von C vorhanden ist und das H kleiner als C oder gleich groB ist $( \mathbb { H } \ \leq \ \mathbb { C } )$ , dann sind der Ubermittler und der Empfangsapparat so beschaffen, dab die von der Quelle ausgehenden Botschaften mit einer kleinen Fehlerrate durch den Kanal zum Empfänger geschickt werden können; wenn $\mathbb { H } > \mathbb { C } ,$ dann können die Botschaften nur mit einer bestimmten Fehlerrate von der Quelle über den Kanal zum Empfänger geleitet werden. ",91,"[124, 599, 879, 745]",714,2.0164158596224172e+18,
2016415859622417212,W109684747,text,"Eine Quelle, in der die vergangenen Buchstaben keinen EinfluB auf den gegenwärtigen Buchstaben haben, nennt man eine Monogramm-Quelle, eine solche, in der nur der letzte Buchstabe einen EinfluB hat, eine Digramm-Quelle. ",91,"[126, 752, 877, 807]",715,2.0164158596224172e+18,
2016415859622417213,W109684747,text,"Das MaB für den Informationsgehalt einer Nachricht $\mathop { \left. \sum \right. }$ die Entropie der Quelle) kann verschieden groB sein; eine Nachricht, die imstande ist, ein Objekt aus einer Menge von einer Million Objekten zu bestimmen, hat einen gröBeren Inhalt als die Botschaft, die nur ein Objekt aus insgesamt zwei Objekten spezifiziert. ",91,"[126, 816, 877, 905]",716,2.0164158596224172e+18,
2016415859622417215,W109684747,text,"Für die strategische Planungsrechnung ist es wichtig, daB die erforderlichen Informationen sofort nach ihrem Entstehen erfaBt und verarbeitet werden können. Nachrichten, die erst Wochen oder Monate später eintreffen, sind für Unternehmungsentscheidungen im Sinne der strategischen Planungsrechnung unbrauchbar, sie können kaum mehr als Basis von Entscheidungen bezeichnet werden. Je nachdem, ob sie auf Grund ihrer Aktualität eine brauchbare oder weniger brauchbare Entscheidungsbasis sind, sagt man, daB sie einen hohen, mittleren oder niedrigen Geltungswert haben. ",92,"[128, 124, 871, 270]",718,2.0164158596224172e+18,
2016415859622417216,W109684747,text,"Der Wunsch nach aktuellen Unterlagen führte zu dem Einsatz von elektronischen Rechengeräten. Wegen der hohen Kosten derartiger Anlagen blieb man aber nicht bei der Installierung stehen, sondern richtete das ganze betriebliche Informationswesen nach dem Rechengerät aus, wodurch dieses eine zentrale Stellung in der Nachrichtenorganisation einnahm. Sind die Gewinnung, Verarbeitung, Speicherung, Transportierung und Verwertung der Nachrichten sinnvoll aufeinander abgestimmt und gibt es keine Duplizität im Rechnungswesen mehr, so spricht man von einer integrierten Datenverarbeitung. Sie ist das letzte Ziel organisatorischer MaBnahmen auf dem Gebiete der Informationsbehandlung und dann erreicht, wenn zwischen der Entstehung der Information und der Verwertung durch die Entscheidungsverantwortlichen nach Möglichkeit kein menschlicher Eingriff mehr erforderlich ist, sondern alles automatisch abläuft. Selbst bei der Entstehung der Nachricht soll der Mensch, dessen Aufnahmesinne in vielen Belangen dem technischen Gerät unterlegen sind, durch Instrumente (Thermometer, Uhren usw.) abgelöst werden. Die Betriebskybernetik geht noch einen Schritt weiter, überträgt der Maschine auch noch die logische Entscheidung und betrachtet den InformationsfluB erst dann als beendet, wenn die Nachricht voll ausgeschöpft und archivreif ist. ",92,"[126, 276, 871, 606]",719,2.0164158596224172e+18,
2016415859622417217,W109684747,text,"In einem derartigen vollintegrierten Informationssystem haben die Informationskanäle gewissermaBen Zapfstellen bei allen in Frage kommenden Informationsabnehmern. Übersimplifiziert ausgedrückt, hat dann beispielsweise der Buchhalter nichts anderes zu tun, als die Bilanzsalden durch einen Tastendruck, der einen Befehl an die Maschine abgibt, feststellen zu lassen. ",92,"[126, 613, 873, 703]",720,2.0164158596224172e+18,
2016415859622417218,W109684747,text,"Das ,,Auf-eine-Maschine-Abgestelltsein"" beeinfluBt verständlicherweise radikal das ganze Belegwesen im Betrieb und revolutioniert das ganze Rechnungswesen. Die konventionellen Informationsträger, wie Materialscheine, Konten, Tabellen, Lochkarten, Lochstreifen, werden weitgehend durch Magnetbänder, Trommeln u. a. abgelöst. Es ist, wie die Amerikaner sagen, ein Weg vom ""paperhandling"" zum ""integrated-dataprocessing"" festzustellen. ",92,"[124, 712, 873, 821]",721,2.0164158596224172e+18,
2016415859622417219,W109684747,text,Die gröBten Schwierigkeiten für eine ideale integrierte Datenverarbeitung liegen in den beiden Engpässen der ,92,"[122, 827, 871, 863]",722,2.0164158596224172e+18,
2016415859622417220,W109684747,text,a) Datenbeschaffung und der Daten-Klartextwiedergabe. ,92,"[351, 871, 634, 905]",723,2.0164158596224172e+18,
2016415859622417222,W109684747,text,"Hier wird der Informationskanal so eng, daB es zu Stauungen kommt. Während der Rechenvorgang in der elektronischen Rechenmaschine so beschleunigt werden konnte, da viele operationsanalytische Berechnungen in kürzester Zeit abgewickelt werden konnten, ergaben und ergeben sich bei der Klartextwiedergabe und noch mehr bei der Beschaffung der Informationen Verzögerungen. Deren Beseitigung, insbesondere die schnelle Nachrichtengewinnung ist eine technische und organisatorische Angelegenheit, die in das Gebiet der Automation hinüberreicht. ",93,"[122, 125, 873, 273]",725,2.0164158596224172e+18,
2016415859622417223,W109684747,text,"Der integrierten Datenverarbeitung wohnt ein Zug zur Zentralisierung inne, daran ändert auch der Umstand nicht viel, daB voneinander entfernte Orte mittels Fernschreiber an einem zentralen Rechengerät angeschlossen werden können. ",93,"[124, 283, 875, 356]",726,2.0164158596224172e+18,
2016415859626610688,W109684747,text,"Für die betriebswirtschaftliche Operationsforschung ist eine integrierte Datenverarbeitung von enormer Bedeutung. Beim Vorhandensein einer integrierten Datenverarbeitung können nämlich der Abteilung ,,Betriebswirtschaftliche Operationsforschung"" höchst aktuelle und nicht veraltete Nachrichten laufend mitgeteilt werden, und die Operationsforscher können ihre Planungsrechnungen laufend durch jede neu hinzukommende Information korrigieren. ",93,"[126, 366, 877, 476]",727,2.0164158596224172e+18,
2016415859626610690,W109684747,title,X. Das betriebswirtschaftliche Modell ,94,"[237, 185, 754, 209]",729,,1.0
2016415859626610691,W109684747,text,"Die Bildung von Modellen ist das Zentralproblem der betriebswirtschaftlichen Operationsforschung. In diesem Stadium entscheidet es sich, ob die in Frage stehende Aufgabe überhaupt durch operationsanalytische Verfahren gelöst werden kann bzw., wenn das möglich ist, welche Techniken angewendet werden können. ",94,"[124, 224, 871, 315]",730,2.0164158596266107e+18,
2016415859626610692,W109684747,text,"Unter betriebswirtschaftlichen Modellen versteht man gedankliche Konstruktionen, die unanschauliche Gegenstände und vor allem unübersichtliche Zusammenhänge bzw. Betriebsprozesse vereinfacht wiedergeben. Sie sind Abbilder betriebswirtschaftlicher Sachverhalte, Abstraktionen in mathematischer Form, die, ganz allgemein betrachtet, die Form ",94,"[124, 325, 873, 416]",731,2.0164158596266107e+18,
2016415859626610694,W109684747,text,"annehmen (1). E ist hierbei die Wirksamkeit des Systems, $\mathbf { x _ { i } }$ sind die Variablen, die unter Kontrolle stehen, und $\mathbf { x } _ { \mathrm { j } }$ die Variablen, die nicht unter Kontrolle stehen. Zu dieser Gleichung treten noch einschränkende Bedingungen in Form von Gleichungen und Ungleichungen hinzu. ",94,"[126, 445, 873, 518]",733,2.0164158596266107e+18,
2016415859626610695,W109684747,text,"Die funktionale, leistungsorientierte Betriebswirtschaftslehre bevorzugt verbale Modelle, doch zögert sie nicht, in geeigneten Fällen und dann, wenn die Verständlichkeit der Probleme durch eine mathematische Formel erhöht wird, sowie aus pädagogischen Gründen auch mit mathematischen Modellen zu arbeiten. Während aber für sie im allgemeinen das Mengenmodell nur erläuternden Charakter hat, d. h. betriebswirtschaftliche Gegebenheiten oder Geschehnisse klarer, verständlicher darstellen will, gibt sich die betriebswirtschaftliche Operationsforschung damit nicht zufrieden, sondern betrachtet das Modell als Ausgangspunkt für Analysen, für sich anschlieBende Rechenoperationen der verschiedensten Verfahrenstechniken, an deren Ende praktische Anwendungsempfehlungen stehen. Das Modell ist nicht mehr nur ein Illustrationsmittel, ein gedankliches Hilfsmittel, um komplizierte Situationen besser zu erklären, kein "",Abbild"" mehr, sondern ein $\lvert \lvert \mathbf { B i l d } ^ { \ast }$ der betriebswirtschaftlichen Sachverhalte, und der Modellanalytiker ist daher in der Lage, theoretische Erkenntnisse unmittelbar aus dem Bilde, dem Modell, zu gewinnen. ",94,"[124, 528, 875, 804]",734,2.0164158596266107e+18,
2016415859626610696,W109684747,text,"Mit aller Deutlichkeit stellen Morgenstern und von Neumann in ihrem Buch über die Spieltheorie, das zu einem Standardwerk der operationsanalytischen Literatur geworden ist, fest, daB die typischen Probleme des ökonomischen Verhaltens mit den mathematischen Begriffen der strategischen Spiele identisch sind. Die auf ökonomische Fragen angelegten spieltheoretischen Modelle erfüllen die gleichen Aufgaben wie die verschiedenen geometrisch-mathematischen Modelle auf dem Gebiet der Naturwissenschaften (2). ",94,"[126, 814, 875, 888]",735,2.0164158596266107e+18,
2016415859626610697,W109684747,text,,95,"[122, 125, 873, 178]",736,2.0164158596266107e+18,
2016415859626610698,W109684747,text,"Der pädagogische Gesichtspunkt ist der betriebswirtschaftlichen Operationsforschung vollkommen gleichgültig. Man arbeitet nicht deshalb mit Modellen, weil sie das Denken schärfen, zu präziseren Problemstellungen zwingen, sondern nur, weil man theoretische oder politische Schlüsse ziehen will. Während also die funktionale Betriebswirtschaftslehre oft ganz gut ohne mathematische Modelle auskommt, kann die betriebswirtschaftliche Operationsforschung nicht auf sie verzichten; sie braucht die mathematische Formulierung der Lösungsansätze, weil sie ohne diese ja gar nicht rechnen könnte. ",95,"[122, 186, 875, 332]",737,2.0164158596266107e+18,
2016415859626610699,W109684747,text,"ZugegebenermaBen sind Wortsprachen in vielen Fällen nicht von der gleichen entsprechenden Klarheit und Bequemlichkeit wie Kalkülsprachen, doch kann ohne weiteres behauptet werden, daB nur die ersten imstande sind, betriebswirtschaftliche Sachverhalte vollständig wiederzugeben. Es ist ein Kennzeichen operationsanalytischer Modelle, daB sie unvollständig sind, daB sie nur Teile eines betriebswirtschaftlichen Gesamtzusammenhanges nachbilden. Sie wollen auch gar nicht umfassend sein, sondern beschränken sich bewut auf einzelne Aspekte. Ackoff sagt - und seine Meinung kann als jene aller Operationsforscher angesehen werden -: ""A model is never more than a partial representation of reality"" (3). Alles Spezifische eines Betriebsprozesses und daher alles Unwesentliche soll beseitigt werden, damit das Essentielle, die Operation an sich, zu Tage kommt. Erst die entschlackte, von allen Zufälligkeiten befreite Operation kann mittels der bekannten Verfahren analysiert werden. Alles Bemühen ist darauf gerichtet, das Allgemeine zu isolieren. ",95,"[124, 338, 875, 596]",738,2.0164158596266107e+18,
2016415859626610700,W109684747,text,"Bei einer solchen Betrachtung werden zahlreiche Einflüsse, Bedingungen, Gegebenheiten usw. als unwichtig deklariert und ausgeschieden. Nur die entscheidenden Merkmale eines Betriebsprozesses werden im Modell berücksichtigt. Hier besteht nun die Gefahr einer willkürlichen Absonderung bzw. Einbeziehung von Gegebenheiten, selbst dann, wenn dem Operationsanalytiker die besten Absichten zugestanden werden. Nur zu oft befassen sich nämlich Mathematiker oder Statistiker mit der Bildung von Modellen, ohne die grundlegenden betriebswirtschaftlichen Kenntnisse zu besitzen. Die Gefahren einer unrichtigen Modellkonstruktion werden geringer, wenn in dieser Phase operationsanalytischen Arbeitens Betriebswirtschafter ein gewichtiges Wort mitzureden haben. ",95,"[126, 607, 877, 807]",739,2.0164158596266107e+18,
2016415859626610701,W109684747,text,"Von seiten der mathematischen Theorie wird eingewendet, da die verbale Behandlung wirtschaftlicher Probleme nur bei solchen Fragen möglich sei, ,bei denen das einbegriffene Beziehungssystem einen einfachen Folgetypus darstellt, d. h. bei dem eine Gleichung nur eine der Unbekannten enthält, eine zweite Gleichung dazu eine weitere, eine dritte Gleichung dazu wieder eine nächste Unbekannte und so fort"" (4). Die verbale Behandlung von simultanen Problemen, d. h. von Problemen, in denen zwischen zwei oder mehreren Variablen simultane Beziehungen bestehen, sei unmöglich. Die ,literarischen"" Theoretiker behelfen sich in solchen Situationen mit graphischen Erläuterungen oder, wie Tinbergen um eine ganze Skala von Nuancen schärfer und deutlicher sagt, nehmen ,ihre Zuflucht zu graphischen Darstellungen"". ",95,"[128, 816, 877, 907]",740,2.0164158596266107e+18,
2016415859626610705,W109684747,text,,96,"[128, 124, 873, 232]",744,2.0164158596266107e+18,
2016415859626610706,W109684747,text,"Vorwegnehmend sei hier erwidert, daB die Beziehungen, einschlieBlich der simultanen, aber nicht oder nur in bestimmten Fällen Funktionen mathematischer Art sind. AuBerdem sind die graphischen Darstellungen der ,literarischen Theoretiker"" in den seltensten Fällen die geometrischen Methoden analytischer Vorgänge, sondern, wie erwähnt, meistens nur illustrative, pädagogische Erläuterungen; keine Erkenntnis-, sondern nur Darstellungsmittel. ",96,"[126, 250, 873, 358]",745,2.0164158596266107e+18,
2016415859626610707,W109684747,title,1. Die Arten operationsanalytischer Modelle ,96,"[280, 397, 715, 415]",746,,1.0
2016415859626610708,W109684747,text,"Betriebswirtschaftliche Modelle können nach verschiedenen Gesichtspunkten eingeteilt werden. In der betriebswirtschaftlichen Operationsforschung stehen jedoch Entscheidungsmodelle im Vordergrund des Interesses. Das ergibt sich ganz einfach aus der Aufgabenstellung der Operationsforschung, die ja Unterlagen für die Unternehmungsentscheidungen liefern will. Das Wesen der Entscheidungsmodelle oder politischen Modelle, wie sie auch genannt werden, besteht darin, eine vor einer Entscheidung liegende Situation so darzustellen, daB die sich anschlieBende mathematische Ausrechnung zu einem Lösungsvorschlag oder u. U. auch zu mehreren führt und damit der Unternehmungsleitung eigentlich schon sagt, wie sie zu entscheiden habe. ",96,"[126, 431, 875, 613]",747,2.0164158596266107e+18,
2016415859626610709,W109684747,text,"Es ist der Unterschied zu den sogenannten Erklärungsmodellen nicht ganz zu Recht bestehend. Denn letzten Endes erklärt auch ein Entscheidungsmodell eine bestimmte betriebswirtschaftliche Situation. Wenn allerdings einerseits mit Erklärungsmodellen nicht mehr erreicht werden will als die Präzisierung eines Begriffs, dann kann man ohne weiteres die beiden Modelltypen einander gegenüberstellen. Und wenn andererseits ein Modell nur dann als Entscheidungsmodell bezeichnet wird, wenn es in der Absicht geschaffen wurde, festzustellen, wie sich Anderungen bestimmter Variabler auf andere Variable auswirken, dann allerdings ist die Unterscheidungslinie zwischen Entscheidungs- und Erklärungsmodellen überhaupt klar gezogen (5). Für Angermann (6) sind die Erklärungsmodelle logisch-deduktive Konstruktionen, in denen mit Hypothesen gearbeitet wird, während in den Entscheidungsmodellen die in den Erklärungsmodellen gemachten Angaben bereits durch empirische Daten verifiziert sind, und zwar nicht durch Vergangenheits-, sondern bereits durch Planzahlen. Aus diesem Grunde spricht er auch von Planungsmodellen, einem Begriff, der im ",96,"[124, 628, 875, 904]",748,2.0164158596266107e+18,
2016415859626610712,W109684747,text,Zusammenhang mit der betriebswirtschaftlichen Operationsforschung sehr treffend ist. ,97,"[122, 124, 873, 159]",751,2.0164158596266107e+18,
2016415859626610713,W109684747,text,"Für die betriebswirtschaftliche Operationsforschung ist sodann die Einteilung nach Wahrscheinlichkeitsmodellen und deterministischen oder exakten Modellen von gröBter Bedeutung. Ein groBer Teil betriebswirtschaftlicher Modelle und insbesondere jene, die für Absatzprobleme aufgestellt werden, sind nämlich stochastischer Natur, d. h. also Wahrscheinlichkeitsmodelle. Nur im Erzeugungsbereich, in der Produktion, und zum geringeren Teil auch in der Lagerhaltung und im Transport finden wir (praktisch) determinierte Modelle. Dort sind die ModellgröBen weitgehend eindeutig bestimmt, man kann unterstellen, daB ihre Veränderungen nach kausalmechanischen Gesetzen bestimmte Wirkungen auslösen; die Ergebnisse sind also im voraus berechenbar. ",97,"[124, 169, 873, 350]",752,2.0164158596266107e+18,
2016415859626610714,W109684747,text,"Je nachdem, ob ein Modell zeitpunkt- oder zeitraumbezogen ist, spricht man von statischen oder dynamischen Modellen bzw. von Zustands- oder Verlaufsmodellen. Bei den statischen Modellen spielt das Zeitmoment keine Rolle. Die Variablen sind in einem stationären Zustand, ,alle auf den gleichen Zeitpunkt oder die gleiche Zeitperiode bezogen"" (7), die Funktionen von der Zeit unabhängig. Bei den dynamischen Modellen hingegen wird die Zeit bzw. werden ihre Auswirkungen einfach als Variable in das Modell einbezogen, die Funktionen werden zeitabhängig. Dadurch wird das Modell wirklichkeitsnäher, denn die Wirtschaft bleibt nicht stehen, alles betriebliche Geschehen ist ständig in FluB, fortwährend in einem Proze der Umgliederung. ",97,"[124, 360, 875, 542]",753,2.0164158596266107e+18,
2016415859626610715,W109684747,text,"Bei dem gegenwärtigen Stand des betrieblichen Informationswesens ist es auBerordentlich schwierig, aktuelle Ansätze für Rechenoperationen zu bekommen. Die Bilanzwerte sind im allgemeinen veraltet, und selbst Kostenwerte haben wegen der oft langen Fertigungsdauer nur bei Produkten mit einer kurzen Fertigungszeit einen sicheren Aussagewert. Die Umgliederung in der Zeit ist bei zahlreichen Problemen oft so schnell, daB die gewonnenen Daten bereits überholt sind, bevor sie noch manipuliert werden konnten. Hieraus ersieht man die groBe Bedeutung, die der Informationstechnik und der integrierten Datenverarbeitung zukommt. Mit jeder Beschleunigung in der Erfassung, Weitermeldung und Verarbeitung von betrieblichen Informationen wächst der Kreis jener betriebswirtschaftlichen Probleme, die mittels der Operationsforschung gelöst werden können. Freilich wird die Umgliederung der jeweiligen Leistungszusammenhänge immer der Informationsbearbeitung voranlaufen, aber der zeitliche Abstand zwischen der gegenwärtigen Leistungsänderung und der Informationsausrechnung kann so klein werden, dab er fast keine Rolle mehr spielt und die Ergebnisse als wertvolles Hilfsmittel für Entscheidungen herangezogen werden können. ",97,"[126, 551, 875, 863]",754,2.0164158596266107e+18,
2016415859626610716,W109684747,text,"Viel bedenklicher als die Bemerkung, daB durch den Ablauf der Zeit die betrieblichen Informationen an aktuellem Wert verlieren, ist der Hinweis darauf, da sich mit der Leistungsumgliederung die Leistungszusammenhänge derart verschieben, da die zuerst gemachten Rechnungsansätze gar nicht mehr stimmen. Tatsächlich kann eine MaBnahme das Leistungsgefüge so ändern, daB ein ursprünglich richtiger Modellansatz falsch wird. Es ist daher unumgänglich notwendig, operationsanalytische Modelle und deren Ergebnisse laufend zu kontrollieren. Je instabiler die Struktur eines Systems ist, desto kürzer werden die Perioden sein müssen, in denen Kontrollanalysen durchgeführt werden. In derartigen Analysen wird untersucht, ",97,"[126, 872, 875, 908]",755,2.0164158596266107e+18,
2016415859626610720,W109684747,text,,98,"[126, 125, 871, 270]",759,2.0164158596266107e+18,
2016415859626610721,W109684747,text,"a) ob sich die Parameterwerte des Modells verändert haben,   
b) welche Variable unwichtig geworden sind und ausgeschieden werden können bzw. welche Variable bedeutsam geworden sind und in das neu zu bildende Modell aufgenommen werden müssen,   
c) in welcher Weise sich gegebenenfalls die Funktionsbeziehungen geändert haben. ",98,"[124, 283, 873, 412]",760,2.0164158596266107e+18,
2016415859626610722,W109684747,text,"Die vollständigen Umgliederungsfolgen (beispielsweise von Produktionsänderungen, Preissenkungen, Steuererhöhungen, Anderungen der Betriebsorganisation usw.) können kaum abgeschätzt, geschweige denn berechnet werden. Das betriebliche Geschehen ist jeweils in einem bestimmten Zeitpunkt durch ,,eine ganz bestimmte Konstellation inner- und auBerbetrieblicher Daten bestimmt"" (8). Wenn sich ein einziges Datum (z. B. der technische Stand der Betriebsausstattung, der Leistungsstand der Arbeiter, die Organisation, der Beschäftigungsstand, das Absatzvolumen, die Beschaffenheit der Erzeugnisse, die Beschaffungspreise, das Zinsniveau usw.) ändert, dann ,ändert sich auch der Gesamtzusammenhang der Elemente des Betriebsprozesses"". Es reicht nicht aus, bei neuen Situationen nur eine neue Variable in das Modell einzubauen, wenn das Modell gewissermaBen in seinen Grundfesten erschüttert ist. ",98,"[126, 426, 875, 643]",761,2.0164158596266107e+18,
2016415859626610723,W109684747,text,"Der Begriff der Umgliederung, der Anderung in der Zeit erschwert nicht nur dem Operationsanalytiker die Arbeit, sondern bereitet auch dem Statistiker gewisse Sorgen, insbesondere in bezug auf die Objekte der Wirtschaftsstatistik im Vergleich zu den Gesamtheiten höherer Ordnung in anderen Lebensbereichen. Dies deshalb, weil sich die Objekte der Wirtschaftsstatistik sehr stark im Raum und in der Zeit ändern und sich selten oder niemals wiederholen. Anderson (9) unterscheidet bezüglich des Verhaltens in der Zeit vier Gruppen von Gesamtheiten: ",98,"[126, 661, 875, 807]",762,2.0164158596266107e+18,
2016415859626610724,W109684747,text,"a) solche, die immer oder zumindest über längere Zeiträume hinaus unverändert bleiben (Fixsterne);   
b) solche, die unbeständig sind, aber sich doch mit konstanten Durchschnittswerten wiederholen (rote und weiBe Blutkörperchen);   
c) solche, die zwar auch unbeständig sind, aber ihre Durchschnittscharakteristiken nur in längeren Zeiträumen verändern (Massenerscheinungen der Gesellschaft in ruhigen Zeiten);   
d) solche, die sehr oder ganz unbeständig sind und sich selten oder niemals wiederholen (Objekte der Wirtschaftsstatistik). ",98,"[120, 823, 873, 907]",763,2.0164158596266107e+18,
2016415859626610727,W109684747,text,,99,"[122, 125, 877, 222]",766,2.0164158596266107e+18,
2016415859626610728,W109684747,text,"Weil in der Betriebswirtschaft die durchschnittlichen Charakteristiken der Gesamtheiten und mit ihnen die Beziehungen zwischen ihnen unbeständig sind, ergeben sich für den Operationsforscher so groBe Schwierigkeiten bei der Modellkonstruktion. Diese beginnen schon bei der Aufzeichnung des zeitlichen Verlaufes aller Variablen. Der Operationsforscher braucht aber halbwegs beständige GröBen; selbst die Linearplanung hat zur Voraussetzung, daB die Daten, welche in das Modell eingehen, einigermaBen stabil sind. ",99,"[124, 232, 875, 360]",767,2.0164158596266107e+18,
2016415859626610729,W109684747,text,"Nach diesen Ausführungen könnte es den Anschein haben, als ob das statische Modell vollkommen uninteressant wäre. Das ist aber keineswegs der Fall. Es kann für theoretische Analysen auBerordentlich wertvoll sein; für operationsanalytische Probleme, für dynamische Betriebsdispositionen freilich ist es kaum brauchbar; wo es trotzdem angewendet wird, dient es eigentlich nicht mehr der Entscheidungsvorbereitung, sondern ist eine Angelegenheit der Betriebsökonometrie im engeren Sinne. Und selbst hier wird von ihm gesagt, daB das von ihm ,gebotene Bild der Wirklichkeit ... freilich etwas ärmer"" sei (10). ",99,"[124, 371, 875, 516]",768,2.0164158596266107e+18,
2016415859626610730,W109684747,text,"Statische Modelle, die zur Betrachtung langfristiger Entwicklungen herangezogen werden, nennt man komparativstatische Modelle. Ein Beispiel hierfür sind die Leontiefschen Input-Output-Modelle. Im Gegensatz hierzu bezeichnet man jene Modelle, die der Analyse kurzfristiger Bewegungen dienen, als Konjunkturmodelle. ",99,"[126, 529, 875, 620]",769,2.0164158596266107e+18,
2016415859626610731,W109684747,text,"AuBer den verbalen Modellen, die in Worten ausgedrückt werden, und den mathematischen Modellen, die mathematische Symbole verwenden, findet man in der Literatur der betriebswirtschaftlichen Operationsforschung noch mechanische Modelle. Die letzteren sind aber für betriebswirtschaftliche Probleme (nicht betriebstechnische Probleme) vollkommen unbrauchbar. Beispielsweise muB die Auffassung, daB das Verhalten der auf dem Markte auftretenden Käufer und Kaufinteressenten mittels physikalischer Apparaturen, d. h. mittels Pumpen, Ventilen und Hähnen, dargestellt werden könne, abgelehnt werden. Wirtschaftliche Phänomene präsentieren sich nicht als Mechanismen. Die beim Wasser gültige AbfluBmechanik gilt nicht für Wirtschaftsmassen. Es ist schwer zu begreifen, wie mit Überzeugung die Meinung vorgetragen werden kann, daB man hydrokinetische Modelle für das Studium von Werbeproblemen verwenden könne. Herrmann und Magee erläutern ein derartiges Modell (11). Danach würde die Flüssigkeit, die sich in der Modellapparatur befindet, gewissermaBen die Geschäftslage des eigenen Unternehmens im Verhältnis zu jener der Konkurrenten darstellen bzw. anzeigen. Die jeweiligen MaBnahmen (z. B. Werbemanahmen, Verkaufsanstrengungen usw.) der Unternehmungsleitung bzw. die Aktionen der Konkurrenten werden als Kräfte wiedergegeben, die auf die Flüssigkeiten einwirken. Je nach der Stärke dieser Kräfte wird die Flüssigkeit höher steigen oder tiefer sinken, in diese oder jene Richtung gedrängt und dadurch dem Ablesenden anzeigen, wie sich seine Mabnahmen auswirken werden. Hier sind naturwissenschaftliche Uberlegungen konsequent zu Ende gedacht worden, und es gibt nur wenige Beispiele, die die Grenzen der naturwissenschaftlichen Betrachtungsweise in der Betriebswirtschaft deutlicher wiedergeben als die Empfehlung, derartige Modelle zu verwenden. ",99,"[126, 632, 877, 907]",770,2.0164158596266107e+18,
2016415859626610734,W109684747,text,,100,"[128, 125, 873, 308]",773,2.0164158596266107e+18,
2016415859626610735,W109684747,text,"Auf gleicher Linie liegen die Vorschläge von Günther und vom Earl of Halsbury. Günther (12) verwendet die Schaltelemente der Elektrotechnik zur Abbildung wirtschaftlicher Vorgänge und geht dabei von den beiden grundlegenden Begriffen des Wirtschaftskreislaufes und Stromkreises aus. In beiden Fällen handelt es sich seiner Meinung nach um Kreise, und daher müsse das, was für den einen Kreis gilt, auch für den anderen gelten. ",100,"[128, 321, 871, 431]",774,2.0164158596266107e+18,
2016415859626610736,W109684747,text,"Der Earl of Halsbury (13 beschreibt die Arbeitsweise eines im National Physical (!) Laboratory stehenden Simulators in folgender Weise: Der Betrachter kann durch Bedienung eines Schalthebels ,die Bankrate erhöhen"" und hierauf die Auswirkungen dieser MaBnahme auf das Ausma der Arbeitslosigkeit beobachten, wobei das AusmaB der Arbeitslosigkeit auf einem geeichten Voltmeter auf einer anderen Stelle des Gerätes abgelesen werden kann. ",100,"[126, 442, 873, 552]",775,2.0164158596266107e+18,
2016415859626610737,W109684747,text,"Elektrotechnische und mechanische Modelle, sie könnten auch als ikonische (z. B. Relief, Globus, Apparatur) bezeichnet werden, scheiden also als betriebswirtschaftliche Entscheidungsmodelle aus. Sie können aber ohne weiteres aus pädagogischen Gründen angewendet werden. Nur sind sie u. E. derart primitiv, daB sie eigentlich niemandem zugemutet werden können. ",100,"[126, 564, 873, 655]",776,2.0164158596266107e+18,
2016415859626610738,W109684747,text,Aus dem Sprachgebrauch der strategischen Spieltheorie stammt die Einteilung der Modelle in die beiden Gruppen ,100,"[126, 667, 873, 701]",777,2.0164158596266107e+18,
2016415859626610739,W109684747,text,a) Ein-Personen-Spielmodelle und b) Mehr-Personen-Spielmodelle. ,100,"[126, 709, 449, 745]",778,2.0164158596266107e+18,
2016415859626610740,W109684747,text,"Diese Gruppierung ist für unser Thema brauchbar. Denn es gibt eine Reihe von innerbetrieblichen Problemen, bei denen das Geschehen nur von einer Person dirigiert wird, und daneben — wohl in der Mehrzahl — Probleme, die dadurch gekennzeichnet sind, da sie durch zahlreiche Personen beeinfluBt werden. Diese Personen können sein ",100,"[124, 756, 875, 846]",779,2.0164158596266107e+18,
2016415859626610741,W109684747,text,"externe Personen: aa) Kunden, bb) Lieferanten, die Konkurrenz, dd) die Öffentlichkeit, interne Personen: ",100,"[124, 855, 324, 908]",780,2.0164158596266107e+18,
2016415859626610744,W109684747,text,,101,"[158, 124, 367, 159]",783,2.0164158596266107e+18,
2016415859626610745,W109684747,text,,101,"[124, 167, 324, 183]",784,2.0164158596266107e+18,
2016415859626610746,W109684747,text,"aa) mehrköpfige Geschäftsleitung, bb) die anderen Mitarbeiter. ",101,"[155, 189, 476, 224]",785,2.0164158596266107e+18,
2016415859626610747,W109684747,text,"Inwieweit spieltheoretische Modelle praktikabel sind, wurde bereits im Kapitel über die Verfahrenstechniken behandelt. ",101,"[122, 235, 879, 270]",786,2.0164158596266107e+18,
2016415859626610748,W109684747,text,"Die von Frenckner vorgenommene Unterscheidung zwischen Optimierungs- und Anpassungsmodellen kann für operationsanalytische Modelle nicht übernommen werden. Diese sind nämlich als Entscheidungsmodelle immer gleichzeitig Optimierungs- und Anpassungsmodelle. Sie haben die Aufgabe, die Optimumrechnung vorzubereiten und müssen sich dabei ,ständig den Entwicklungstendenzen"" (14) anpassen. Es gibt also keinen Unterschied, und Frenckner selbst sagt an einer anderen Stelle, daB man bei den Anpassungsmodellen eine Anpassung auf ein ,möglicherweise sich ständig änderndes Optimum"" anstrebe. ",101,"[124, 282, 875, 428]",787,2.0164158596266107e+18,
2016415859626610749,W109684747,text,"Anpassungsmodelle haben einen dynamischen Charakter. An ihnen kann man die Bedeutung des Einsatzes von elektronischen Rechengeräten und entsprechenden Verfahrenstechniken beweisen. Sie sind nämlich ohne schnellrechnende Anlagen nur sehr bedingt brauchbar; erst wenn der Rechenvorgang so beschleunigt ist, daB eingetretene Geschäftsveränderungen in kürzester Zeit, vielleicht gar in Stunden, in der Rechnung berücksichtigt werden können, dann haben sie einen groBen Wert. ",101,"[124, 444, 875, 571]",788,2.0164158596266107e+18,
2016415859626610750,W109684747,text,"Mit den angeführten Modelltypen sind die Gliederungsmöglichkeiten noch nicht erschöpft. Man kann noch von endogenen und exogenen, analogen und symbolischen, von linearen und nichtlinearen Modellen usw. sprechen; von den rein gedanklichen Konstruktionen der Idealmodelle und von den auf Grund von empirischen Daten konstruierten Realmodellen. Den Einteilungskriterien sind keine Grenzen gesetzt. Für unsere Zwecke aber, d. h. für die Betrachtung der betriebswirtschaftlichen Operationsforschung, genügen die angeführten Modelltypen, und sofern es sich um Fragen der Linearität oder Nichtlinearität handelt (und entsprechend um andere Belange), werden diese an anderer Stelle behandelt. So z. B. die Linearität in dem Abschnitt über das Wesen der ,Beziehungen"" im Modell. ",101,"[124, 586, 875, 785]",789,2.0164158596266107e+18,
2016415859626610751,W109684747,text,"Operationsanalytische Modelle haben fast durchweg die Form von Gleichungen bzw. Ungleichungen. Zwischen ihnen und den Verbalmodellen stehen die Tabellenmodelle. Darunter versteht man jene, welche Zahlen in Tabellenform kleiden und dadurch ein übersichtlicheres Bild von dem in Frage stehenden betrieblichen Vorgang geben. Sie sind ihrerseits nicht mit Matrixmodellen zu verwechseln, die zwar auch das Aussehen einer Tabelle haben, aber bereits die ",101,"[126, 797, 875, 907]",790,2.0164158596266107e+18,
2016415859626610754,W109684747,text,"Unterlage für den Matrizenkalkül, also ein operationsanalytisches Verfahren, bilden. ",102,"[124, 124, 862, 159]",793,2.0164158596266107e+18,
2016415859626610755,W109684747,text,Verbal- Tabellen- Matrix- Gleichungsmodelle modelle modelle modelle ,102,"[197, 162, 781, 198]",794,2.0164158596266107e+18,
2016415859626610756,W109684747,text,"Als Tabellenmodelle können alle zahlenmäBigen Planungsübersichten einschlieBlich ihrer Verbalerläuterungen bezeichnet werden. Jede Budgetaufstellung ist also ein betriebswirtschaftliches Modell. Trotzdem können Budgets nicht ohne weiteres als operationsanalytische Modelle angesprochen werden. Sie sind diesen zwar sehr ähnlich, denn auch sie geben der Unternehmungsleitung Entscheidungsunterlagen, sind quantitativ und befassen sich mit Zukunftsentwicklungen, aber trotzdem besteht ein wesentlicher Unterschied. Tabellenmodelle sind Endpunkte vorhergegangener Überlegungen und unmittelbare Entscheidungsbasis, während operationsanalytische Tabellen und insbesondere Matrixmodelle nur eine Vorstufe nachfolgender Rechenoperationen sind. ",102,"[124, 208, 869, 390]",795,2.0164158596266107e+18,
2016415859626610758,W109684747,text,"Erst wenn operationsanalytische Rechentechniken angewendet werden, geht die Planungsübersicht über eine bloBe Zahlenzusammenstellung hinaus und wird zu einem operationsanalytischen Modell. ",102,"[126, 767, 875, 820]",797,2.0164158596266107e+18,
2016415859626610759,W109684747,text,"Da auch Kennzahlenkombinationen als operationsanalytische Modelle bezeichnet werden, ist es angezeigt, hierüber einige Bemerkungen zu machen. Die Kennzahlenrechnung steht an der Grenze zwischen dem strategischen und administrativen Rechnungswesen. Wie schon dem Namen entnommen werden kann, geben die Zahlen irgend etwas zu erkennen; nämlich Zusammenhänge zwischen den FaktorengröBen, aus denen sich die Kennzahl zusammensetzt. ",102,"[126, 832, 875, 905]",798,2.0164158596266107e+18,
2016415859626610762,W109684747,text,,103,"[120, 125, 873, 160]",801,2.0164158596266107e+18,
2016415859626610763,W109684747,text,"Es wäre nun aber verfehlt, anzunehmen, dab sich aus der Anderung einer FaktorengröBe notwendigerweise eine ganz bestimmte Anderung der anderen GröBe ergibt. Es ist leicht möglich und in vielen Fällen sogar wahrscheinlich, daB sich das Gegenteil der angenommenen Bewegung ereignet. ",103,"[120, 167, 873, 241]",802,2.0164158596266107e+18,
2016415859626610764,W109684747,text,Beispiel: ,103,"[122, 251, 205, 269]",803,2.0164158596266107e+18,
2016415859626610766,W109684747,text,"Der Gewinn und das Kapital sind die Elemente der Rentabilitätskennzahl. Eine Verminderung des Kapitals bei gleichbleibendem Gewinn hätte rein rechnerisch eine Steigerung der Rentabilität zur Folge. Eine betriebswirtschaftspolitische Empfehlung im Sinne einer ,,Strategie"" könnte etwa lauten: Das Kapital ist zu senken, damit die Rentabilität steigt. Der Ratschlag ergibt sich aus der arithmetischen Berechnung. Trotzdem wird er kaum gegeben werden können, denn eine Kapitalsenkung kann u. U. (und sogar wahrscheinlich) zu einer Gewinnschmälerung und daher in weiterer Folge auch zu einer Rentabilitätsverminderung führen. Die Ergebnisse der neuen Formel werden zwar wieder stimmen, d. h. die vergangene Leistungsbewegung wird richtig wiedergegeben, aber für die Angabe von Strategien reicht die Kennzahlenrechnung nicht aus. Deshalb sagen auch Hitch und Mc Kean (15), daB die Kennzahlen als Operationskriterien unzuverlässig und trügerisch sind. \$\$ ",103,"[122, 293, 875, 532]",805,2.0164158596266107e+18,
2016415859626610767,W109684747,text,"Man ersieht aus dem Beispiel, daB es weniger auf die mathematische Ausrechnung ankommt, als vielmehr auf die den FaktorengröBen im Zähler und Nenner zugrunde liegenden Faktoren und deren Bewegung. Ja, für betriebswirtschaftspolitische Manahmen, für Entscheidungen sind die absoluten Grundzahlen, aus denen sich die Kennzahl zusammensetzt, sogar wertvoller als die Kennzahl selbst. Das ist nicht verwunderlich, denn die unmanipulierten Grundzahlen (Zähler und Nenner) stehen der Leistung noch näher als die durch eine Rechenoperation, beispielsweise Division, mittelbar gewordene und daher entferntere Kennzahl. ",103,"[126, 539, 877, 704]",806,2.0164158596266107e+18,
2016415859626610768,W109684747,text,"Aus der betrieblichen Kennzahlenrechnung gelieferte Strategien, d. h. Empfehlungen, sind daher immer nur neben vollständigen Leistungsanalysen zu verwenden. Zumindest ist es erforderlich, Kennzahlenformeln in ihre Bestandteile zu zerlegen. ",103,"[130, 710, 879, 784]",807,2.0164158596266107e+18,
2016415859626610769,W109684747,text,"Rohertrag 5000   
Zahl der Beschäftigten 100 = 50 Einheiten pro Kopf   
Zerlegt:   
LeisRrohertrageiten x ZLeistungseinhitenen = 50 Einheiten pro Kopf ",103,"[128, 814, 819, 911]",808,2.0164158596266107e+18,
2016415859626610772,W109684747,text,"Diese Zerlegung kommt bereits einer Leistungsanalyse gleich; sie ist sehr wohl in der Lage, anzugeben, ,ob eine Veränderung der Kopfquote bloB zurückzuführen ist auf eine Wertveränderung oder auf eine echte Veränderung der Leistung"" (16). ",104,"[126, 124, 866, 198]",811,2.0164158596266107e+18,
2016415859626610773,W109684747,text,"Beck befaBt sich zwar nicht mit der Kennzahlenrechnung, aber die Ergebnisse seiner Untersuchungen über die Kausalforschung in der Betriebswirtschaftslehre können zur Gänze auf die Aussagekraft der Kennzahlenrechnung bezogen werden. Er meint, daB die kausale Erklärung weder aus der Kenntnis der Ereignisse (wir würden hier sagen Faktoren) noch aus ihrer Beziehung zueinander abgeleitet werden kann, sondern nur der Weg übrigbleibt, ,sie aus den einzelnen erfaBbaren Faktoren, welche die betreffenden Erscheinungen bewirken, zu gewinnen"" (17). ",104,"[126, 204, 871, 350]",812,2.0164158596266107e+18,
2016415859626610774,W109684747,text,Kennzahlen können mehrdeutig sein. Eine Rentabilität von $8 \%$ kann sich aus den Relationen ,104,"[122, 357, 869, 392]",813,2.0164158596266107e+18,
2016415859626610776,W109684747,text,"ergeben, wobei noch gar nicht die verschiedenen Rentabilitätsarten in Betracht gezogan sind. Daraus ergibt sich, daB die Analyse der unter der Zahl liegenden Leistungen für die Betriebswirtschaftspolitik - nicht für die Betriebswirtschaftslehre (!) - wichtiger ist als der Index selbst. ",104,"[126, 437, 873, 509]",815,2.0164158596266107e+18,
2016415859626610777,W109684747,title,2. Quantität und Qualität ,104,"[367, 536, 627, 557]",816,,1.0
2016415859626610778,W109684747,text,"Die in der betriebswirtschaftlichen Operationsforschung verwendeten Modelle sind Mengenmodelle, d. h. ihre Elemente sind Quantitäten. Sie müssen mengenmäBig sein, weil man sonst nicht mit ihnen rechnen könnte. Im Stadium der Modellkonstruktion kommt es darauf an, die quantitativen Phänomene des Betriebsprozesses festzustellen, sie zu bewerten und in die Modellformel einzusetzen. ",104,"[126, 565, 873, 674]",817,2.0164158596266107e+18,
2016415859626610779,W109684747,text,"Es ist bezeichnend, da von den Quantitäten als von ,,Phänomenen"" gesprochen wird. Dem Rechnenden, dem Mathematiker und Statistiker, offenbart sich das wirtschaftliche Geschehen nämlich erst, wenn es in einer Zahl fixiert ist, wenn es die Erscheinung einer Zahl angenommen hat. Er sieht in einem Betrieb und darüber hinaus in der Wirtschaft nicht ein wohlgefügtes Leistungsgebäude, sondern ein ,Chaos der Realität"", in das er Ordnung hineinbringen will. Es ist nicht verwunderlich, daB er vorerst nur bis an die Oberfläche der Dinge kommt, denn das erste, das sich ihm darbietet, sind die Phänomene, die Erscheinungen der ,,chaotischen"" Zustände, wie sie unter der Oberfläche bestehen. Diese Phänomene sind Zahlen, nämlich Auftragsmengen, Bestellmengen, Transportmittelmengen, Maschinen, Rohstoffmengen, Menschen, Arbeitsstunden, Kosten, Preise, Erträge, Unternehmereinkommen usw. Anderson nennt derartige Mazahlen deshalb, weil sie nur gewisse wenige Eigenschaften der ihnen zugrunde liegenden, viel komplizierteren Gesamtheiten ausdrücken, treffend ,,Statistische Schatten"" (18). Für Oberparleiter sind die Phänomene ,,Symptome"" und das ihnen Zugrundeliegende,,Wurzeln"" (19). Illetschko spricht von,,Signalen"" mit bestimmter Bedeutung, von ,,Verschlüsselungen von konkreten Erscheinungen"" (20) und davon, daB der unmittelbaren Wahrnehmung nur das Abzählen von deutlich unterscheidbaren Einheiten (von Mengen) zugänglich ist. Bei Gutenberg findet man die Forderung: ,,Man mu durch die Maschine hindurchsehen"", um festzustellen, was tatsächlich eingesetzt wird, und Engelmann sagt, dab sich der Geldwert wie ein Schleier über das eigentliche Geschehen der Wirtschaft ausbreite (21). ",104,"[126, 681, 875, 901]",818,2.0164158596266107e+18,
2016415859626610782,W109684747,text,,105,"[124, 124, 875, 325]",821,2.0164158596266107e+18,
2016415859626610783,W109684747,text,"Durch die Zahlen ist das Chaos in gegenständliche Begriffe, in statistische Einheiten eingefangen worden. Man darf aber nicht bei ihnen stehenbleiben, sondern mu tiefer in die wirtschaftliche Problematik eindringen. Statt dessen begnügen sich der Mathematiker und der Statistiker nur zu oft mit ihnen allein und wenden sich der mathematischen bzw. statistischen Verarbeitung dieser Daten zu. Damit verlassen sie aber bereits wieder das Gebiet der Wirtschaft, die sie im wahrsten Sinne des Wortes nur oberflächlich zur Kenntnis genommen haben. Im Gegensatz hierzu versucht der Operationsforscher, mehr von den den LeistungsgröBen zugrunde liegenden Wesenheiten zu erfahren. Er will nicht an der Oberfläche bleiben, sondern zu den Ursachen vordringen. Da er aber doch wiederum ganz im mathematisch-statistischen Denken verwurzelt ist, gelangt er nicht zu einer echten Leistungsanalyse, sondern verbleibt in einer kausalmechanischen Aktivitätsanalyse und findet daher nur Systembezüge, Strukturen, die durch Strukturdaten definiert sind. ",105,"[124, 334, 875, 590]",822,2.0164158596266107e+18,
2016415859626610784,W109684747,text,"Die Phänomene des Betriebsablaufes werden zuerst in Worte gefat; man spricht, wie erwähnt, von den Bestellmengen, Arbeitsstunden, Kosten, Preisen usw. Sodann versieht man diese Worte mit Zahlen. Aus den Faktoren werden Faktoreinsatzmengen und aus den Fakten mathematische Variable, die später als Elemente der ,,Beziehungen"", auch als EinfluBfaktoren, WirkungsgröBen, Umwelteinflüsse usw. bezeichnet werden. ",105,"[126, 603, 875, 712]",823,2.0164158596266107e+18,
2016415859626610785,W109684747,text,"Es ist ohne Zweifel eine für die wissenschaftliche Behandlung wirtschaftlicher Probleme berechtigte Aufforderung, den Sprung vom Wort zur Zahl zu wagen, doch darf - um bei der bildlichen Ausdrucksweise zu bleiben - nicht vergessen werden, daB bei manchen ,,Phänomenen"" die Kluft zwischen dem Wort und der Zahl unüberbrückbar ist. ",105,"[126, 726, 875, 817]",824,2.0164158596266107e+18,
2016415859626610786,W109684747,text,"Im Grunde genommen handelt es sich bei den Faktoren, Elementen, Fakten, Umwelteinflüssen usw. immer um Leistungen, und der Sprung vom Wort zur Zahl ist das Problem der Umwandlung von Leistungen in LeistungsgröBen. Die betriebswirtschaftliche Operationsforschung geht zwar nicht von den Leistungen aus, kann aber doch nicht übersehen, daB der Mensch diese Leistungen setzt. Sie erfaBt das lebendige Geschehen aber in ihrer Art, d. h. sie sieht die Daten als Variable, und etwas bleibt in den Formeln vom Menschen bestehen, wenn sie davon spricht, da die in das Problem eingegangenen Variablen vom Menschen beherrschbar oder aber nicht beherrschbar, d. h. auBerhalb der Kontrolle der Unternehmungsleitungen stehend, sein können. ",105,"[126, 833, 875, 905]",825,2.0164158596266107e+18,
2016415859626610789,W109684747,text,,106,"[128, 124, 871, 234]",828,2.0164158596266107e+18,
2016415859626610790,W109684747,text,"Ganz konsequent hat Waffenschmidt den Sprung vom Wort zur Zahl durchgeführt. Er nennt diesen Vorgang, durch den die Ökonomie als Nutzengestaltung zur Chrematik als der Geldmechanik wird, die wichtigste grundlegende Substitution. Durch sie wird die Wirtschaft zur Wirtschaftstechnik $, \mathrm { m i t }$ all der Rechenhaftigkeit, Mathematik und Mechanik, die einer solchen technischen Gestaltung in der entwickelten Zivilisation mit ihren Apparaten eigentümlich ist"" (22). An die Stelle des Nutzens tritt das Geld. Die wirtschaftlichen Massen werden zu Geldmassen, die sich von den physikalischen Massen substantiell wohl unterscheiden, ihnen aber formal gleichgesetzt werden können. Vor allem könne man mit ihnen rechnen, als wären sie technische Massen. ",106,"[126, 247, 873, 429]",829,2.0164158596266107e+18,
2016415859626610791,W109684747,text,"Alle Ereignisse oder Erscheinungen, also Phänomene, haben gewisse Eigenschaften oder Merkmale. Diese Merkmale können ,,der Bezeichnung oder Messung durch Zahlen zugänglich sein"", oder aber sie verschlieBen sich einer jeden Anordnung. Die letzteren sind reine Qualitäten, auf welche die Zahlen nicht unmittelbar angewendet werden können (z. B. Farben, Formen). ,Eigenschaften, denen eine natürliche Ordnung zukommt, können GröBen genannt werden; ihnen können Zahlen unmittelbar zugeordnet werden"" (23). ",106,"[126, 444, 873, 571]",830,2.0164158596266107e+18,
2016415859626610792,W109684747,text,"Das Problem der Umwandlung von Worten in Zahlen besteht nicht einfach in der Benennung einer Eigenschaft mit einer Zahl; sondern man mu deutlich zwischen Ordinalzahlen (1, 2, 3, 4) und Kardinalzahlen (1 Arbeiter, 2 Arbeiter, 3 Arbeiter, 4 Arbeiter) unterscheiden. Ordinalzahlen dienen lediglich dazu, die Position eines Merkmals in einer bestimmten Ordnungsreihe anzuzeigen. Das ist beispielsweise bei den Thermometerwerten der Fall, die jeweils nur aussagen, ob es $\mathbf { 1 5 } ^ { \circ }$ oder $2 5 ^ { \circ }$ warm oder kalt ist. Wir haben die Indexzahlen vor uns, die in der Wirtschaft als Indikatoren für die Nutzungsgrade, Bedürfnisbefriedigungsgrade, Qualitätsgrade (z. B. einwandfreies Funktionieren oder nicht, gute Ware oder AusschuB) oder im weitesten Sinne als Anzeiger für den Leistungsbau der Wirtschaft anzutreffen sind. ",106,"[126, 586, 873, 785]",831,2.0164158596266107e+18,
2016415859626610793,W109684747,text,"Bei einer Ordinalzahl kann man noch nicht von einer echten Quantifizierung sprechen. Das Merkmal ist erst dann vollkommen quantifiziert, wenn der beigefügten Zahl kardinale Bedeutung zukommt. Kardinalzahlen können addiert werden; so ergeben beispielsweise $5 0 ~ \mathrm { k g }$ Eisen $+ ~ 5 0 ~ \mathrm { k g }$ Eisen $= 1 0 0 ~ \mathrm { k g }$ Eisen. Eine Summierung ist bei Ordinalzahlen verständlicherweise nicht möglich. 15 Wärmegrade $^ +$ 12 Wärmegrade ergeben keineswegs 27 Wärmegrade. Zahlen mit kardinaler Bedeutung nennt man direkt meBbare GröBen, sie können geordnet und in Längen-Mengen-Zeiteinheiten gemessen werden. Die Rechenoperationen der Arithmethik sind auf sie anwendbar. Daraus leiten auch die Vertreter der betriebswirtschaftlichen Operationsforschung ab, daβ sich mathematische Methoden in der Wirtschaftstheorie anwenden und die Beziehungen mittels mathematischer Funktionen darstellen lassen. Dieser Auffassung kann entgegengehalten werden, daB erstens viele betriebswirtschaftliche (nicht betriebstechnische) GröBen, die als Kardinalzahlen betrachtet werden, doch nur Indikatoren sind und dab zweitens die Beziehungen, wie noch auszuführen sein wird, nicht in allen Fällen den Charakter mathematischer Funktionen haben. ",106,"[126, 797, 873, 907]",832,2.0164158596266107e+18,
2016415859626610796,W109684747,text,,107,"[122, 125, 873, 308]",835,2.0164158596266107e+18,
2016415859626610797,W109684747,text,"Mit der Einführung des Begriffes der mathematischen Erwartung ist es bis zu einem gewissen Grade möglich, Präferenzen mebar zu machen, d. h. Ordinalzahlen in Kardinalzahlen zu verwandeln. ",107,"[124, 322, 875, 374]",836,2.0164158596266107e+18,
2016415859626610798,W109684747,text,"Die betriebswirtschaftliche Operationsforschung sieht ihre Aufgabe u. a. darin, Phänomene in Kardinalzahlen zu fassen, denn dort, wo es ihr gelingt, ist sie dann in der Lage, mittels des mathematischen Formalismus Entscheidungsstrategien zu berechnen. Es besteht aber bei gewissen Problemen die Gefahr, ,,daB der Versuch einer solchen Zuordnung von Kardinalzahlen und Wertmerkmalen den Gültigkeitsbereich des Modelles so weit einschränkt, daB seine Brauchbarkeit praktisch verschwindet. Dies tritt z. B. bei vielen Problemen wirtschaftlicher und soziologischer Natur ein"" (24). ",107,"[124, 386, 875, 534]",837,2.0164158596266107e+18,
2016415859626610799,W109684747,text,"Die betriebswirtschaftliche Operationsforschung begnügt sich nicht gern mit dem ,,Ordnen"", dem ,,Bewerten""; sie will nicht nur beispielsweise durch die Ordnungsrelation $\mathbf { O } _ { \mathbf { w } }$ zweier Merkmale $\mathbf { x _ { i } }$ und $\mathbf { x _ { j } }$ ausdrücken, da $\mathbf { x _ { i } }$ dem $\mathbf { x _ { j } }$ vorgezogen wird $( \mathbf { x _ { i } } \ 0 _ { \mathbf { w } } \ \mathbf { x _ { j } } )$ , sondern will, wo immer es geht, den Sprung zur Kardinalzahl durchführen. Adam (25) verlangt, daB die Informationen an genü- gend vielen Stellen im Betrieb so gemessen werden, $\mathtt { w d a B }$ die Fakten in möglichst metrischer Ausprägung erscheinen, das heiBt, daB die Merkmalintensitä- ten durch Abstände $( \mathbf { x _ { 1 } } - \mathbf { x _ { 2 } } = \mathbf { d } )$ kenntlich gemacht werden können - und nicht durch Diversitäten $( \mathbf { x _ { 1 } } \neq \mathbf { x _ { 2 } } )$ oder Rangrelationen $( \mathbf { x _ { 1 } } < \mathbf { x _ { 2 } } )$ ..."". ",107,"[124, 544, 877, 710]",838,2.0164158596266107e+18,
2016415859626610800,W109684747,text,"Die Operationsforschung kann sich aber letzten Endes nicht auf die starken MaBe, z. B. Kilo, Liter, Meter, Stunden, allein beschränken, denn zahlreiche, wenn nicht die meisten sozialwissenschaftlichen Erscheinungen äuBern sich nicht durch Daten metrischer Ausprägung, und daher befabt sie sich auch mit dem schwachen Messen von betriebswirtschaftlichen Sachverhalten (Diversitäts- oder Unterschiedsskalen) (26). Es bleibt gar nichts anderes übrig, denn die Zahlen der Unternehmungsleitung können nicht mit den Daten eines brückenbauenden Ingenieurs verglichen werden. Bei den meisten und jedenfalls wesentlichsten betriebswirtschaftspolitischen Entscheidungen sind nur Rangordnungsverhältnisse möglich. ",107,"[126, 723, 879, 907]",839,2.0164158596266107e+18,
2016415859626610803,W109684747,text,"Die Meinung, dab es nicht nur auf das Quantifizieren schlechthin, also auf eine quantitative Theorie ankomme, sondern daB erst eine numerische Theorie, der es gelingt, ,mit Hilfe ihrer Theoreme numerische Aussagen über Zusammenhänge zwischen ökonomischen Variablen zu machen"" (27), als leistungsfähige Theorie anzusprechen sei, ist vom funktionalen Standpunkt aus gesehen nicht haltbar. In bezug auf betriebswirtschaftliche Probleme muB und kann, gestützt auf die bisherige Analyse der betriebswirtschaftlichen Operationsforschung, diese Auffassung abgelehnt werden. Die ,,konventionelle"" Betriebswirtschaftslehre hat bisher hauptsächlich qualitative Einsichten gebracht und darf trotzdem für sich in Anspruch nehmen, leistungsfähig gewesen zu sein. Damit wird keineswegs die numerische Betrachtung abgelehnt, sondern lediglich behauptet, daB sie nicht die einzige fruchtbare Theorie ist. ",108,"[124, 124, 866, 342]",842,2.0164158596266107e+18,
2016415859626610804,W109684747,text,"Wir finden auch auBerhalb der mathematischen Operationsforschung die Bemühungen nach einer quantitativen Durchleuchtung des betrieblichen Geschehens. So weist z. B. Oberparleiter darauf hin, daB das Streben des wissenschaftlichen Betriebswirtes darauf gerichtet ist, ,nicht nur Augenblickszustände des Betriebes, errechnet in einer Bilanz oder in einer Betriebserfolgsrechnung, festzuhalten, sondern auch Symptome und Ursachen der stets veränderlichen Wirtschaftlichkeit in Zahlenwerten laufend zu verfolgen ..."" (28). Es ist ganz offenkundig, daB die Theorie der Betriebswirtschaft ohne die Zahlen nicht auskommt. Insbesondere die Betriebswirtschaftspolitik als Wissenschaft bedarf in viel stärkerem MaBe als die Betriebswirtschaftslehre einer wirtschaftskundlichen, statistischen Unterbauung. ",108,"[126, 354, 869, 555]",843,2.0164158596266107e+18,
2016415859626610805,W109684747,text,"Wenn die Betriebswirtschaftslehre eine Wissenschaft und keine Kunstlehre sein will, mu sie auch die quantitativen Aspekte ihres Erkenntnisobjektes analysieren. Es ist nur nicht einzusehen, da ausschlieBlich diese Aspekte wissenschaftlich sein sollten und alle anderen nicht. Die Forderung nach rationaler Durchdringung des betriebswirtschaftlichen Geschehens beinhaltet nicht implicite das Messen. Dieses wird ,stets eine nützliche Tätigkeit sein"" (29), aber auf dem Gebiete der Betriebswirtschaftslehre wohl nicht eine dominierende, sondern nur eine zweitrangige Stellung einnehmen können. Es ist u. E. unrichtig, wenn Allen behauptet, daB die Wirtschaftstheorie eine analytische Disziplin sei, ""... die sich mit bestehenden oder als bestehend angenommenen Beziehungen zwischen GröBen befaBt, die zahlenmäig mebar sind"" (30). Diese Behauptung ist durch die Bemerkung zu ergänzen, daB sich die Wirtschaftstheorie u. a. auch mit diesen Beziehungen befasse. Manche Leistungen - und solche sind es, die den Phänomenen zugrunde liegen, die die Wesenheiten der Phänomene sind - können nicht quantifiziert werden. ",108,"[124, 564, 873, 840]",844,2.0164158596266107e+18,
2016415859626610806,W109684747,text,"Es ist ein Kennzeichen der betriebswirtschaftlichen Operationsforschung, da sie die Phänomene, die LeistungsgröBen, die Zahlen für die Leistung nimmt und inhaltlich für fixiert hält. Das trifft im betriebswirtschaftlichen Leben aber nicht zu. Wohl sind $5 ~ \mathrm { k g }$ eines Materials, physikalisch gesehen, immer $\textbf { 5 } \mathbf { k g }$ und können daher addiert werden, aber schon 100 Geldeinheiten sind wegen der unterschiedlichen Liquidität nicht gleich anderen 100 Geldeinheiten, und 1 Arbeitsstunde A ist mit einer anderen Arbeitsstunde B nicht mehr zu vergleichen und schon gar nicht ohne weiteres zusammenzuziehen. Es ist nur eine Annahme, aber keine Gegebenheit, daB der Lohn die Arbeitszeit repräsentiere oder daB der Wert des Materials die Materialmenge darstelle. Ganz offensichtlich wird das bei der LohngröBe, die sich aus den Lohnzahlungen für Frauenarbeit und Männerarbeit zusammensetzt; auch kann hinter einem Gehalt von 1000,— sowohl ein langjähriger, firmentreuer Angestellter stehen als auch einer, der ständig seinen Arbeitsplatz wechselt. ",108,"[126, 852, 875, 905]",845,2.0164158596266107e+18,
2016415859626610809,W109684747,text,,109,"[122, 125, 873, 325]",848,2.0164158596266107e+18,
2016415859626610810,W109684747,text,"Mengen bzw. Mengenklassen werden zwar durch Eigenschaften eindeutig bestimmt, aber die Eigenschaften sind wegen der sich ständig ändernden Leistungszusammenhänge nicht konstant. Selbst Gutenberg, für den die Eigenschaften der Faktoren $\mathbf { R _ { 1 } } , \ \mathbf { R _ { 2 } } \ \ldots \ \mathbf { R _ { n } }$ (nämlich Arbeitsleistungen, Betriebsmittel, Werkstoffe usw.) grundsätzlich auch unverändert sind, spricht von Schwankungen in der qualitativen Beschaffenheit der Faktoren. Er nennt sie oszillative Schwankungen (31). ZugegebenermaBen sind für ihn die oszillativen Veränderungen kein Hindernis für quantitative Untersuchungen. Sie sind nämlich seiner Meinung nach so geringfügig, daB sie den durchschnittlichen Leistungsstand eines Betriebes nicht verändern können. (Beispiel: Der Altersaufbau der Betriebsbelegschaft wechselt ständig, bleibt aber im Durchschnitt in der Zeit ziemlich unverändert. Die Beschaffenheit der Kapitalausrüstung, der Betriebsmittel, Werkstoffe usw. ändert sich ständig, bleibt aber im Durchschnitt ebenfalls ziemlich gleich.) Erst wenn grundlegende, trendartige Verschiebungen eintreten, ist eine Rechnung nicht mehr ohne weiteres möglich. Dann handelt es sich aber nicht mehr um Oszillationen, sondern um Trendverschiebungen, und die alten Faktorenkombinationen müssen durch neue ersetzt werden. ",109,"[124, 341, 875, 654]",849,2.0164158596266107e+18,
2016415859626610811,W109684747,text,"Die Einführung des Begriffes der oszillativen Schwankungen in die betriebswirtschaftliche Theorie ist auBerordentlich wertvoll. Gutenberg beweist mit ihm die Unbeständigkeit der Faktoreneigenschaften. Nur erscheint es uns etwas zu groBzügig und optimistisch, wenn er behauptet, daB die Schwankungen die weiteren Untersuchungen nicht störten; zumindest besteht die Gefahr, und zahlreiche operationsanalytische Literaturbeispiele beweisen es, daB mit Zahlen gearbeitet wird, die im Laufe mathematischer Berechnungen ihren Inhalt vollkommen ändern; dann nämlich, wenn einige Variable in der Rechnung geändert werden, um beispielsweise die Folgen einer MaBnahme zu errechnen. Schon durch die Anderung einer einzigen Variablen verschiebt sich der Leistungszusammenhang u. U. so stark, daB die Zahlenwerte der übrigen Leistungen nicht mehr für die geänderte Leistungssituation zutreffend sind. Man kann wohl in einer Modellgleichung einfach 100 Einheiten auf der linken Seite dazuzählen, wenn man die gleiche Zahl auf der rechten Seite addiert, aber man stelle sich vor, welche tiefgreifenden Umwälzungen in einem Betrieb eintreten würden, wenn man 100 neue Arbeiter einstellte. Der ganze Leistungsaufbau und Leistungszusammenhang dieses Unternehmens verschiebt sich vollkommen. Es ist also auch bei der peripheren Substitution, bei der nur ein Faktor der Produktionsfunktion durch einen anderen ersetzt wird und die anderen unverändert bleiben, mit Bedacht die eingeleitete Ausrechnung fortzusetzen. Da das ceteris paribus für die Betriebswirtschaftslehre so gut wie gar nicht gilt, ist auch jede Rechnung, die diese Annahme trifft, nur beschränkt anwendbar. Die Zahlen sind geschichtliche GröBen, d. h. sie gelten nur für einen bestimmten Ort zu einer bestimmten Zeit und wiederholen sich nur, wenn die Leistungen gewissermaBen die gleichen Konstellationen aufweisen. ",109,"[126, 668, 879, 908]",850,2.0164158596266107e+18,
2016415859626610814,W109684747,text,,110,"[126, 125, 869, 342]",853,2.0164158596266107e+18,
2016415859626610815,W109684747,text,"Eine Schwierigkeit, der sich die Wirtschaftsrechnung im Gegensatz zur technischen Rechnung gegenübersieht, liegt darin, dab die GeldwertgröBen entweder pagatorische oder kalkulatorische GröBen sein können, je nachdem, ob sie aus Zahlungen hervorgegangen sind oder aber für die Zwecke der Ermittlung der Periodenkosten gesammelt wurden. Dazu kommt ferner, daB der Anfall von GeldgröBen und deren Verrechnung im Rechnungswesen nicht immer zusammenfallen und daher aus der zeitlich unterschiedlichen Verrechnung heterogene MaBgröBen entstehen. ",110,"[126, 354, 871, 500]",854,2.0164158596266107e+18,
2016415859626610816,W109684747,text,"Die betriebswirtschaftliche Operationsforschung ähnelt in ihrem Vorgehen der Statistik, die von den zu untersuchenden Objekten auch nur jeweils einen Teil der Merkmale bzw. Eigenschaften und nicht alle verarbeitet. Die Statistik weiB, daB beispielsweise ein Mensch durch mehr als nur durch etwa 21 verschiedene Merkmale charakterisiert ist, steht aber auf dem Standpunkt, daB beispielsweise ein Greis, der in vielen Beziehungen ,selbstverständlich nicht einem neugeborenen Säugling gleichgestellt werden"" kann, für die Feststellung der Einwohnerzahl ohne weiteres in gleicher Weise wie der Säugling behandelt werden kann (32). Für diesen Zweck ist die Addition der beiden Repräsentanten (ein Greis und ein Säugling) zweifellos erlaubt. Die betriebswirtschaftliche Operationsforschung hat aber komplexere Aufgaben als nur die Zählung und Gruppierung von bestimmten Objekten. Wenn schon gesagt wird: ,Diese auBerordentlich vereinfachende, simplifizierende Eigenschaft der statistischen Modelle kann nicht genug unterstrichen werden, denn aus ihr ergeben sich einerseits die Begrenzungen der Anwendbarkeit der Methode und ..."" (33), um wieviel mehr muB auf die beschränkte Gültigkeit operationsanalytischer Modelle hingewiesen werden. ",110,"[126, 510, 875, 821]",855,2.0164158596266107e+18,
2016415859626610817,W109684747,text,"Wenn man die Gesamtheit der in einem Betrieb wirksamen Leistungen nicht als ein chaotisches, ungeordnetes, zufälliges Durcheinander von Tatsetzungen betrachtet, sondern vielmehr als ein wohlgefügtes Gebäude von sinnvoll aufeinander abgestimmten, in Entsprechung zueinander stehenden Leistungen ansieht, dann gelangt man auch zu dem Begriff des Leistungsvorranges. Die Leistungen haben unterschiedlichen Rang. Die unteren, das sind die Leistungen des Fertigens, Transportierens und Lagerns, lassen sich weitgehend gröBenmäBig erfassen; die am anderen Ende stehenden führenden Leistungen, insbesondere die organisierenden Leistungen, auf betrieblicher Ebene, beispielsweise die Unternehmerfunktion, aber auch das Erfinden und die wirtschaftliche Ausbildung usw., sind nicht quantifizierbar. Sie sind unverbrauchlich, wie z. B. die Leistung des Unternehmers, die in allen nachfolgenden Leistungen gewissermaBen unsichtbar mitwirkt, beweist. Ohne das Dabeisein dieser organisierenden Unternehmerleistungen kann kein Produkt erzeugt, keine Kiste transportiert und kein Gut gelagert werden. ",110,"[126, 835, 875, 907]",856,2.0164158596266107e+18,
2016415859626610820,W109684747,text,,111,"[122, 125, 875, 325]",859,2.0164158596266107e+18,
2016415859626610821,W109684747,text,"Wie wollte man aber auch die Unternehmerleistung bewerten? Gutenberg trennt sie berechtigt von seinen drei Grundfaktoren ab und betrachtet sie als eigenständigen vierten, nämlich dispositiven Faktor. Sie läBt sich seiner Meinung nach als intensive GröBe nicht in ein rationales Schema einfangen. Es ist nicht einzusehen und im übrigen für die mechanische Auffassung betriebswirtschaftlichen Geschehens charakteristisch, wenn Waffenschmidt die Gutenbergsche ,Unternehmerarbeit"" nicht als selbständigen Faktor gelten läBt, sondern ihn zu der Arbeit, also einem der drei Elementarfaktoren, dazuzählt (34). Eine Unternehmerstunde ist aber nicht gleich einer Dreherarbeitsstunde; daran ändert auch die Bewertung durch Geldeinheiten nicht viel, denn auch diese ist nicht objektiv, sondern eine Angelegenheit der Macht. ",111,"[124, 340, 877, 541]",860,2.0164158596266107e+18,
2016415859626610822,W109684747,text,"Ottel meint sehr berechtigt, daB sich mittels der Differentialrechnung vielleicht die Einstellung eines zusätzlichen Arbeiters zu tausend gleichartigen Arbeitern annähernd darstellen lasse, nicht aber die eines leitenden Direktors neben zwei bisherigen (35). Die Unternehmerdisposition ist nicht mathematischer Natur, denn ,hier handelt es sich nicht um Rechnen, Addieren, Integrieren, sondern um Verstehen, Werten, Abwägen und Wagen"" (36). ",111,"[126, 555, 877, 665]",861,2.0164158596266107e+18,
2016415859626610823,W109684747,text,"Organsierende Leistungen sind geistige Güter, Kapital höherer Ordnung, Geisteselemente, ,,Intangibles"", die im Gegensatz zu stofflichen Gütern niemals quantifiziert, rationalisiert werden können, ja nicht einmal in Ordinalzahlen werden gefaBt werden können. Informationswissenschaftlich gesehen, handelt es sich bei den organisierenden Leistungen um nur sehr beschränkt regelbare Prozesse, die nicht an mathematischen oder formalwissenschaftlichen Modellen orientiert werden können. ",111,"[126, 678, 879, 806]",862,2.0164158596266107e+18,
2016415859626610824,W109684747,text,"Anderer Meinung ist Böhm (37), für den die Quantität und die Qualität für ein reales Objekt sich gegenseitig bedingende Akzidenzien eines Substrates sind. Die Quantität und die Qualität können gar nicht getrennt werden. ,Hat eine Qualität für ein reales Objekt die Quantität Null, ... so ist sie real gar nicht existent."" Ist ein Liter an sich ein Unsinn, so sei der Wein an sich auch nicht viel vernünftiger, und auBerdem schlage sich die qualitative Komponente im funktionalen Zusammenhang des mathematischen Ansatzes nieder. ",111,"[130, 817, 879, 908]",863,2.0164158596266107e+18,
2016415859626610828,W109684747,text,,112,"[126, 124, 860, 159]",867,2.0164158596266107e+18,
2016415859626610829,W109684747,text,"Der Umstand, daB zahlreiche Leistungen quantitativ faBbar sind, ist oft in der stofflichen, d. h. technisch-ursächlichen Eigenschaft der betreffenden Wirtschaftsmittel begründet. Jedes dieser Güter, beispielsweise irgendeine Maschine, besteht aus Schrauben, Hebeln, Schienen, Rollen und anderen technischen Bestandteilen. Hinsichtlich des Zusammenwirkens dieser Teile gelten technische, d. h. kausalmechanische GesetzmäBigkeiten; sobald diese Maschine, die, für sich allein betrachtet, eine technische Sache ist, wirtschaftlich eingesetzt wird, wird sie zu einem Wirtschaftsmittel, und in dem Augenblick muB die kausalmechanische Betrachtungsweise durch eine wirtschaftliche ersetzt werden. Ein und dieselbe Maschine hat also zwei Seiten, eine technische und eine wirtschaftliche, und insbesondere infolge der technischen Eigenschaften ist sie mengenmäBig faBbar. Für die wirtschaftliche Betrachtung sind aber die stofflichen Merkmale sekundär, abgeleitet und Messungen und Rechnungen daher in erster Linie dort angezeigt, wo die technisch-ursächliche Eigenschaft ausschlaggebend ist. Hier liegt das groBe Gebiet der statistischen Qualitätskontrolle, die sich mit meBbaren Qualitäten befaBt. Zweifellos kann man die Qualität eines Bleches in die quantitativen Dickengrade $0 , 5 0 - 0 , 7 0 \ \mathrm { m m }$ , $0 , 7 1 - 0 , 8 0 \ \mathrm { m m }$ , usw. einteilen. Auch die Härte, Temperatur, Länge, das Alter usw. lassen sich zahlenmäBig fassen, aber indem man diese stofflichen Qualitäten quantifiziert, hat man noch keineswegs die Welt der Wirtschaft betreten, sondern bewegt sich weiterhin im technischen Bereich der Dinge. ",112,"[124, 178, 866, 561]",868,2.0164158596266107e+18,
2016415859626610830,W109684747,text,"Halten wir fest: Die wirtschaftlichen Phänomene haben nicht nur Eigenschaftan oder Merkmale, sondern auch einen Wert, dessen Höhe von der erreichten Konsumannäherung abhängt. Quantifizieren kann nun heiBen: (a) ein Gerüst der zählbaren, meistens stofflich-technischen Mengen, z.B. Kilo, Liter, Stück usw., aufstellen (reine Mengenrechnung) und (b) dieses Mengengerüst durch Bewertung in ein Kostengerüst verwandeln (Kosten- und Preisrechnung). Beide Arten des Quantifizierens sind in verschiedenen, aber nicht in allen Leistungsbereichen in verschiedenen Genauigkeitsgraden möglich. ",112,"[126, 577, 873, 723]",869,2.0164158596266107e+18,
2016415859626610831,W109684747,text,"Bei den meisten Theoretikern auf dem Gebiete der Betriebswirtschaftslehre finden wir Hinweise darauf, daB sich ein Teil der Leistungen einer Quantifizierung verschlieBe. Bei dem einen aber überwiegen die qualitativen Leistungen und die quantifizierbaren spielen eine untergeordnete Rolle, bei dem anderen hingegen besteht die Auffassung, da grundsätzlich alle betriebswirtschaftlichen Leistungen in Zahlen fabar seien und nur ein ,Rest"" irrational bestimmt bleibe. Die Meinung des letzteren nähert sich jener der Operationsforscher. Diese sind jedoch davon überzeugt, da sich mit dem Ausbau der Informationstechnik im Betrieb der rationalisierbare Bereich ausdehnen werde. ",112,"[126, 739, 875, 904]",870,2.0164158596266107e+18,
2016415859626610834,W109684747,text,"Wie weit wir von einer vollständigen Quantifizierung betriebswirtschaftlicher Vorgänge entfernt sind, ergibt sich aus einer Aufstellung der Genauigkeitsgrade (degree of accuracy), die nach d'Abranyi in den einzelnen Wissenschaften bisher erzielt wurden: ",113,"[118, 124, 873, 196]",873,2.0164158596266107e+18,
2016415859626610835,W109684747,text,"Astronomie 99,9997 % Technik 99 $\%$ Mendelsche Theorie in der Biologie 85 $\%$ Einige psychologische Tests 70 $\%$ Soziologie 55 % ",113,"[241, 205, 758, 296]",874,2.0164158596266107e+18,
2016415859626610836,W109684747,text,"Die Manager, sagt d'Abranyi, haben es mit noch geringeren Genauigkeitsgraden zu tun (38). ",113,"[120, 306, 875, 342]",875,2.0164158596266107e+18,
2016415859626610837,W109684747,text,"Tinbergen (39) weist vom Standpunkt der Ökonometrie aus darauf hin, daB die Imponderabilien zwar nicht meBbar seien, daB sich aber die Einflüsse der Imponderabilien in Zu- oder Abnahmen bestimmter meBbarer Phänomene auswirken und daher also indirekt doch gemessen werden könnten. Dieser Meinung kann nichts entgegengesetzt werden, nur bestätigt sie wieder, wie vage die Mengen mancher Phänomene sind und wie problematisch die sich anschlie-Benden Rechenoperationen sein müssen. ",113,"[122, 348, 875, 477]",876,2.0164158596266107e+18,
2016415859626610838,W109684747,text,"Das wirtschaftliche Geschehen ist nicht voll rechenbar; wäre das der Fall, dann wäre es ein Leichtes, die Leistungen zu messen, den Anteil jedes einzelnen an der Leistung beteiligten ,Produktionsfaktors"" zu bestimmen und die Erträge entsprechend objektiv, d. h. gerecht, aufzuteilen. Es gäbe keine sozialen Krisen mehr, weil jeder seinen ihm zustehenden Ertragsteil zugewiesen bekommen würde. Eine kurze Informierung über die Realität wird jeden sofort davon überzeugen, daB dies nicht zutrifft und wir weit davon entfernt sind, dieses Ideal zu erreichen. Die Geschichte lehrt uns auf Schritt und Tritt, daB sich die Wirtschaft nicht im Quantitativen erschöpft. Diese Erkenntnis heiBt nun andererseits aber keineswegs, dab das rechenhafte Vorgehen keinen Zweck hätte. Das muB mit aller Eindringlichkeit herausgestellt werden. Es ist immer gerechnet worden und wird immer gerechnet werden müssen, soweit es nur möglich und sinnvoll ist. Die Aufforderung Galileis, das MeBbare zu messen und das Nichtmebare mebar zu machen, gilt mit den unerläBlichen Einschränkungen auch für die Wirtschaftswissenschaft. Je mehr quantifiziert wird, desto freier wird die Unternehmungsleitung und bekommt die Zeit und MuBe, sich echten unternehmerischen Aufgaben zu widmen. Der Betriebswirtschafter, der nicht rechnen will, gleicht einem Schiffsführer, der glaubt, auf den Kompab verzichten zu können. Auch die funktionale Betriebswirtschaftslehre ist sich des hohen Wertes quantitativer Analysen bewuBt, ja, Oberparleiter sagt sogar, daB das Streben des wirtschaftenden Menschen nach rechenhafter Durchdringung des Betriebes ,im funktionalen Sinn als das nach dem Urgrund der Wirtschaftlichkeit erkannt werden"" müsse (40). ",113,"[126, 486, 879, 908]",877,2.0164158596266107e+18,
2016415859626610842,W109684747,text,"So wenig wir Hogbens (41) Auffassung teilen, daB der Fortschritt der Zivilisation mit den Fortschritten der mathematischen Messung verknüpft sei, so wenig wollen wir von einem ,dummen Triumph der Quantität über die Qualität"" sprechen; doch hat in der Betriebswirtschaftslehre die morphologischanschauliche Leistungslehre den Vorrang vor der katallaktisch-abstrakten LeistungsgröBenlehre. Entscheidend ist es, nicht zu vergessen, daB nur dort quantifiziert und gerechnet werden kann, wo es möglich und sinnvoll ist. ",114,"[124, 124, 862, 251]",881,2.0164158596266107e+18,
2016415859626610843,W109684747,text,"Aus der Nichtquantifizierbarkeit gewisser Leistungen ergibt sich der Befund, dab erstens nur jene operationsanalytischen Untersuchungen zu brauchbaren Ergebnissen führen, deren Probleme nur in einem geringen Ausma von organisierenden Leistungen bestimmt werden, und daB zweitens die Ergebnisse nur Annäherungslösungen darstellen. Im Gegensatz hierzu können betriebstechnische Probleme in einwandfreier Weise operationsanalytisch gelöst werden. Es ist nun festzustellen, daB viele Probleme, die in der Literatur über die betriebswirtschaftliche Operationsforschung zitiert werden, gar keine betriebswirtschaftlichen, sondern betriebstechnische Probleme sind. ",114,"[124, 261, 866, 424]",882,2.0164158596266107e+18,
2016415859626610844,W109684747,text,"Weil es für zahlreiche Entscheidungen im Betrieb genügt, Annäherungslösungen zu haben, hat auch die Operationsforschung gute Aussichten, als strategische Planungsrechnung in die Betriebswirtschaftslehre bzw. -politik aufgenommen zu werden. Die Brauchbarkeit von Annäherungslösungen enthebt aber die Theorie nicht ihrer Aufgabe, auf die Unzulänglichkeit der Quantifizierung und Rechnung hinzuweisen. Betriebswirtschaftern wird kaum der Vorwurf gemacht werden können, dab sie Zahlen so kritiklos übernehmen, wie es heute noch erstaunlicherweise durch zahlreiche Operationsforscher geschieht. Diese bedauern zwar oftmals die Mangelhaftigkeit des ihnen zur Verfügung gestellten betrieblichen Informationsmaterials, sind aber im Grunde genommen nicht sehr von der Unzulänglichkeit der Zahlen berührt (42). Die Zahl und die sich anschlieende Rechnung ist im allgemeinen für sie interessanter als die vor der Zahl liegenden betriebswirtschaftlichen Gegebenheiten. ",114,"[126, 432, 871, 670]",883,2.0164158596266107e+18,
2016415859626610845,W109684747,title,3. Die Beziehungen zwischen den Quantitäten ,114,"[268, 693, 731, 712]",884,,1.0
2016415859626610846,W109684747,text,"In der Art und Weise, in der die durch die Ubersetzung aus der verbalen Fachsprache in die Kalkülsprache gewonnenen Quantitäten in Beziehungen zueinander gebracht werden, unterscheidet sich die betriebswirtschaftliche Operationsforschung weitgehend von der funktionalen Betriebswirtschaftslehre bzw. deren Rechnungsformen. Die Beziehungen im Sinne der betriebswirtschaftlichen Operationsforschung sind nämlich nicht irgendwelche Verknüpfungen schlechthin, sondern mathematische Funktionen. Man mu sich das immer vor Augen halten, ansonsten ist man nicht in der Lage, vom betriebswirtschaftlichen Standpunkt aus ein Urteil über die Anwendbarkeit, über die Möglichkeiten und Grenzen der betriebswirtschaftlichen Operationsforschung zu geben. ",114,"[126, 720, 875, 904]",885,2.016415859626611e+18,
2016415859626610849,W109684747,text,Unter mathematischen Funktionen seien in Anlehnung an Sagoroff (43) sowohl ,115,"[122, 124, 873, 141]",888,2.016415859626611e+18,
2016415859626610850,W109684747,text,"a) die determinierten, absolut bestimmten, streuungslosen GewiBheitsfunktionen, bei denen die Werte zweier in Relation zueinander stehender Veränderlichen voneinander abhängig sind, als auch   
b) die indeterminierten, stochastischen Wahrscheinlichkeitsfunktionen, die durch Regressionskurven approximiert werden können, ",115,"[120, 147, 875, 244]",889,2.016415859626611e+18,
2016415859626610851,W109684747,text,verstanden. ,115,"[124, 250, 230, 266]",890,2.016415859626611e+18,
2016415859626610852,W109684747,text,"GewiBheitsfunktionen sind also Gleichungen, die keine stochastischen GröBen enthalten, Wahrscheinlichkeitsfunktionen hingegen Gleichungen, deren GröBen stochastischen Charakter haben. ",115,"[124, 274, 875, 328]",891,2.016415859626611e+18,
2016415859626610853,W109684747,text,"In der unterschiedlichen Auffassung der Beziehungsinhalte liegt auch einer der Gegensätze zwischen der funktionalen Betriebswirtschaftslehre und der betriebswirtschaftlichen Operationsforschung. Obwohl die leistungsorientierte, also funktionale Betriebswirtschaftslehre den Ausdruck ,funktional"" verwendet und die betriebswirtschaftliche Operationsforschung ebenfalls mit ,Funktionen"" arbeitet, besteht ein wesentlicher Unterschied zwischen diesen beiden ,,Funktionen"". Die funktionale Betriebswirtschaftslehre meint mit Funktionen sinnvolle Leistungszusammenhänge, RegelmäBigkeiten, final-zweckhafte Beziehungen, die nicht unmittelbar mathematischer Natur sind, die betriebswirtschaftliche Operationsforschung hingegen versteht unter Funktionen nur mathematische Funktionszusammenhänge. Während die funktionale, leistungsorientierte Betriebswirtschaftslehre grundsätzlich von sinnvollen Leistungszusammenhängen ausgeht, nähert sich die Auffassung der von der Produktionsfaktorenlehre abstammenden ,mathematischen Betriebswirtschaftslehre"" jener der betriebswirtschaftlichen Operationsforschung. Hier wie dort wird von mathematischen Funktionen im Sinne rein mengenmäBig ausgerichteter Beziehungen zwischen den Produktionsfaktoren und den Produkten ausgegangen. Hertz und Feeney (44) sagen sogar, , $, \mathbf { A } \mathbf { n }$ operation may be defined as a function"". ",115,"[124, 335, 877, 668]",892,2.016415859626611e+18,
2016415859626610854,W109684747,text,Die grundlegende Produktionsfunktion ist durch die mathematisch-funktionale Zuordnung f zwischen den Produktmengen $( \mathbf { x } _ { 1 } \ldots \ldots \mathbf { x } _ { m } )$ und den Faktormengen ( $\mathbf { a } _ { 1 } \ldots \ldots \mathbf { a } _ { \mathbf { n } } )$ gekennzeichnet. ,115,"[128, 678, 879, 732]",893,2.016415859626611e+18,
2016415859626610856,W109684747,text,"Die mathematische Betriebswirtschaftslehre geht von der technischen Produktionsfunktion aus und will sie unter Einbeziehung ökonomischer Variabler zu einer ,betrieblichen Endfunktion"" umgestalten. Indem sie Geldeinheiten, nämlich Faktorpreise, in die Gleichung einbezieht, verwandelt sie die Produktionsfunktion in eine Kostenfunktion (Produktmengen : Faktoreinsatzkosten). ",115,"[130, 768, 879, 859]",895,2.016415859626611e+18,
2016415859626610857,W109684747,text,"Nun ist zu bemerken, da die betriebswirtschaftliche Operationsforschung mit der von der Produktionsfaktorenlehre kommenden ,,mathematischen Betriebswirtschaftslehre"" nur verwandt, aber keineswegs identisch ist. Der grundlegende Unterschied besteht darin, daB die traditionelle Kostentheorie von dem Begriff der Marginalanalyse ausgeht, also die unendliche Teilbarkeit der FunktionsgröBen annimmt, während die betriebswirtschaftliche Operationsforschung, konkreter ausgedrückt, die Linearplanung diese Annahme aufgibt. Darüber hinaus beschränkt sich die Linearplanung auf einen abgegrenzten Bereich der betrieblichen Kapazität und kümmert sich nicht um die gesamte mögliche Betriebsausnutzung. Insofern ist sie realistischer und brauchbarer. Da aber der mathematische Funktionsbegriff in beiden Fällen erhalten bleibt, das Grundkonzept sich also nicht ändert, sagt Beckmann (45) mit Recht, daB ,,der Schnitt zwischen linearer Programmierung und neoklassischer, mathematischer Ökonomie nicht so grob ist, wie es manchmal dargestellt wird"". ",115,"[130, 869, 881, 905]",896,2.016415859626611e+18,
2016415859626610860,W109684747,text,,116,"[126, 125, 869, 342]",899,2.016415859626611e+18,
2016415859626610861,W109684747,text,"Wittmann weist darauf hin, dab es eine Stelle gibt, an der man die engste Verwandtschaft zwischen traditionellem und neuem Ansatz finden könne; diese sei nämlich dort, wo man sich hypothetisch vorstellen könne, dab sich die mengenmäBigen Verschiebungen des Inputs kontinuierlich und in infinitesimal kleinen Mengenänderungen vollziehen. An dieser Stelle gleite die ProzeBsubstitution in eine Faktorsubstitution, wie sie für die ertragsgesetzliche Produktionsfunktion der traditionellen Produktionstheorie kennzeichnend sei, über. Wittmann spricht davon, daB der produktionstheoretische Ansatzpunkt der linearen Planung in einer gewissen Übereinstimmung mit den Grundlagen einer limitationalen Produktionsfunktion stehe. Der Vorgang der Substitution sei zwar auch in der Linearplanung zu finden, es sei aber keine Faktorensubstitution, sondern eine ProzeB-Verfahren-Substitution. AuBerdem werde in der Linearplanung lediglich das Rechenverfahren der Marginalanalyse, die Differentialrechnung aufgegeben, nicht aber der Kern des marginalanalytischen Denkens. ",116,"[126, 360, 871, 615]",900,2.016415859626611e+18,
2016415859626610862,W109684747,text,"Die traditionelle Kostentheorie wird als geradezu gescheitert betrachtet, weil ihre Voraussetzung, nämlich die erwähnte unendliche Teilbarkeit der FunktionsgröBen und die Konstanz der Faktorqualitäten, nicht mit der Wirklichkeit übereinstimmen. In der Realität sind die Faktorarten einem starken Wechsel unterworfen, die zur Verfügung stehenden Produktionsmittel sind beschränkt, und auBerdem liegt in den seltensten Fällen eine Monoproduktion, die ein weiteres Merkmal der klassischen Produktionsfunktion ist, vor. Man will also die ,,alte"" Produktionstheorie ganz oder teilweise ersetzen oder sie zumindest modifizieren. ",116,"[126, 633, 873, 795]",901,2.016415859626611e+18,
2016415859626610863,W109684747,text,"Laβmann hat sich intensiv mit den Gemeinsamkeiten und Unterschieden zwischen der Produktions- und Kostentheorie einerseits und der linearen Programmierung andererseits beschäftigt. Seine in vieler Beziehung klärenden Ausführungen sind eine interessante Analyse des Verhältnisses zwischen der ,,mathematischen"" Betriebswirtschaftslehre und der Operationsforschung. ",116,"[124, 813, 873, 904]",902,2.016415859626611e+18,
2016415859626610866,W109684747,text,"Mit der gleichen Problematik hat sich auch Wittmann auseinandergesetzt, der zu dem SchluB kommt, daB die Linearplanung ein eigenständiger produktionstheoretischer Ansatz sei, welcher der traditionellen Produktionstheorie als etwas Neues gegenübergestellt werden könne (46). Seiner abschlieBenden Meinung nach hat der neue Ansatz die traditionelle Produktionstheorie keineswegs in ihrem didaktischen Wert eingeschränkt. Er habe aber bewiesen, daB die bisherige Hauptstütze der traditionellen Theorie, nämlich das Ertragsgesetz, irreal und unpraktikabel sei und dab die technisch limitierte Produktionsfunktion betrieblich mehr und mehr an Interesse gewinne. ",117,"[120, 124, 873, 287]",905,2.016415859626611e+18,
2016415859626610867,W109684747,text,"Der Umstand, daB die betriebswirtschaftliche Operationsforschung unter Funktionen nur mathematische Funktionszusammenhänge versteht, ist das Hauptargument der geisteswissenschaftlich ausgerichteten funktionalen Betriebswirtschaftslehre dafür, daB die betriebswirtschaftliche Operationsforschung erstens nur bedingt gültige Aussagen machen kann und zweitens auf ganz bestimmte Leistungsbereiche des betrieblichen Geschehens beschränkt bleibt. Es wird der betriebswirtschaftlichen Operationsforschung überlassen bleiben, immer erst zu beweisen, daB tatsächlich mathematisch-funktionale Beziehungen zwischen den von ihr untersuchten Problemen bestehen. Das wird in manchen Leistungsbereichen möglich sein, in anderen hingegen kaum gelingen. ",117,"[122, 299, 875, 483]",906,2.016415859626611e+18,
2016415859626610868,W109684747,text,"Die grundsätzliche Annahme sinnvoller Zusammenhänge schliet die Anwendung mathematischer Funktionen nicht aus. Man kann nämlich die Beziehungen innerhalb der Kostengerüste dort mathematisch annähern, wo das Mengengerüst der Kosten oder, wie sie auch genannt werden, die Realkosten noch weitgehend alle Bewegungen des reinen Mengengerüstes mitmachen. Das ist in einigen, insbesondere in fertigungsnahen Leistungsbereichen, die noch stark von der Technik geprägt werden, der Fall. Dort wirken sich die übergeordneten Leistungen, insbesondere die organisierenden Unternehmerleistungen nicht mehr stark aus, sie sind so mittelbar geworden, daB sie nicht mehr die Kraft haben, die im Mengengerüst wirksamen kausalmechanischen GesetzmäBigkeiten, die in der Technik gültigen Gesetze von Ursache und Wirkung, wesentlich zu beeinflussen. Es handelt sich hier gewissermaBen um ,,quasi-ursächliche"" Relationen. Zwischen den GröBen reiner Mengengerüste, wie wir sie insbesondere im betriebswissenschaftlichen Bereich vorfinden, bestehen natürlich mathematische Funktionszusammenhänge. ",117,"[126, 493, 877, 769]",907,2.016415859626611e+18,
2016415859626610869,W109684747,text,"Wie erwähnt, erreicht man in der Kosten- und Preisrechnung mit der mathematischen Formulierung nur Annäherungen an die Realität. In manchen Fällen sind sie sehr weitgehende Approximationen, in anderen nur schwache Anlehnungen an die Wirklichkeit. Je höher man im Leistungsbau der Wirtschaft hinaufsteigt, desto mehr entfernt man sich - wenn man kalkülsprachlich arbeitet - von der Wirklichkeit, desto mehr nimmt der Annäherungsgrad ab. Im Produktionsbereich und bei den Mengengerüsten der Betriebswissenschaft deckt sich das Rechenergebnis selbst von determinierten Funktionen noch weitgehend mit den Tatsachen, bei den Marktverkaufsleistungen des Vertriebsbereiches kann man sich nur noch mit stochastischen Funktionen der Realität annähern, und bei den obersten Führungsleistungen versagen selbst diese. ",117,"[128, 780, 879, 908]",908,2.016415859626611e+18,
2016415859626610872,W109684747,text,,118,"[126, 125, 866, 196]",911,2.016415859626611e+18,
2016415859626610873,W109684747,text,"Es kann ohne Schwierigkeiten an zahlreichen Beispielen bewiesen werden, daB eine betriebswirtschaftliche Manahme nicht unbedingt jene Wirkung hervorruft, die eigentlich hätte erwartet werden müssen. Wenn beispielsweise bei der Hälfte eines Warenpostens (zum Beispiel Pflaumen) der Preis von 4 Einheiten auf 2 Einheiten herabgesetzt wird und beide Hälften gleichzeitig nebeneinander zum Kauf angeboten werden, so kann es ohne weiteres geschehen, daB nicht, wie erwartet, die billigen, sondern die teureren Pflaumen (obwohl doch beide von gleicher Qualität sind) gekauft werden. Oder eine betriebssoziale MaBnahme, die zum Wohle der Mitarbeiter getroffen wird, kann Wirkungen auslösen, die vollkommen den vorgesehenen entgegenstehen. Man wird diesen beiden Beispielen entgegenhalten, da® es sich um nicht-rationale Verhaltensweisen der Beteiligten handle und sie daher gar nicht herangezogen werden dürften. Aber eine betriebswirtschaftliche Theorie, welche die betriebswirtschaftliche Operationsforschung ja auch sein will, muB auch für Reaktionen in den angeführten Beispielen Erklärungen geben. Zumindest darf sie nicht von der Fiktion ausgehen, da alle Verhaltensweisen rational bestimmt seien. Die menschlichen Aktionen werden nicht nur dadurch bestimmt, ob etwas teuer oder billig ist. Die Kosten und Preise sind zwar eminent wichtig, aber keineswegs das A und O betriebswirtschaftlicher Forschung. Die Absatzmenge ist eben nicht nur eine Funktion des Preises. Es wäre ein idealer Zustand, wenn die Beziehungen immer mathematische Funktionen wären, denn dann könnte man immer alles vorweg planen, ja es gäbe dann gar keine echten Probleme mehr, sondern nur noch komplizierte oder weniger komplizierte mathematische Operationen. ",118,"[126, 212, 871, 633]",912,2.016415859626611e+18,
2016415859626610874,W109684747,text,"Die Identifizierung betriebswirtschaftlicher Zusammenhänge mit mathematischen Funktionen entspringt der naturwissenschaftlichen Grundeinstellung der Operationsforscher. Es konnte bereits darauf hingewiesen werden, da die meisten bestehenden Arbeitsteams in den angelsächsischen Ländern sehr bezeichnenderweise in erster Linie aus Naturwissenschaftlern, Mathematikern und Statistikern zusammengesetzt sind. Für diese Wissenschaftler löst eine Aktion nach ehernen kausalmechanischen Gesetzen ganz bestimmte Wirkungen aus, und dieser Kausalmechanismus wird auch bei wirtschaftlichen bzw. betriebswirtschaftlichen Problemen angenommen. Weil echte kausalmechanische Zusammenhänge nur zwischen Mengengerüsten bestehen, mu manchen operationsanalytischen Verfahrenstechniken wohl nicht bezüglich ihrer mathematischen Korrektheit, dafür aber in Beziehung auf die betriebswirtschaftliche Richtigkeit der Ergebnisse mit Skepsis begegnet werden. In der Wirtschaft ist grundsätzlich nichts eindeutig determiniert. Wenn eine Entscheidung gefällt wird, so wird sich alles ",118,"[124, 648, 875, 905]",913,2.016415859626611e+18,
2016415859626610877,W109684747,text,"Nachfolgende nicht zwangsläufig abwickeln, sondern das Geschehen kann in die eine oder andere Richtung gehen. Die MaBnahme A hat nicht notwendigerweise die Wirkung B zur Folge, sondern es können ohne weiteres die Situationen C, D, E usw. eintreten. B und die anderen Wirkungen sind eben grundsätzlich nicht mathematische Funktionen von A. ",119,"[122, 124, 875, 215]",916,2.016415859626611e+18,
2016415859626610878,W109684747,text,"In Erkenntnis dieses Sachverhaltes wird daher auch mehr und mehr die Wahrscheinlichkeitstheorie bei der Behandlung betriebswirtschaftlicher Fragen herangezogen und neben die determinierten Zusammenhänge die stochastischen, d. h. wahrscheinlichkeitstheoretisch fundierten Zusammenhänge gesetzt. ",119,"[124, 225, 875, 298]",917,2.016415859626611e+18,
2016415859626610879,W109684747,text,"Stochastische Beziehungen weisen keine strenge Abhängigkeit wie die determinierten mathematisch-funktionalen Beziehungen auf. Während bei den letzteren jedem $\mathbf { p }$ nur ein $\mathbf { x } \cdot$ -Wert zugeordnet ist, gibt es im Falle stochastischer Relationen zu jedem $\mathfrak { p }$ eine Wahrscheinlichkeitsverteilung von x. ",119,"[124, 308, 875, 382]",918,2.016415859626611e+18,
2016415859626610880,W109684747,text,"Im Koordinatenkreuz ist also die mathematische Funktion durch eine bestimmte Kurve (bei Nichtlinearität - I) bzw. durch eine Gerade (bei Linearität - II) gekennzeichnet, während die stochastische Beziehung durch einen Punkteschwarm mit der Tendenz zu einer Kurve (III) charakterisiert ist. ",119,"[124, 392, 875, 464]",919,2.016415859626611e+18,
2016415859626610882,W109684747,text,"Obwohl offenbar keine funktionale Abhängigkeit besteht, so kann man doch die Punkte durch eine Regressionskurve approximieren. Die mittlere quadratische Abweichung der Punkte ist dann ein MaB für die Unsicherheit wirtschaftlicher Voraussagen. ",119,"[126, 630, 879, 704]",921,2.016415859626611e+18,
2016415859626610883,W109684747,text,"Im allgemeinen werden physikalisch-technische Prozesse als determiniert betrachtet, obwohl auch hier das mechanistische Kausalgesetz durch die Entdeckung statistisch-stochastischer Relationen erschüttert wurde. Ein physikalisches Gesetz sagt heute nicht mehr aus, als dab ein bestimmtes Ereignis mit groBer Wahrscheinlichkeit eintreten wird. Das gilt für die Mikrophysik und für einen Teil der Makrophysik; nur in einem Restbereich der Makrophysik, insbesondere in der klassischen Mechanik, arbeitet man noch mit GewiBheitsfunktionen. ",119,"[126, 713, 879, 859]",922,2.016415859626611e+18,
2016415859626610884,W109684747,text,"Wenn nun aber schon in physikalisch-technischen Prozessen nicht unbedingt strenge, sondern auch stochastische Abhängigkeiten bestehen, um wieviel weniger determiniert wird das betriebswirtschaftliche Geschehen sein, das doch durch menschliches Verhalten bestimmt wird. Es ist schon bemerkenswert, daB, wie die moderne Marktforschung gefunden hat, das Marktverhalten der Konsumenten - allerdings nur soweit es sich um Abnehmer von Massengütern handelt — oftmals unerwartete stochastische GesetzmäBigkeiten aufweist, aber mehr als stochastische Abhängigkeiten sind in den mittleren und oberen Leistungsbereichen der Betriebswirtschaftstheorie nicht zu erwarten. ",119,"[126, 871, 877, 907]",923,2.016415859626611e+18,
2016415859626610887,W109684747,text,,120,"[126, 124, 866, 251]",926,2.016415859626611e+18,
2016415859626610888,W109684747,text,"Die Einbeziehung der Wahrscheinlichkeitstheorie hat wohl die betriebswirtschaftliche Forschung auBerordentlich bereichert, das Rechnen mit mathematischen GewiBheitsfunktionen hingegen bleibt ziemlich problematisch. Jene operationsanalytischen Verfahrenstechniken, die auf der Wahrscheinlichkeitstheorie aufbauen, stellen fruchtbare Beiträge zur betriebswirtschaftlichen Theorie dar, jene hingegen, die determinierte Abhängigkeiten annehmen, sind eher für die Betriebstechnik und Betriebswissenschaft als für die Betriebswirtschaft interessant. ",120,"[124, 261, 866, 406]",927,2.016415859626611e+18,
2016415859626610889,W109684747,text,"Auf betriebswirtschaftlichem Gebiet hängt die zukünftige Entwicklung der Operationsforschung im Gegensatz zur naturwissenschaftlichen Operationsforschung weitgehend von der Pflege wahrscheinlichkeitstheoretischer Analysen ab. Es scheint so, als könnte die weitere rechenhafte Durchdringung der Wirtschaft nur auf diesem Wege erfolgen. Allerdings bedeutet dies in der Entscheidungstheorie, in der Betriebswirtschaftspolitik, daB keine eindeutigen Entscheidungsstrategien (Schnittpunkte von Kurven) mehr vom Operationsforscher errechnet werden, sondern daβ er nur Entscheidungsbereiche anbieten kann. Wenn die betriebswirtschaftliche Operationsforschung über eine betriebswissenschaftliche Rechnung hinausgehen will, also auch die mittleren Leistungsbereiche erfassen will, muB sie in verstärktem MaBe die Wahrscheinlichkeitstheorie heranziehen. Sie muB versuchen, die den wirtschaftlichen Gesamtheiten zugrunde liegenden Verteilungsgesetze aufzudecken. Wo derartige Häufigkeitsverteilungsgesetze nicht vorliegen, dort freilich wird auch die Wahrscheinlichkeitstheorie keine Ergebnisse zeitigen. Auch wird sie dort versagen, wo der Umfang der zu untersuchenden Gesamtheit (z. B. Stückzahl), das N, zu klein ist, wo keine echten, d. h. die Verteilung in der Gesamtheit wiedergebenden Stichproben gezogen werden können, also bei Einzelfertigungen und Kleinserien, in Kleinbetrieben und vielen Mittelbetrieben. Hier ist die Indeterminiertheit und Wirklichkeit des Einzelfalles so stark, daB sich keine Ordnung, kein statistisches Gesetz darlegen läBt. Bei vielen Entscheidungen fehlen genügende Fälle aus der Vergangenheit, sie wiederholen sich nicht, die Entscheidungen sind gewissermaen einzigartig, sie sind nie gleichwertig. ",120,"[126, 418, 873, 839]",928,2.016415859626611e+18,
2016415859626610890,W109684747,text,"Es ist kein Zufall, daB zum Beweis determinierter Abhängigkeiten immer wieder technische Beispiele angeführt werden; es gibt nämlich keine rein wirtschaftlichen Beispiele, die herangezogen werden könnten. ,Der EinfluB des Gehaltes an Schwefel, Phosphor und Kupfer auf die Korrosionsgeschwindigkeit von Stahl unter Einwirkung von Zitronensäure"" oder die ,,Abhängigkeit der Reizschwelle des Patellarsehnenreflexes von Temperatur, Luftdruck und Dampfdruck"" (47) sind ganz offensichtlich technische Probleme, auch dann, wenn sie, wie im ersten Beispiel, als betriebliche Fertigungsprobleme gesehen werden. ",120,"[126, 850, 875, 905]",929,2.016415859626611e+18,
2016415859626610893,W109684747,text,,121,"[126, 124, 875, 215]",932,2.016415859626611e+18,
2016415859626610894,W109684747,text,"Die Programmierer bestätigen diese Auffassung, wenn sie sagen, daB die betriebswirtschaftlichen Abläufe im Gegensatz zu jenen der Mathematik, die mit stetigen Funktionen einer oder weniger Variablen auskommt, unstetig und darüber hinaus auch noch Funktionen sehr vieler Veränderlicher sind. Es gibt eben im betriebswirtschaftlichen Bereich strenggenommen keine eindeutig definierten ,,Funktionen"", wie es z. B. die mathematische Funktion des Sinus oder Logarithmus ist. Aus diesem Grunde zeichnen sich auch die Ablaufprogramme für die Elektronenrechner durch Unstetigkeit aus, d. h. der Ablaufplan hat sehr viele Verzweigungspunkte, ,von denen aus der Ablauf sich in zwei wesentlich verschiedenen Formen fortsetzt, gesteuert von dem Erfülltsein oder Nichterfülltsein einer Bedingung"" (48). ",121,"[124, 225, 875, 428]",933,2.016415859626611e+18,
2016415859626610895,W109684747,text,Vom ökonometrischen Standpunkt aus werden die Beziehungen in folgende drei Gruppen eingeteilt (49): ,121,"[126, 438, 873, 474]",934,2.016415859626611e+18,
2016415859626610896,W109684747,text,"aDefinitionen, natürlich-technische Beziehungen, Reaktionsbeziehungen. ",121,"[243, 483, 590, 536]",935,2.016415859626611e+18,
2016415859626610897,W109684747,text,"Das konventionelle Rechnungswesen hat sich in der Kennzahlenrechnung vorwiegend mit den Definitionsbeziehungen beschäftigt. Es begnügte sich beispielsweise mit der Ausrechnung der Beziehungszahlen Preise : Menge, Gewinn : Kapital, Kosten : Ertrag usw. Das strategische Rechnungswesen hingegen wendet sein Hauptinteresse den Reaktionsbeziehungen und den natürlich-technischen Beziehungen zu. ",121,"[124, 547, 875, 655]",936,2.016415859626611e+18,
2016415859626610898,W109684747,text,"Während aber die natürlich-technischen Beziehungen zwar nicht in allen, aber in vielen Fällen mathematisch formuliert werden können, ergeben sich bei den Reaktionsbeziehungen oder, wie sie auch genannt werden, den institutionellen Beziehungen Schwierigkeiten, die auch von der Ökonometrie bis heute nur scheinbar gelöst wurden. ",121,"[126, 668, 875, 758]",937,2.016415859626611e+18,
2016415859626610899,W109684747,text,"Ist bezeichnenderweise schon die natürlich-technische Beziehung zwischen der Erzeugungsmenge und den Produktionsfaktoren zahlenmäBig nicht erschöpfend darzustellen, um wieviel weniger die Reaktionsrelation Einkommen : Steuern oder gar die noch schwierigeren Nachfrage- und Angebotsbeziehungen. ",121,"[124, 769, 875, 842]",938,2.016415859626611e+18,
2016415859626610900,W109684747,text,"Von dem Augenblick an, in dem die Phänomene zueinander in Beziehung gesetzt werden, lösen sie sich von den ihnen zugrunde liegenden Sachverhalten (nach der Auffassung der Operationsforscher) ab und werden zu selbständigen Grö- ",121,"[126, 852, 871, 907]",939,2.016415859626611e+18,
2016415859626610903,W109684747,text,"Ben, mit denen gerechnet werden kann. In den nachfolgenden mathematischen Operationen gilt nur noch die Zahl und nicht mehr das hinter ihr Stehende, der Inhalt. In prägnanter Kürze sagt Adam, daB im Falle des Messens ""für den Begriffsinhalt eine Zahl oder ein sonstiges Symbol"" zeichnet (50), ja er identifiziert sogar das Messen mit der Begriffsbildung. Dieser Auffassung steht etwa jene von Löffelholz (51) gegenüber, für den die Quantität nicht mit dem Gegenstand identisch, vielmehr nur dessen Eigenschaft ist. ",122,"[124, 125, 864, 251]",942,2.016415859626611e+18,
2016415859626610904,W109684747,text,"In der betriebswirtschaftlichen Operationsforschung sind also die Zahlen von den die Entscheidung fällenden Menschen losgelöst, sie sind verselbständigt und gehorchen nur mehr mathematischen Gesetzen. In den operationsanalytischen Verfahrenstechniken sehen wir eine Selbstbewegung von Zahlen und Buchstaben nach formalen Regeln vor uns. Im Gegensatz hierzu ,entläBt"" die leistungsorientierte Betriebswirtschaftslehre ihre LeistungsgröBen nicht, sondern behält sie bei sich. Sie ist der Uberzeugung, daB von dem LeistungsmäBigen, an dem das GröBenelement haftet, nicht abgesehen werden kann, daB die Phänomene, die LeistungsgröBen, etwas Abgeleitetes, Sekundäres sind und daher als solches nicht von den MaBnahmen, Vorgängen, Leistungen trennbar sind. ",122,"[124, 263, 866, 444]",943,2.016415859626611e+18,
2016415859626610905,W109684747,text,"Aus dem Dargestellten ergibt es sich, da das operationsanalytische Modell nicht nur durch den ,Sprung vom Wort zur Zahl"" gekennzeichnet ist, sondern auch durch die Verselbständigung der Zahlen, durch deren Loslösung von ihrem Inhalt. ",122,"[126, 455, 871, 526]",944,2.016415859626611e+18,
2016415859626610906,W109684747,title,4. Die Modellkonstruktion ,122,"[367, 544, 623, 562]",945,,1.0
2016415859626610907,W109684747,text,"Die Modellkonstruktion besteht in der Formalisierung der Struktur betriebswirtschaftlicher Probleme, in der Transformierung der Probleme der Unternehmungsleitung in solche der Mathematiker und Statistiker. Da unter der Strukturierung das Ordnen von Informationen nach bestimmten Merkmalen verstanden wird, ist die Modellbildung ein Ordnungsvorgang. Die Wortsprache wird in eine Kalkülsprache übersetzt, d. h. die Phänomene werden mit Zahlen oder Symbolen versehen und diese in Beziehung zueinander gesetzt. Die Zahlen für den Modellbau stammen entweder aus der Vergangenheit oder sind Plandaten. Da die Modelle bzw. die sich aus ihnen ergebenden Rechenergebnisse Richtlinien, Standards sind, ist nicht nur darauf zu achten, dab die MaBstäbe bei späteren Modellkonstruktionen gleichbleiben (Forderung nach Beibehaltung des einmal gewählten Standards), sondern daβ diese Norm auch inhaltlich weitgehend richtig berechnet, konstruiert wird. Das ist auch eine der vier Forderungen, die Churchman, Ackoff, Arnoff (52) an ein Modell stellen. Die drei anderen sind: ",122,"[126, 575, 873, 832]",946,2.016415859626611e+18,
2016415859626610908,W109684747,text,"a) unwichtige Variable sollen auBerhalb des Modells bleiben, wichtige Variable dürfen nicht vergessen werden, c) die Beziehungen zwischen den GröBen müssen genau wiedergegeben werden. ",122,"[126, 840, 875, 904]",947,2.016415859626611e+18,
2016415859626610911,W109684747,text,"Operationsanalytische Modelle können verschiedene Formen annehmen. Im allgemeinen bestehen sie aus einem System von Gleichungen und Ungleichungen, wobei auch grundsätzlich nichts im Wege steht, Gleichungen höheren Grades einzubeziehen. Andere Formen von Modellen sind z. B. die Strukturmatrizen oder auch die bekannten Häufigkeitsverteilungen, wie die Normalverteilung, Binomialverteilung, Poissonverteilung u. a. ",123,"[122, 125, 873, 234]",950,2.016415859626611e+18,
2016415859626610912,W109684747,text,"In keiner Phase operationsanalytischen Arbeitens ist die Mitwirkung ausgebildeter Betriebswirtschafter wichtiger als im Stadium der Modellkonstruktion. Bei der Aufstellung der Modelle müssen alle betriebswirtschaftlichen Gegebenheiten berücksichtigt werden, und dazu bedarf es einer gründlichen Schulung bzw. Erfahrung auf betriebswirtschaftlichem Gebiet. Es besteht gerade in dieser Arbeitsphase die groBe Gefahr, daB eleganteren oder auch nur einfacheren mathematischen Ansätzen zuliebe betriebswirtschaftliche Erfordernisse geopfert werden, wenn nur Techniker, Mathematiker und Statistiker darüber beraten und kein Betriebswirtschafter herangezogen wird. ",123,"[124, 248, 877, 412]",951,2.016415859626611e+18,
2016415859626610913,W109684747,text,"Das substantielle betriebswirtschaftliche Problem mu aber immer den Vorrang vor dem formalen Lösungsweg haben, sonst ist das Ergebnis unbrauchbar. Die hohe Verantwortung des Betriebswirtschafters ergibt sich aus der klaren Funktionsteilung zwischen ihm und dem Operationsforscher. Menges (53) drückt das klar aus, wenn er feststellt, daB die Beurteilung, welche Faktoren als relevant oder nicht relevant zu gelten haben, ""grundsätzlich nicht im Kompetenzbereich des Ökonometrikers"" liegt. ,,Er hat die Betriebsführung lediglich aufzufordern, aus der Vielzahl von produktiven Faktoren des Betriebes eine Anzahl n als relevant auszusondern."" ",123,"[126, 425, 879, 590]",952,2.016415859626611e+18,
2016415859626610914,W109684747,text,"Operationsanalytische Modelle geben nicht das gesamte Bild des in Frage stehenden Problems wieder, sondern nur jenen Teil, der quantitativ erfaBbar ist. Das ist an und für sich schon ein Mangel, aber in gewissen Fällen und inssondere dann, wenn die Rechnung brauchbare Näherungslösungen bietet, immer noch akzeptabel. Bedenklich ist es aber, wenn aus der Reihe der quantitativen Variablen nur ein Teil in das Modell einbezogen wird und der Rest als irrelevant unberücksichtigt bleibt. ",123,"[130, 602, 881, 729]",953,2.016415859626611e+18,
2016415859626610915,W109684747,text,"Man kann nicht so ohne weiteres sagen, daB es auf eine Variable mehr oder weniger nicht ankomme und da man ruhig auf eine Veränderliche verzichten solle, wenn dadurch die Rechnung einfacher wird. Zweifellos wachsen mit der Einbeziehung von jeder zusätzlichen Variablen die formalen Schwierigkeiten für die mathematische Behandlung, aber man darf nicht wegen der leichteren Rechnung verfälschende Konzessionen an den Modellkonstrukteur machen. Vereinfachungen entsprechen in den seltensten Fällen den tatsächlichen Gegebenheiten. Auch erscheint uns die Vernachlässigung von Konstanten nicht so unbedeutend, wie beispielsweise Wittmann meint, welcher die Auffassung vertritt, daB durch die Mitdarstellung von invariablen GröBen das Bild nur belastet und an Informationen nichts gewonnen wird (54). ",123,"[133, 743, 885, 907]",954,2.016415859626611e+18,
2016415859626610918,W109684747,text,,124,"[126, 124, 864, 159]",957,2.016415859626611e+18,
2016415859626610919,W109684747,text,"Es hört sich bedenklich an, wenn davon gesprochen wird, daB das Hinzusetzen oder Wegnehmen von Bestandteilen das Modell verfeinern oder vergröbern könne. Es ist nur zu leicht möglich, dab es sich nicht vergröbert, sondern daB es verfälscht wird und daB es nicht verfeinert wird, sondern immer noch falsch bleibt. Die Umformungen und Erweiterungen können ohne Zweifel der Wirklichkeit näherkommen, und wir haben auch einen MaBstab dafür, ob ein Modell brauchbar ist oder nicht; es ist nämlich dann weitgehend zutreffend, wenn es nicht einfach, sondern kompliziert ist. Denn ein einfaches Modell kann die lebendige Realität im allgemeinen wohl nicht richtig erfassen, erst ein komplizierteres Modell nähert sich der Wirklichkeit an. ",124,"[126, 173, 866, 354]",958,2.016415859626611e+18,
2016415859626610920,W109684747,text,"ZugegebenermaBen sind manche für die Bildung eines Modells zu berücksichtigenden Einflüsse geringer als andere, manche Variable wirkungsvoller als andere. Welche dieser EinfluBfaktoren bzw. -gröBen jedoch vernachlässigt werden können, darf nicht von formalen, rechnerischen Überlegungen abhängen. Der Rechnende darf höchstens bedauern, daB ,wirklichkeitsnähere"" Modelle eine weit kompliziertere mathematische Behandlung bedingen, aber er darf nicht der leichteren Berechnung wegen ein einfacheres Modell konstruieren. Er muB es dem Betriebswirtschafter überlassen, zu entscheiden, welche Variable berücksichtigt werden müssen. Tinbergens Auffassung, daB der Wirtschaftstheoretiker nicht auf der Einbeziehung aller GröBen in das Problem beharren solle, muB auch an dieser Stelle kritisiert werden. ",124,"[126, 370, 871, 570]",959,2.016415859626611e+18,
2016415859626610921,W109684747,text,"Während man der Aufforderung, sich auf solche Variable bzw. Beziehungen zu konzentrieren, ,welche vermutlich die gröBte Rolle für diejenigen Zusammenhänge spielen, die man studiert"" (55), noch nachkommen kann, ist die Weisung, lediglich diese GröBen aufzunehmen, zu weitgehend. ",124,"[126, 586, 871, 657]",960,2.016415859626611e+18,
2016415859626610922,W109684747,text,"Der Vorgang der Modellkonstruktion zeichnet sich dadurch aus, daB zuerst zergliedert und dann die Ergebnisse von Teilproblemen zu einem Totalen durch Kopplung zusammengefat werden. Dieses Vorgehen gleicht weitgehend dem eines Konstrukteurs. Obwohl es wünschenswert wäre, schon am Beginn der Modellbildung ,,simultan"" zu optimieren, d. h. alle in Betracht kommenden Einfüsse mitzuverarbeiten, kann der Operationsforscher nicht anders vorgehen, als die einzelnen Phasen ,,sequential"" zu optimieren, d. h. eine nach der anderen. ",124,"[124, 671, 873, 798]",961,2.016415859626611e+18,
2016415859626610923,W109684747,text,"Beim Zusammenfügen der Teilresultate zu Endergebnissen wird das Modell gleichzeitig verifiziert, d. h. der Realität angepaBt. Alle nur denkbaren Situationen werden auf das abstrakte Modell so lange angelegt und das Modell dadurch abgewandelt, bis man eine weitgehende Anpassung an die Wirklichkeit feststellen kann. Inwieweit eine nachträgliche Verifizierung überhaupt möglich ist, hängt von dem Einzelproblem ab. Grundsätzlich müssen ihr Bedenken deshalb entgegengebracht werden, weil die Ergebnisse u. U. durch wesenswidrige Abstraktionen gewonnen wurden und daher nicht plötzlich der realen, gesellschaftlichen Wirtschaft gegenübergestellt werden können. Die Logik des Modells kann u. U. anders als jene des lebendigen Betriebsgeschehens sein. Man kann auch nicht ohne weiteres zuerst wirklichkeitsfremde Modelle konstruieren, diese berechnen und es dann dem Entscheidungsverantwortlichen überlassen, das aus unrichtigen Ansätzen entstandene Resultat der Realität anzupassen. ",124,"[124, 814, 873, 904]",962,2.016415859626611e+18,
2016415859626610926,W109684747,text,,125,"[122, 124, 875, 270]",965,2.016415859626611e+18,
2016415859626610927,W109684747,text,"Manche Vertreter der betriebswirtschaftlichen Operationsforschung sind sich der Mängel, die sich aus der Analyse von betrieblichen Teilproblemen ergeben, bewut; sie weisen darauf hin, da eine isolierte Optimierung des Verhaltens einzelner Organisationseinheiten nicht genüge und dab es erforderlich sei, alle Betriebsgeschehnisse koordinierend aufeinander abzustimmen. Um einen optimalen Plan zu gewährleisten, müsse sich jede Untersuchung auf das Gesamtsystem richten und nicht nur auf einen Teil des Ganzen. ",125,"[124, 287, 875, 415]",966,2.016415859626611e+18,
2016415859626610928,W109684747,text,"Ackoff (56) bemerkt, daB sich die Operationsforschung in zunehmendem MaBe wird damit beschäftigen müssen, die abstrakten Teilprozesse zu kombinieren und Modelle zu entwickeln, die mehrere Teilprozesse gleichzeitig darstellen. (""More and more attention will be turned to this need."") Cushen warnt davor, die Variablen zu separieren und sie als unabhängige Quantitäten zu behandeln. Reale Situationen seien voller Beispiele dafür, daB das Hauptproblem in der ,,Verwobenheit"" (interweaving) dieser sogenannten unabhängigen Variablen liege (57). In allen diesen Fällen wird erkannt, daB Leistungen für sich allein nicht möglich sind und daher auch nicht von den anderen Leistungen isoliert dargestellt werden können, wird gesehen, daB die eingesetzten Wirtschaftsmittel, gleichgültig, ob es sich um passive Güter oder um die Arbeit des Menschen handelt, tausendfach verflochten sind und sich ständig ändern. ",125,"[126, 431, 877, 649]",967,2.016415859626611e+18,
2016415859626610929,W109684747,text,"Trotz der immer wieder anzutreffenden Hinweise auf die Notwendigkeit, sich nicht in Teilanalysen zu verlieren, nicht zu vergessen, daB Lösungsvorschläge für Teilprobleme auch andere Probleme beeinflussen, bleiben ganzheitliche Erfordernisse bei der Modellbildung im allgemeinen auBer Betracht, und man begnügt sich mit Modellen betrieblicher Teilprobleme; ja das Kennzeichen der betriebswirtschaftlichen Operationsforschung besteht darin, betriebliche Sachverhalte aus dem Zusammenhang herauszulösen und isoliert zu behandeln. Es mu Käfer widersprochen werden, wenn er behauptet (58), daB die Verfahrensforschung ,,die Unternehmung grundsätzlich als ein einheitliches Ganzes"" betrachte. Sie tut es nicht, sondern sie sieht es als ein System, aus dem man jederzeit Teile herauslösen und für sich allein betrachten kann. Auch Frenckners Meinung (59), daB die Verfahrensforschung prinzipiell immer Totaloptima und nicht Partialoptima annehme, wird bezweifelt; desgleichen die Auffassung ",125,"[128, 667, 879, 905]",968,2.016415859626611e+18,
2016415859626610932,W109684747,text,"Kosiols (60), wonach die Operationsanalyse und -synthese dem Unternehmungsleiter ein Mittel an die Hand gebe, ,,die umfassenden Gesamtzusammenhänge und gegenseitigen Beziehungen der Teilfunktionen durchsichtig zu machen und damit dem komplexen Charakter der Wirklichkeit gerecht zu werden"". Es wird zwar davon gesprochen, daB man sich nicht mit betriebswirtschaftlichen Teilund Randproblemen beschäftigen dürfe und das Augenmerk auf umfassende Gesamtprobleme der Geschäftspolitik lenken müsse, aber im allgemeinen bleibt es bei dieser Forderung. ",126,"[122, 124, 864, 270]",971,2.016415859626611e+18,
2016415859626610933,W109684747,text,"Es ist in dieser Beziehung eher mit Hitch und McKean (61) übereinzustimmen, die mit aller Klarheit sagen, dab man ganz offensichtlich nicht alle Alternativen berücksichtigen könne und daB die errechnete Optimallösung immer imperfekt sein werde. Dies deshalb, weil in der Rechnung niemals die Gesamtheit aller kosten- und ertragsmäBigen Auswirkungen (the full range of effects) in Betracht gezogen werden könne. Hitch und McKean kommen daher auch zu dem Ergebnis, daB die Aufgabe der Operationsforschung unvermeidbar die unvollständige Optimierung sei. ",126,"[124, 280, 869, 426]",972,2.016415859626611e+18,
2016415859626610934,W109684747,text,"Es ist ganz offensichtlich, dab die Optimallösung für eine einzelne Abteilung oder für ein Teilproblem nicht notwendigerweise für die anderen Abteilungen oder Betriebsprobleme oder gar für die Gesamtunternehmung ebenfalls die beste Lösung sein mub. Bei Analysen einzelner Betriebsvorgänge läuft man leicht Gefahr, die indirekten Effekte zu vernachlässigen. Hitch und McKean wären aber keine zünftigen Operationsanalytiker, wenn sie nicht zu dem SchluB kämen, daB es immer noch besser sei, zu beweisen, daB diese Aktion jener vorgezogen werden sollte, als sich ein Leben lang damit zu beschäftigen, nach dem ,,Optimum optimorum"" zu suchen. ",126,"[124, 437, 873, 600]",973,2.016415859626611e+18,
2016415859626610935,W109684747,text,"Den Hinweis auf eine isolierte Betrachtungsweise betriebswirtschaftlicher Probleme finden wir auch bei Laβmann (62), der ja vorschlägt, von der Konzeption einer umfassenden Produktionsfunktion abzugehen und diese, wie es beispielsweise in der Linearplanung geschieht, in eine Vielzahl von Teil- und Abschnittsfunktionen aufzulösen. Diese Forderung ist betriebswirtschaftstheoretisch, insbesondere verfahrensmäBig, von eminenter Bedeutung; sie schlieBt nämlich die Behauptung ein, daB die Addition der Teiloptima das Gesamtoptimum der Unternehmung ergäbe. ",126,"[124, 615, 877, 761]",974,2.016415859626611e+18,
2016415859626610936,W109684747,title,5. Die Bedeutung der Annahmen bei der Modellkonstruktion ,126,"[193, 798, 806, 817]",975,,1.0
2016415859626610937,W109684747,text,"Zahlreiche Modellkonstruktionen beweisen, da® bei der Hinzufügung oder Weglassung von bestimmten Variablen oftmals formale rechnerische Uberlegungen dominieren. Es wird sehr viel mit Annahmen gerechnet, und zwar nur deshalb, weil die Ausrechnung einfacher wird. ",126,"[126, 833, 879, 905]",976,2.016415859626611e+18,
2016415859626610940,W109684747,text,"Es wird beispielsweise angenommen, dab ",127,"[122, 125, 519, 141]",979,2.016415859626611e+18,
2016415859626610941,W109684747,text,"die Nachfrage vom Marktpreis abhänge,   
ein Proze gleichmäBig kontinuierlich ablaufe,   
ein Faktor den Wert Null habe,   
eine GröBe sich verändere und alles andere gleichbleibe,   
die Variablen ohne Beobachtungsfehler gemessen wurden,   
die Anzahl der Verbraucher und deren Einkommen bekannt sei,   
alle Mittel unbeschränkt zur Verfügung stünden,   
sich nur zwei oder nur wenige Konkurrenten auf dem Markt befänden. ",127,"[164, 153, 841, 319]",980,2.016415859626611e+18,
2016415859626610942,W109684747,text,"Innerhalb der Annahmen stimmen alle Rechnungen, ist alles mathematisch widerspruchsfrei. Nun treffen aber Annahmen nicht immer zu; beispielsweise ist die Nachfrage nicht allein vom Marktpreis abhängig und schon gar nicht die mathematische Funktion des Preises. Sie wird wohl zum Teil durch den Marktpreis beeinfluBt, bei manchen Gütern stärker als bei anderen, aber sie ist nicht vollkommen von ihm abhängig. Die Menge eines Erzeugnisses, die ein Betrieb auf dem Markt absetzen kann, hängt neben dem Preis von der Qualität der Ware, der Wirksamkeit der Werbemanahmen, der Tradition und Gewohnheit der Konsumenten, dem Wissen über die günstigsten Einkaufsquellen, der Bequemlichkeit der Käufer, der politischen Lage usw. ab. AuBerdem sind die Unterstellungen, daB in der Nachfragefunktion die Anzahl der Verbraucher, die Wertschätzungen der Verbraucher, das Einkommen und die Preise der Güter bekannt seien, und ähnliches unrichtig. Wenn schon der Anbieter den Preis nicht als Grundlage für seine Entscheidungen nimmt — und das steht selbst bei Tinbergen (63) -, um wieviel weniger erst der Nachfrager. Es ist schwer einzusehen, was Tinbergen fordert, nämlich, daB der Wirtschaftstheoretiker — und das kann vollinhaltlich auf den Operationsforscher bezogen werden — nicht auf dem Standpunkt beharren sollte, ,daB neben dem Einkommen die Preise aller Güter die Nachfrage nach Butter beeinflussen, denn das macht es für den Statistiker unmöglich, zu messen"". Wir würden eher meinen, daB der Wirtschaftstheoretiker nicht nur nicht sollte, sondern grundsätzlich auf der Einbeziehung aller Faktoren beharren müBte. Man mu sich darüber im klaren sein, daB eine solche Einstellung an und für sich eine jede Messung fast unmöglich macht; worauf es aber an dieser Stelle ankommt, ist, zu fordern, daB anerkannt und berücksichtigt wird, dab sich die Betriebswirtschaft nicht ganz in Formeln einfangan läBt, sondern wie jede lebendige Institution viel reicher ist, als Formeln jemals wiedergeben können. Die Theorie muB in erster Linie eine qualitative Leistungslehre sein. Erst von dieser Basis aus können LeistungsgröBen entwickelt und zu einer LeistungsgröBenlehre, also beispielsweise auch zur betriebswirtschaftlichen Operationsforschung, ausgebaut werden. Die Bildung von Modellen und das Arbeiten mit diesen ist dann zu bejahen, wenn erstens nicht versucht wird, unquantifizierbare Leistungen, sondern nur quantifizierbare zahlenmäBig zu erfassen, und wenn zweitens Ergebnisse zu erwarten sind, die brauchbare Näherungslösungen bieten. Es kommt also darauf an, den Vorrang der Substanzwissenschaft ,,Betriebswirtschaftslehre"" vor den Formalwissenschaften herauszustellen. ",127,"[126, 327, 875, 910]",981,2.016415859626611e+18,
2016415859626610946,W109684747,text,,128,"[124, 125, 869, 215]",985,2.016415859626611e+18,
2016415859626610947,W109684747,text,"Bei einer solchen Auffassung vom Wesen der Betriebswirtschaft werden die Gefahren unbrauchbarer Modellkonstruktionen geringer sein, als wenn im vorhinein eine Rechenbarkeit angenommen wird und dann erst nachträglich ,Korrekturen"" vorgenommen werden. ",128,"[124, 225, 869, 296]",986,2.016415859626611e+18,
2016415859626610948,W109684747,text,"Erst beim Vorliegen jenes Ausgangspunktes kann man bereitwillig annehmen, daB manche Variable relevant sind und daher in das Modell einbezogen werden müssen und andere Veränderliche wiederum von so geringer Bedeutung sind, daB sie vernachlässigt werden können. Es wird also die Messung keineswegs abgelehnt, sondern es soll nur vermieden werden, daB zwar mathematisch einwandfreie, aber betriebswirtschaftlich falsche Modelle konstruiert werden. ",128,"[124, 308, 871, 418]",987,2.016415859626611e+18,
2016415859626610949,W109684747,text,"Die geringe Brauchbarkeit mancher Modelle ergibt sich u. a. daraus, daB nicht alle, sondern nur die unmittelbaren Ursachen von Anderungen berechnet werden. Sowohl die Betriebsökonometriker als auch die meisten betriebswirtschaftlichen Operationsforscher werden entgegenhalten, da mittelbare Ursachen bestimmter Phänomene sich ohnehin in den Kosten, Preisen und sonstigen Grö- Ben auswirken und sie daher ohne weiteres vernachlässigt werden könnten. Diese Argumente sind aber nicht sehr überzeugend. Wohl kann man beispielsweise sagen, daB das Lohnniveau einen indirekten Einflu auf die Nachfrage habe, weil ",128,"[124, 428, 873, 591]",988,2.016415859626611e+18,
2016415859626610950,W109684747,text,"1. das Lohnniveau direkt den Preis beeinfluBt und   
2. der Preis direkt die Nachfrage beeinfluBt; ",128,"[164, 596, 646, 632]",989,2.016415859626611e+18,
2016415859626610951,W109684747,text,"aber deshalb den SchluB zu ziehen, dab man auf die indirekten Beziehungen verzichten könne, erscheint nicht gerechtfertigt. Das Lohnniveau setzt sich nicht im Preis fort, sondern ist im Preis etwas ganz anderes geworden. Es ist daher eher jener Auffassung zuzustimmen, die — überraschenderweise - auch bei Churchman, Ackoff, Arnoff (64) zu finden ist. (""Such indirect effects on the measure of effectiveness should not be overlooked."") ",128,"[124, 639, 875, 749]",990,2.016415859626611e+18,
2016415859626610952,W109684747,text,"Eine sehr häufig vorkommende Annahme ist jene der Linearität, ja, praktisch wird in der betriebswirtschaftlichen Operationsforschung nur mit linearen Funktionen gearbeitet. Es wird angenommen, daB die Beziehungen linear verlaufen, und Dantzig (65), einer der führenden Theoretiker auf diesem Gebiet, geht sogar so weit, zu sagen, dab es natürlich sei, alle Aktivitäten als ein Vielfaches einer bestimmten Aktivität zu bezeichnen (""... it is natural to consider all activities that can be generated as a multiple of a fixed activity as forming an activity type . . .""). Schon die Kostentheorie zeigt uns aber, daB selbst bei den ",128,"[124, 759, 875, 907]",991,2.016415859626611e+18,
2016415859626610955,W109684747,text,"Kosten nur selten lineare Beziehungen zum Beschäftigungsgrad bestehen, und u. E. sind andere als Kostenbeziehungen erst recht nicht linear. Auch die Verbrauchsfunktionen dürften selten linearer Natur sein. Damit gehören wir zu jenen, von denen Koopmans sagt, daB für sie der Ausdruck ,,Linearität"" mit der Enge, eingeschränkter Aussagekraft und Inflexibilität der Hypothesen verknüpft ist (66) (""To many economists the term linearity is associated with narrowness, restrictiveness, and inflexibility of hypothesis'). Man kann sich zwar dort, wo keine Linearität der Kosten und Ertragsverläufe vorliegt, etwas helfen oder diese Bedingung umgehen, indem man den nichtlinearen Ertragsverlauf durch lineare Ertragsstücke verschiedener Ertragspreise abschnittsweise abbildet (Böhm), aber auch dieses Vorgehen wird nicht überall möglich sein. Obgleich die Linearität in jenen Fällen eine lebensnahe Annahme ist, in denen die für die moderne Fabrikation häufig kennzeichnende Starrheit des Produktionsapparates (wegen der mangelnden Substituierbarkeit der Produktionsfaktoren) ausschlaggebend ist, so ist die Behauptung, daB der lineare Bereich viel gröBer sei, als man annahm, noch nicht bewiesen. ",129,"[122, 125, 873, 418]",994,2.016415859626611e+18,
2016415859626610956,W109684747,text,"Die Annahme der Linearität ist, wie sich bereits aus dem Begriff ergibt, insbesondere bei der Linearplanung unerläBlich. Das ganze Verfahren basiert auf der Annahme linearer Beziehungen, weshalb Dantzig (67) auch sagt, ""It is this proportionality aspect more than any other that characterizes the linear programming model."" Wir finden die Linearität ferner bei den Leontiefschen Input-Output-Modellen, bei den Modellen von Morgenstern und von Neumann und schlieBlich überhaupt in der Betriebsökonometrie. ",129,"[124, 429, 875, 555]",995,2.016415859626611e+18,
2016415859626610957,W109684747,text,"Weil es aber im betriebswirtschaftlichen Leben so viele nichtlineare Situationen gibt, ist man bestrebt, die Forschung auf dem Gebiete des nichtlinearen Programmierens weiterzutreiben. Böhm bezweifelt aber mit Recht (68), daB es jemals gelingen werde, ein geschlossenes Rechnungsverfahren der praktischen Mathematik für die nichtlineare Programmplanung zu entwickeln. ,,Während nämlich die Bezeichnung ,linear' eine ganz bestimmte Funktion ... eindeutig bezeichnet, ist das bei der Bezeichnung ,nichtlinear' nicht der Fall; hier wird nur der lineare Fall ausgeschlossen, und es werden sämtliche übrigen Fälle der Ertragsgestalt beliebiger mathematischer Formulierung angesprochen."" Daraus ergibt sich, daB so viele Verfahren entwickelt werden müBten, als es Einzelprobleme gibt. In Anbetracht der vielgestaltigen realen Betriebsprobleme erscheint aber ,,die Anlage eines Rezeptbuches mit Methoden für alle Fälle der Praxis undurchführbar"", ganz abgesehen davon, daB man zahlreiche Beziehungen überhaupt nicht zahlenmäBig erfassen kann. ",129,"[126, 567, 877, 824]",996,2.016415859626611e+18,
2016415859626610958,W109684747,text,"Weitere in der betriebswirtschaftlichen Operationsforschung oft anzutreffende Annahmen sind jene der vollkommenen Konkurrenz und der rationalen Handlungsweise aller Beteiligten. Die erste trifft nur äuBerst selten zu, und die zweite ist auch nicht unumstöBlich. Man kann sich eine unorganisierte Wirtschaft gar nicht vorstellen, und zwar deshalb nicht, weil sie nicht im leeren Raume schwebt, sondern immer nur gesellschaftlich, d. h. im staatlichen Raum eingebettet sein kann. Eine reine Wettbewerbswirtschaft ist so gut wie nirgends zu finden, und wie irrational das Verhalten der Konsumenten und der Verrichtungsträger im Betrieb einschlieBlich der Unternehmer ist, beweist uns die Wirtschaft auf Schritt und Tritt. Im übrigen wird unter dem ,rationalen Verhalten"" fast immer nur jenes verstanden, das sich am Gewinn orientiert, das sich von der Gewinnmaximierung leiten läBt. Nach der Auffassung von Löffelholz erkennt man heute aber mehr und mehr, ,daB ebensowenig wie es einen homo oeconomicus gibt, eine communio oeconomica geben kann, eine nur an der Rentabilität ausgerichtete Unternehmung, die aus homines oeconomici besteht"" (69). ",129,"[128, 836, 877, 908]",997,2.016415859626611e+18,
2016415859626610962,W109684747,text,,130,"[124, 125, 866, 342]",1001,2.016415859626611e+18,
2016415859626610963,W109684747,text,"An dieser Stelle wird es verständlich, weshalb Lagerungs- und Transportprobleme operationsanalytisch so leicht behandelt werden können. Die Konkurrenz spielt keine Rolle, die Lagerungs- und Transportmöglichkeiten nach anderen als rationalen Gesichtspunkten vorzunehmen wäre unverständlich, und die Variablen, die irrelevant sind, können verhältnismäBig leicht bestimmt werden. Der Bildung eines Lager- bzw. Transportmodells stehen keine besonderen Schwierigkeiten im Wege. ",130,"[124, 351, 871, 479]",1002,2.016415859626611e+18,
2016415859626610964,W109684747,text,"Bei spieltheoretischen Modellen findet man die Annahme, daB sich nur zwei Teilnehmer auf dem Markt gegenüberstehen. Diese Annahme ist notwendigerweise falsch. Es gibt keinen Markt mit nur zwei Teilnehmern, und deshalb kann auch die faszinierendste Rechnung keine brauchbaren Ergebnisse liefern. Die auf der Spieltheorie fuBenden Modelle sind nicht einmal in der Lage, betriebswirtschaftliche Situationen zu approximieren. ",130,"[124, 486, 873, 594]",1003,2.016415859626611e+18,
2016415859626610965,W109684747,text,"Oft wird mit der Annahme gearbeitet, daB die in Frage stehenden Probleme Maximierungs- oder Minimierungsprobleme seien. Das trifft aber ebenfalls nicht immer zu. Es heiBt die Kosten und Preise überschätzen, wenn man glaubt, da sich jede MaBnahme an ihnen orientieren müsse. Es gibt eine ganze Reihe von Problemen, die nicht als Extremwertprobleme behandelt werden können. Die Maximierung bzw. Minimierung setzt nämlich voraus, daB man alle Variablen des Problems kontrolliert. Ist das aber nicht der Fall, d. h. ist das Ergebnis von Variablen abhängig, die auBerhalb der Macht eines Unternehmers liegen, ,,wenn darüber hinaus Interessenkonflikte herrschen und Fragen der Kooperation ins Spiel kommen, kann man nicht mehr von Maximumaufgaben sprechen und demgemäB auch eine Anwendung der Infinitesimalrechnung nicht mehr vertreten"" (70). ",130,"[124, 606, 875, 824]",1004,2.016415859626611e+18,
2016415859626610966,W109684747,text,"Käfer bezeichnet die Gewinnmaximierung als ,eine zwar häufig gemachte, aber nur mit starken Einschränkungen zutreffende Annahme"". Die Aufgabe des Unternehmers erschöpfe sich nicht in Geldmachen, sondern die Wirtschaftssubjekte wirtschaften auch noch aus anderen Bedürfnissen, beispielsweise aus jenen nach Sicherheit oder nach ruhigem Leben. Da die Unternehmungen ja nur ,,Schöpfungen zur Erfüllung menschlicher Zwecke"" sind, seien so viele Motive maBgebend, wie es Zwecksetzungen gibt. Käfer unterscheidet zwischen Hauptzwecken und Vorzielen oder Suboptima. Der Hauptzweck ist die Einkommenserzielung, die anderen können beispielsweise sein: ",130,"[124, 833, 875, 905]",1005,2.016415859626611e+18,
2016415859626610969,W109684747,text,,131,"[120, 124, 873, 215]",1008,2.016415859626611e+18,
2016415859626610970,W109684747,text,"a)Aufrechterhaltung der Liquidität,   
Sicherung der Beschäftigung,   
cSchaffung guter Beziehungen zum Personal, d) Schaffung guter Beziehungen zur Kundschaft, optimale Artikelzahl,   
f) optimale BetriebsgröBe. ",131,"[122, 225, 590, 342]",1009,2.016415859626611e+18,
2016415859626610971,W109684747,text,"Die entscheidende Feststellung sehen wir in dem Satz ,,ein Gesamtoptimum ergibt sich auf diese Weise aber nicht"" (71). Das bedeutet nämlich, daB die Gewinnmaximierung als einzige Leitlinie nicht ausreichend ist. Will die betriebswirtschaftliche Operationsforschung nicht vorgeworfen bekommen, daB ihre Annahmen zu generell sind, so wird sie die Suboptima berücksichtigen, d. h. mit dem Gewinnstrebenprinzip koordinieren müssen. ",131,"[122, 357, 875, 467]",1010,2.016415859626611e+18,
2016415859626610972,W109684747,text,"Ahnliche Forderungen findet man bei Frenckner (72), der eine Abstimmung zwischen den einzelnen partikularistischen Suboptimierungsbestrebungen in den verschiedenen Sektoren des Unternehmens und der Totaloptimierung verlangt. Auch er ist der Meinung, daB das Streben nach maximalem Gewinn nicht immer das einzige Handlungsprinzip sei, sondern daB es vielmehr noch andere Zwecke gäbe, wie z. B. ",131,"[124, 480, 877, 589]",1011,2.016415859626611e+18,
2016415859626610973,W109684747,text,"a) Konsolidierung des Unternehmens oder Erreichung eines gewissen Liquiditätsniveaus;   
b) Steigerung des Umsatzes oder des Marktanteils des Unternehmens;   
c) Erhaltung der vorhandenen Kapazität des Unternehmens;   
d) Bewahrung der Betätigungskontinuität; Fortsetzung älterer Traditionen; Erreichung sowie Bewahrung einer gewissen Unabhängigkeit des Unternehmens gegenüber Banken sowie anderen Unternehmen usw. ",131,"[124, 600, 879, 738]",1012,2.016415859626611e+18,
2016415859626610974,W109684747,text,Alle diese Zwecke treten simultan auf und wechseln in der Zeit. ,131,"[126, 752, 733, 768]",1013,2.016415859626611e+18,
2016415859626610975,W109684747,text,"Die bedeutendste und schwerwiegendste Annahme, die man bei betriebswirtschaftlichen Operationsmodellen machen kann, ist jene bestimmter Verkaufserwartungen. Am Verkauf ist gewissermaBen alles ,,aufgehängt"". Mit der Festlegung von Absatzmengen ist man daher weitgehend in der Lage, auf operationsanalytischem Weg alle anderen Leistungen so zu berechnen, daB ihre Erstellung optimal wird. Die Abschätzung des Verkaufsmarktes ist die groBe Annahme in der betriebswirtschaftlichen Operationsforschung. Sie bleibt trotz des Vorhandenseins von Minimumsektoren und des Ausgleichsgesetzes der Planung der langfristig bestimmende Richtsektor (Wittmann) der Planung. ",131,"[126, 778, 879, 908]",1014,2.016415859626611e+18,
2016415859626610978,W109684747,text,,132,"[126, 125, 862, 159]",1017,2.016415859626611e+18,
2016415859626610979,W109684747,text,"Im allgemeinen wird bei der Abschätzung der zukünftigen Absatzmengen von den Vergangenheitszahlen ausgegangen werden müssen. Freilich darf man nicht glauben, daB es genüge, eine Zeitreihe, etwa wie beim Zeit-Verhältnis-Verfahren, einfach fortzusetzen, um dann am Trend abzulesen, wie hoch der Umsatz in irgendeinem zukünftigen Zeitpunkt sein werde. So einfach ist die Verkaufspolitik nicht. Aber andererseits sind die Umsätze vergangener Perioden doch für jede Verkaufsplanung, daher also auch für die strategische Planungsrechnung, unerläBlich. Die Ansätze für operationsanalytische Rechnungen dürfen nicht aus dem Leeren genommen werden, sondern müssen auf der Realität des Gewesenen basieren. AuBerdem sind sie einige der wenigen ,,Ruhepunkte der Sicherheit im gesamten Planungsgefüge"" (73). ",132,"[124, 169, 866, 369]",1018,2.016415859626611e+18,
2016415859626610980,W109684747,text,"So wertvoll die Extrapolation für die Berechnung zukünftiger Sachverhalte ist, insbesondere in Betrieben und Volkswirtschaften, die sich in einem Wachstumsproze befinden, so darf nicht übersehen werden, daB sie nur dann anwendbar ist, wenn sich die GröBen im zeitlichen Ablauf nicht oder nur unwesentlich verändern. Das trifft zweifellos bis zu einem gewissen Grade bei jenen betriebsinternen Variablen zu, die unter der Kontrolle der Unternehmungsleitung stehen. Bei den meisten anderen Variablen wird man jedoch kaum eine Konstanz im Zeitverlauf annehmen dürfen. Gerade auf betrieblicher Ebene kommt es oft zu strukturellen Brüchen in den Zeitreihen, zu Anderungen, die nur einmal auftreten und sich nur schwer klassifizieren lassen. ",132,"[126, 377, 871, 558]",1019,2.016415859626611e+18,
2016415859626610981,W109684747,text,"Im Gegensatz zu dem relativ einfachen Zeit-Verhältnis-Verfahren wird in der Wahrscheinlichkeitsplanung (Probability Budget) mit der Wahrscheinlichkeitsverteilung zukünftiger Verkäufe operiert. Die Zukunft wird nicht als ungewiB angesehen, sondern bestimmte zu erwartende Ereignisse werden als wahrscheinlich angenommen. Es werden Verkaufspläne aufgestellt, in welchen die Verkaufsvoraussagen als wahrscheinlich definiert sind. Verständlicherweise können die wahrscheinlichen Verteilungen von erwarteten Verkäufen die verschiedensten Kurvenformen annehmen; wichtig ist es nur, daB man die Wahrscheinlichkeiten als GröBen festlegt, dann wird man auch die Streuung in der Häufigkeitsverteilung durch die Standardabweichung messen können. ",132,"[126, 567, 873, 749]",1020,2.016415859626611e+18,
2016415859626610982,W109684747,text,"Die Annahmen können in konforme und nichtkonforme bzw. in adäquate und nichtadäquate eingeteilt werden. Ob eine Annahme in diese oder jene Gruppe einzuordnen ist, hängt davon ab, ob das operationsanalytische Modell durch sie wirklichkeitsnahe bleibt oder nicht, ob die Rechenergebnisse brauchbare Unterlagen für Entscheidungen der Unternehmungsleitung geben oder nicht. Die Beurteilung, ob eine Annahme konform oder nichtkonform ist, ist daher erst nach der Setzung einer Manahme, nach einer Entscheidungsfällung möglich. Das ist aber weiter nicht verwunderlich, denn wenn man das schon ohne weiteres im vorhinein beurteilen könnte, dann wäre eine Voraussage möglich und die Beschäftigung mit der Wirtschaftsgeschichte (innerhalb des Betriebes also die Durchführung von Betriebsvergleichen, die sorgfältige Führung eines dokumentären Rechnungswesens usw.) unnötig. ",132,"[126, 758, 875, 905]",1021,2.016415859626611e+18,
2016415859626610985,W109684747,text,,133,"[124, 124, 871, 196]",1024,2.016415859626611e+18,
2016415859626610986,W109684747,title,6. Das Experiment am operationsanalytischen Modell ,133,"[232, 225, 765, 244]",1025,,1.0
2016415859626610987,W109684747,text,"Eng mit dem Begriff der Wissenschaftlichkeit im naturwissenschaftlichen Sinne ist die Forderung nach experimenteller Prüfung der Ergebnisse verknüpft. D'Abranyi drückt das unmiBverständlich mit den Worten aus: ""The scientific method is essentially a method of testing scientific results"" (74). Es ist daher verständlich, daB in der betriebswirtschaftlichen Operationsforschung immer wieder versucht wird, durch Experimente die Resultate zu untermauern, den Wert der Beobachtungen zu erhöhen. Die Operationsforschung wird nicht selten sogar als experimentelle Wissenschaft bezeichnet, und Morse (75) behauptet, daB man erst dann von einer Maturität der Operationsforschung wird sprechen können, wenn die Experimentiertechniken einen entsprechend hohen Entwicklungsgrad erreicht haben werden. Man vergleicht die operationsanalytischen Entscheidungsmodelle mit physikalischen Modellen, etwa wie Platt und Maines (76) mit der Modellnachbildung eines Flugzeuges in einem Windkanal, und ist überzeugt davon, da man beide in gleicher Weise durch Experimente testen könne. ",133,"[124, 253, 875, 528]",1026,2.016415859626611e+18,
2016415859626610988,W109684747,text,"Mit Hilfe des kontrollierten Experiments, welches die tatsächliche Operation simuliert, will man die Voraussagen, die man auf Grund der Berechnungen macht, fundieren. Wenn man berücksichtigt, daB die Vorhersage das groBe Anliegen der betriebswirtschaftlichen Operationsforschung ist, die, wo immer es geht, der Unternehmungsleitung angeben möchte, wie die Zukunft aussehen wird, dann ist es erklärlich, wieso dem Experiment der Systemsimulierung (System Simulation) eine so zentrale Bedeutung in der Operationsforschung beigemessen wird. ",133,"[126, 538, 877, 684]",1027,2.016415859626611e+18,
2016415859626610989,W109684747,text,"In völliger Anlehnung an die Terminologie der Naturwissenschaften sprechen Platt und Maines sogar von einem ,,Entscheidungslaboratorium"" (Decision Laboratory), in dem die Modelle getestet werden. Organisatorisch gesehen, ist dieses Entscheidungslaboratorium jene mit elektronischen Rechengeräten ausgestattete Betriebsabteilung, in der sich die Unternehmungsplaner und Operationsforscher zum Zwecke der Prüfung ihrer Modelle zusammenfinden. ",133,"[128, 696, 877, 804]",1028,2.016415859626611e+18,
2016415859626610990,W109684747,text,"Das Experimentieren besteht in der bewuBten Anderung einzelner Teile operationsanalytischer Modelle, wobei jede Anderung einer neuen Handlungsalternative gleichkommt. Es wird ein oder es werden mehrere Parameter modifiziert, die Durchrechnung einem Elektronengerät übertragen und der Einflu der Anderung auf das Ergebnis beobachtet und festgehalten. Dabei wird angenommen, daB sich die anderen GröBen nicht verschieben, sondern ihre alten Dimensionen beibehalten. Es ist dies die Annahme des ,ceteris paribus"", die auf geisteswissenschaftlichem Gebiete nicht oder nur sehr beschränkt anwendbar ist. Wir wissen uns mit dieser Meinung in kompetenter Gesellschaft. Tinbergen, obwohl Ökonometriker, stellt fest, daB man in den Wirtschaftswissenschaften kaum Experimente ausführen könne, weil ,die groBe Mehrzahl der Beziehungen, die zwischen wirtschaftlichen Phänomenen existieren ... durch Experimente nicht entdeckt werden"" kann (77). Es ist daher fraglich, ob die angebliche Sehnsucht des Wirtschaftswissenschaftlers, das Experiment, jemals in Erfüllung gehen wird. ",133,"[130, 816, 877, 905]",1029,2.016415859626611e+18,
2016415859626610993,W109684747,text,,134,"[126, 125, 871, 306]",1032,2.016415859626611e+18,
2016415859626610994,W109684747,text,"Die Beziehungen zwischen den Elementen sind zu eng und zu sehr miteinander verknüpft, die ganzheitlichen Zusammenhänge viel zu lebendig, als dab bei Anderung einer Gegebenheit nicht alles in Bewegung käme. Deshalb hat ja Gutenberg auch die Funktion der Type B eingeführt; mit der Variation eines Werkstoffes variieren auch die anderen Faktoren. Wohl ist die Verbrauchsfunktion weiterhin technisch bestimmt, aber sie stellt bereits eine Aufgabe des Ceteris-paribus-Konzeptes dar. Aus der Gegenseitigkeit der zueinander in Entsprechung stehenden Leistungen eines Leistungsgefüges ergibt sich die beschränkte Anwendbarkeit des naturwissenschaftlichen Prinzips des ceteris paribus. Es gibt fast keine unabhängigen Variablen, der Begriff des ceteris paribus stellt grundsätzlich eine wesenswidrige Verselbständigung der betrieblichen Sachverhalte dar. In den Naturwissenschaften ist die Annahme des ceteris paribus ohne weiteres möglich; wenn man beispielsweise die Temperatur ändert und den Druck gleich beläBt, so kann man tatsächlich aus dem geänderten Ergebnis Schlüsse auf den EinfluB der Temperatur auf das Resultat ziehen. Man kann wohl fragen, was geschehen wird, wenn man gleichzeitig den EinfluB von Schwefel- und Kupfergehalt ausschaltet, aber wir können beispielsweise nicht den EinfluB konkurrierender Betriebe auf die Verkaufspolitik einer Unternehmung eliminieren. Deshalb ist es auch so schwer möglich, Regressionsgleichungen aufzustellen, die uns zeigen, wie sich die Anderungen einer Variablen auf die anderen Variablen auswirken. ",134,"[126, 312, 873, 694]",1033,2.016415859626611e+18,
2016415859626610995,W109684747,text,"Trotz dieser Feststellung ist man nicht der Aufgabe enthoben, dort Korrelationsrechnungen anzustellen, wo sie Aussicht auf Erfolg haben. Dabei ist es schon ausreichend, Einfach-Korrelationen zu berechnen; auf multiple oder Mehrfach-Korrelationen, welche die Einflüsse vieler Elemente berücksichtigen, kann aber verzichtet werden. Der letztgenannten Auffassung steht aber andererseits jene gegenüber, die anführt, daβ eher auf den Ein-Faktoren-Versuch als auf den Mehr-Faktoren-Versuch verzichtet werden könnte; es wird behauptet, da einfache Korrelationsrechnungen dort nicht zum Ziele führen, wo zwischen den einzelnen Faktoren Wechselbeziehungen bestehen und daher nur solche Berechnungen sinnvoll sind, die mehrere Faktoren zur gleichen Zeit berücksichtigen. ",134,"[124, 704, 875, 905]",1034,2.016415859626611e+18,
2016415859626610998,W109684747,text,"In Zusammenhang mit Ausführungen über das Problem des ceteris paribus sind die Optimalberechnungen in der Linearplanung zu erwähnen, die immer unter den Mutatis-mutandis-Voraussetzungen vor sich gehen. Gegenüber diesen Berechnungen sind die Ceteris-paribus-Voraussetzungen als traditionell zu bezeichnen. Frenckner (78) weist darauf hin, daB bei jeder Iteration in der Linearplanung die Einwirkungen der Veränderungen ,auf das Resultat in bezug auf alle Produktarten und alle Fertigungsoperationen gleichzeitig"" untersucht und berechnet werden. Waffenschmidt (79) spricht von einer Totalkausalität, die sich von der Monokausalität mit ihren Ceteris-paribus-Konditionen und Isolierungen unterscheidet und dadurch gekennzeichnet ist, dab die jeweils gesuchte GröBe von einer gröBeren Anzahl von Variablen abhängt. Wenngleich diese Art, Zusammenhänge zu berücksichtigen, sicherlich dem Ganzheitscharakter betriebswirtschaftlicher Probleme näherkommt, so kann immer noch die Annahme bezweifelt werden, daB die Beziehungen mathematischer Natur seien. ",135,"[124, 125, 873, 382]",1037,2.016415859626611e+18,
2016415859626610999,W109684747,text,"Eine besondere Form der Experimente sind die sogenannten ""Business Games"" bzw. das ""Operational Gaming"". Sie haben nichts mit der mathematischen Theorie der Spiele von Morgenstern und von Neumann zu tun, sondern sind lediglich Experimentiertechniken, im Grunde genommen nichts anderes als eine Reihe von Spielregeln, in denen angegeben wird, wie sich die Spieler zu verhalten haben. Sie dienen lediglich - wie das militärische Sandkasten-Kriegsspiel, von dem sie abstammen - erzieherischen Aufgaben. Derartige Plan- oder Rollenspiele, die unter der Leitung eines Schiedsrichters vor sich gehen, operieren ebenfalls mit bestimmten Annahmen; beispielsweise mit der Annahme, daB 1000 Geldeinheiten, die für die Marktforschung eingesetzt werden, einen Ertrag in Höhe von 10 000 Geldeinheiten zur Folge haben. ",135,"[124, 392, 875, 593]",1038,2.016415859626611e+18,
2016415859626611002,W109684747,title,XI. Der Betrieb als System und die Betriebskybernetik ,136,"[126, 185, 864, 209]",1041,,1.0
2016415859626611003,W109684747,text,"Im Gegensatz zur funktionalen Betriebswirtschaftslehre, die im Betrieb einen lebendigen Organismus sieht, der sowohl durch rationale als durch irrationale Sachverhalte bedingt ist, betrachtet die betriebswirtschaftliche Operationsforschung den Betrieb als ein Mensch-Maschinen-System, in dem ein Automatismus aller Betriebsprozesse angestrebt wird. Der Betrieb ist nicht so sehr eine durch menschliche Handlungen gekennzeichnete Institution, in der Mittel zur Erreichung von Zielen, zur Bedürfnisbefriedigung eingesetzt werden, sondern ein mechanisches System, in dem Prozesse ablaufen, ein Beziehungssystem und daher nur noch ein Spezialfall der allgemeinen Beziehungslehre, der Logistik. Er ist keine Ganzheit mehr, in der die Leistungen in sinnvoller Entsprechung zueinander stehen, sondern eine komplizierte Anhäufung von Menschen, Maschinen und Werkstoffen, zwischen denen kausal-mechanische Beziehungen, Interaktionen bestehen; ein System von Organisationselementen, die untereinander im Leistungs- und Nachrichtenaustausch stehen. Das ,,System"" ist der Kernbegriff und nicht der ,,Betrieb"". ",136,"[126, 224, 871, 499]",1042,2.016415859626611e+18,
2016415859626611004,W109684747,text,"Der mechanistische Charakter des Systems kommt nirgends deutlicher zum Ausdruck als bei Dantzig, der es als eine schwarze Schachtel (black box) bezeichnet, in die etwas hineingegeben wird (input) und aus der etwas herauskommt (output). Als Beispiel führt er - bezeichnenderweise — den Ölraffinierungsproze an. ",136,"[126, 509, 873, 600]",1043,2.016415859626611e+18,
2016415859626611005,W109684747,text,"(nput, ngie, Geld usw.) De Bilack Btivity ← (Out  puzi usw.) ",136,"[151, 609, 800, 664]",1044,2.016415859626611e+18,
2016415859626611006,W109684747,text,"Man könnte nun die Meinung vertreten, da® es sich lediglich um verschiedene Ausdrücke für ein und dasselbe handle. In dem einen Fall werde die Institution des Betriebes eben als Ganzheit, im anderen als System bezeichnet. Der geisteswissenschaftlich orientierte Betriebswirtschafter arbeite eben mit dem einen Begriff, nämlich mit jenem der Ganzheit und der von den Naturwissenschaften herkommende Systemforscher mit jenem des Systems. Es seien nur andere Worte für das gleiche Objekt. ",136,"[124, 685, 875, 816]",1045,2.016415859626611e+18,
2016415859626611007,W109684747,text,"Dieser Auslegung kann nicht zugestimmt werden. Freilich wird auch oft in der Betriebswirtschaftslehre vom Betrieb als einem System gesprochen, und zwar insbesondere deshalb, um die abstrakten Leistungszusammenhänge plastischer darzustellen. Die Sprache der Technik hat eben den Vorteil, klarer und eindeutiger zu sein; aber das ,,System"" des Betriebswirtschafters dürfte von jenem des Technikers und auch Operationsforschers im Grunde genommen inhaltlich doch etwas abweichen. Die unterschiedliche Terminologie ist nicht nur eine sprachliche Angelegenheit, sondern gleichzeitig auch Ausdruck einer vollkommen unterschiedlichen Auffassung vom Wesen des Betriebes und damit auch der Betriebswirtschaftslehre und der Gestaltung des Wirtschaftens im Betrieb. In der Theorie wird die Betriebswirtschaftslehre durch eine betriebliche Systemforschung ersetzt, deren Gegenstand nicht mehr der Betrieb und seine Leistungen, sondern das Zusammenspiel von Produktionsfaktoren in funktionellen Systemen ist; im realen Leben werden nicht mehr Leistungen gesetzt, sondern interdependente Prozesse geregelt. Geistige Tätigkeiten werden wie in der Mechanik als Steuerungsvorgänge betrachtet, und Nürck behauptet, da man, ,wenn auch erst in jüngster Zeit"", zur Einsicht kam, $\mathtt { w d a B }$ alles Wirtschaften im Grunde auf Regelungsprozessen aufbaut"" (1). Der Systemforschung, und damit auch weitgehend der Operationsforschung, geht es nicht mehr um eine spezifische Gestaltungslehre, sondern für sie stehen die Nachrichten zwischen den einzelnen Elementen des Systems im Mittelpunkt des Interesses. ",136,"[126, 824, 875, 898]",1046,2.016415859626611e+18,
2016415859626611008,W109684747,text,,137,"[124, 124, 873, 437]",1047,2.016415859626611e+18,
2016415859626611009,W109684747,text,"Die unterschiedlichen Auffassungen lassen sich nicht leicht miteinander vereinen. Es wird nicht nur eine andere Sprache gesprochen, sondern die in Frage stehenden Dinge werden auch vollkommen anders aufgefaBt. Trotzdem oder vielleicht gerade deshalb wird sich auch die Betriebswirtschaftslehre in Zukunft intensiver mit der betriebswirtschaftlichen Operationsforschung beschäftigen müssen. UnterläBt sie es, d. h. überlassen die Betriebswirtschafter die Behandlung operationsanalytischer Probleme den Technikern und Formalwissenschaftlern, dann wird sich die betriebswirtschaftliche Operationsforschung ohne Zweifel zur betrieblichen Systemforschung weiterantwickeln, und von dort ist es nur ein kleiner Schritt zur Betriebskybernetik. Die betriebliche Systemforschung und die Betriebskybernetik gehören zusammen wie etwa die Betriebswirtschaftslehre und die Betriebswirtschaftspolitik. Im ersten Falle bildet die Kybernetik, im zweiten die theoretische Politik den AbschluB einer folgerichtigen Entwicklung. ",137,"[124, 451, 875, 706]",1048,2.016415859626611e+18,
2016415859626611010,W109684747,text,"Die Betriebskybernetik ist die Wissenschaft von den Steuerungsvorgängen im Betrieb, die Lehre von den Botschaften, welche die Tätigkeiten im Betrieb regeln, also eine Regelungstheorie. Sie befaBt sich mit den Informationen, welche dazu bestimmt sind, das betriebliche Geschehen zu steuern; sie will diejenigen formalen Prinzipien aufdecken, die sowohl in technischen als auch in organischen Prozessen einschlieBlich des menschlichen Nervensystems wirksam sind. Ihre theoretischen Grundlagen sind die Informationstheorie und die mathematische Logik. ",137,"[126, 714, 875, 861]",1049,2.016415859626611e+18,
2016415859626611011,W109684747,text,"Die Betriebskybernetik übernimmt die Sprache der betrieblichen Systemforschung und der Regelungstechnik und spricht daher ebenfalls vom Betrieb als von einem System. Dieses System ist in seinem Wesen ein Mechanismus, der sich selbst kontrolliert und reguliert. Der Betriebsproze wird als ein Schaltbzw. Regelungskreis gesehen, in dem der Eingang das Ergebnis bestimmt und gleichzeitig das Ergebnis den Ablauf beeinflut. Wird der vorgesehene Ablauf durch irgend etwas gestört, so wird die Regelabweichung signalisiert und der ProzeB neu bestimmt. Das geschieht im offenen Kontrollsystem durch die Betriebsführung, die also eine Steuerungsfunktion hat, und im geschlossenen System mittels Rückkopplung durch die Elemente des StellgröBenaggregats. Wird die Abweichung von einem elektronischen Rechengerät angezeigt, so kann man die Analyse des Hindernisses und die Festlegung des neuen Ablaufweges entweder dem Gerät selbst überlassen, oder die Aufgabe wird der Geschäftsleitung übertragen. Auf jeden Fall ist die Feststellung und Behebung von Störungen eher eine Sache des Ingenieurs als eine des Kaufmannes; die Planungsrechnung ist keine betriebswirtschaftlich-kaufmännische Angelegenheit mehr, sondern die Planungsdaten sind bereits ein technisches Konstruktionselement geworden. Da das System sehr empfindlich ist, muB es so schnell wie möglich stabilisiert werden. ",137,"[122, 872, 875, 907]",1050,2.016415859626611e+18,
2016415859626611014,W109684747,text,,138,"[126, 124, 871, 435]",1053,2.016415859626611e+18,
2016415859626611015,W109684747,text,"Der tragende Begriff der Betriebskybernetik ist das Feed Back, das Prinzip der Rückkopplung. Es besagt, daB das durch eine Regelvorrichtung hervorgerufene Ergebnis eines Ablaufs auf seine eigene Regeleinrichtung zurückwirkt und, ähnlich wie bei einem Thermostat, automatisch den weiteren Proze bestimmt. ",138,"[124, 447, 875, 520]",1054,2.016415859626611e+18,
2016415859626611017,W109684747,text,In einem geregelten Betriebsproze unterscheiden wir vier GröBen: ,138,"[122, 635, 767, 652]",1056,2.016415859626611e+18,
2016415859626611018,W109684747,text,"1. SollgröBen, die als Planungsdaten die Aufgabe haben, das Geschehen zu führen, und daher als FührungsgröBen bezeichnet werden. 2. IstgröBen, wie sie sich tasächlich ergeben (RegelgröBen). 3. StörgröBen, die zu Abweichungen zwischen Führungs- und IstgröBen führen und die hauptsächlich von der Marktseite kommen (z. B. Preisänderungen). 4. StellgröBen, die korrigierend in das zu regelnde System eingreifen. ",138,"[122, 659, 881, 778]",1057,2.016415859626611e+18,
2016415859626611019,W109684747,text,"Die FührungsgröBen möglichst genau zu bestimmen ist die Aufgabe der Operationsforschung, die zu der konventionellen Budgetrechnung und Vorkalkulation ergänzend hinzutritt. ",138,"[124, 788, 877, 842]",1058,2.016415859626611e+18,
2016415859626611020,W109684747,text,"Das Feed Back ist negativ, wenn es den Fehler beseitigt oder verringert, und ist positiv, wenn es den Fehler bewuBt vergröBert. Systeme, die mit einem negativen Feed Back arbeiten, nennt man zielgerichtete Systeme, weil das Feed ",138,"[124, 853, 875, 907]",1059,2.016415859626611e+18,
2016415859626611023,W109684747,text,"Back bei Abweichungen so reagiert, daB sich die Operation wieder auf ihr Ziel einstellt. Aus diesem Grunde können auch laufende Vergleiche zwischen Istund Standardkosten als eine Form des negativen Feed Back bezeichnet werden. Ist ein System in der Lage, seine Ziele selbst zu ändern, dann spricht man von einem autonomen zieländernden System. Eine derartige Organisation bedarf eines ,Gedächtnisses"", in dem alle bestehenden Handlungsalternativen gespeichert sind. Ist das System gar imstande, über die im Gedächtnis aufbewahrten Informationen Reflexionen anzustellen und neue Aktionen zu formulieren, dann ist eine noch höhere Stufe der Autonomie erreicht und man spricht von einem reflektierenden zieländernden System. Um solche Uberlegungen anstellen zu können, bedarf es bereits eines ,,BewuBtseins"" (dieses ist beispielsweise erforderlich, wenn sich eine Maschine selbst reparieren soll). ",139,"[122, 124, 871, 342]",1062,2.016415859626611e+18,
2016415859626611024,W109684747,text,"Weil sich Servomechanismen ganz ausgezeichnet im Luftverkehr (radargesteuerte Flugzeuge), in der Produktion (automatisch gesteuerte Maschinen), in der Schiffstechnik und auch auf anderen Gebieten bewähren, wird angenommen, dab sie in analoger Weise auch auf wirtschaftlichem Gebiete konstruiert werden könnten. In diesem Punkte scheiden sich aber die Meinungen, und hier setzt die Kritik an der Betriebskybernetik ein. ",139,"[124, 353, 873, 463]",1063,2.016415859626611e+18,
2016415859626611025,W109684747,text,"Ein Servomechanismus ist und bleibt ein Mechanismus. Er funktioniert sicherlich bei automatisierten Produktionsprozessen weitaus besser, als wenn ein Mensch dazwischengeschaltet wäre; der automatische ,Pilot"" wird das Flugzeug im Nebel und in der Dunkelheit sicherer landen als ein Mensch; eine radargesteuerte Fliegerabwehrartillerie wird den Feind viel genauer treffen als das zielende Auge eines Schützen; der elektronische Kalkulator arbeitet viel sicherer, genauer und schneller, als es je ein Mensch zu tun imstande wäre, weshalb ihm die Kontrolle über verschiedene Funktionen ohne weiteres übertragen werden kann. In dem Augenblick aber, in dem Menschen in den Kreis seines Systems einbezogen werden, ist gewissermaBen Sand in die Räder seiner Apparatur gekommen. Er muB versagen, weil die Mechanik verlassen und Bereiche des Geistigen betreten wurden. Das ist keine poetische oder metaphysische Stellungnahme, sondern der reale Befund, der sich aus einer funktionalen Betriebswirtschaftslehre zwangsläufig ergibt. ",139,"[126, 473, 875, 730]",1064,2.016415859626611e+18,
2016415859626611026,W109684747,text,"Die Befürworter der Betriebskybernetik werden dem entgegenhalten, da es nur darauf ankomme, das System so zu konstruieren, daB auch der Mensch den ihm zugewiesenen Platz einnehme, da er nicht zu oft zu einer StörgröBe werde. Die Betriebsvorgänge müBten so strukturiert werden, da auch er bzw. seine Handlungen gesteuert werden können. Freilich müsse man darauf achten, da ,,die Sozialelemente eines Betriebes, die am Betriebsgeschehen beteiligten Menschen, ... nicht das Gefühl oder Wissen haben, lediglich Regelungsobjekte zu sein. Die richtige Betriebsstrategie muB den Menschen gewisse taktische Bewegungsfreiheiten einräumen, um die seelischen Potenzen der Belegschaftsmitglieder zu erhalten und wertvolle gruppendynamische Kräfte dienstbar zu machen"" (2). Man müsse nur darauf achten, daB bei den Belegschaftsmitgliedern, die als soziologische Organisationseinheiten gesehen werden, keine nichtanalysierbaren Prozesse entstehen, welche das gewollte Geschehen beeinträchtigen könnten. ",139,"[128, 740, 877, 905]",1065,2.016415859626611e+18,
2016415859626611029,W109684747,text,,140,"[126, 125, 866, 215]",1068,2.016415859626611e+18,
2016415859626611030,W109684747,text,"Während eine Steuerung im technischen Bereich ohne weiteres möglich, ja sogar erstrebenswert ist, läBt sie sich im wirtschaftlichen Bereich nur in bestimmten Funktionsbereichen durchführen. Die Befürworter der Betriebskybernetik sagen allerdings, daB die kybernetische Steuerung nur heute noch nicht möglich und die Mitwirkung des Menschen daher noch erforderlich sei; die geisteswissenschaftlich orientierten Betriebswirte vertreten dagegen die Meinung, daB eine Einbeziehung des Menschen in ein vollautomatisiertes Servosystem undurchführbar ist und immer bleiben wird. Möge die technische Entwicklung noch so stürmisch weitergehen, so wird der Mensch doch immer ein ,,Element der Rückkopplung"" bleiben, wird er immer wieder schöpferisch das Betriebsgeschehen gestalten müssen, wird der Betrieb bestenfalls ein Quasi-Servosystem bleiben. ",140,"[124, 225, 871, 425]",1069,2.016415859626611e+18,
2016415859626611031,W109684747,text,"Für die leistungsorientierte Betriebswirtschaftslehre ist der Mensch mehr als nur eine Information, ist der Betrieb eben kein einfaches System, sondern eine lebendige Ganzheit mit allen Konsequenzen, die sich daraus ergeben. So wie Löffelholz (3) in bezug auf die Anwendung experimenteller Methoden auf die Probleme des Betriebsklimas, der Human Relations, der Public Relations, der sozialen Betriebsführung, der Mitbestimmung und Gewinnbeteiligung usw. vor dem ,,Zynismus des Seeleningenieurs"" warnt, so muB auch hier bei der Betriebskybernetik auf die Gefahr einer zu weitgehenden Einbeziehung des Menschen in das System hingewiesen werden. Ein kybernetisch gesteuerter Betrieb ist keine ,,Erziehungsgemeinschaft"", kein Sozialgebilde mehr, sondern eine Kombination von Produktionsfaktoren, die den Menschen unter Umständen sogar sozial deformieren kann. Diesen Befund sollte man nicht bagatellisieren. Freilich wird der Gehalt an schöpferischen und exekutiven Elementen in der Arbeit eines Arbeiters an einer Walzstrecke von der Technik bestimmt, aber diese Arbeit spielt sich im Bereich der Produktion ab, für den, wie wir sagten, die Kybernetik bis zu einem gewissen Grade gilt; es sei aber nochmals festgehalten, da es uns um den ganzen Betrieb geht und nicht nur um die Produktionsabteilung eines vollautomatisierten industriellen GroBbetriebes. ",140,"[124, 437, 873, 765]",1070,2.016415859626611e+18,
2016415859626611032,W109684747,text,"Die Betriebskybernetik versteht aber unter dem Ausdruck ,,Betrieb"" nicht den Betrieb im Sinne der Betriebswirtschaftslehre. Sie hat einen ganz anderen Betriebsbegriff. In ihm dominiert die Fertigung, alle anderen Leistungsbereiche treten weit zurück. Dies ist das Bild, wie es der Nur-Techniker sieht, wie ja überhaupt festgehalten werden muB, daB es in erster Linie Techniker sind, die sich mit der Betriebskybernetik beschäftigen. Ihnen ist die technische Regelung vertraut, und ihrer Meinung nach kann man ohne wesentliche Anderungen die in der technischen Regelung gültigen Prinzipien auch auf die umfassendere Betriebskybernetik anwenden. Jener Teil des Betriebes, in dem technisch produziert wird, also die Werkstätte, gleichgültig, ob sie nur ein kleiner Raum oder eine Riesenhalle ist, ist aber für die Betriebswirtschaftslehre nur ein einziger Funktionsbereich, neben jenen der Lagerung, des Verkaufs, des Einkaufs, der Verrechnung, der Lehre, der Werbung usw. Freilich ist die Produktionsstätte eine wichtige Abteilung, noch dazu im allgemeinen viel gröBer als alle anderen, aber sie ist nicht das A und O eines Betriebes, sondern nur eine Abteilung unter mehreren. Und darüber hinaus haben die anderen Leistungsbereiche auch noch einen logischen Vorrang vor der Erzeugung. Was produziert wird, bestimmt beispielsweise der Handel auf Grund seines Vorranges vor der Erzeugung; ein Grundsatz, den das moderne Marketing in klarer Weise bestätigt hat. ",140,"[124, 777, 875, 905]",1071,2.016415859626611e+18,
2016415859626611035,W109684747,text,,141,"[122, 125, 873, 344]",1074,2.016415859626611e+18,
2016415859626611036,W109684747,text,Die Uberschätzung der Produktionsleistung - und hierbei wird stillschweigend nur die industrielle Produktion gemeint - muB also zu Fehlschlüssen hinsichtlich der Anwendbarkeit der Betriebskybernetik führen. Diese gilt - und das auch nur beschränkt - für ,141,"[124, 351, 873, 424]",1075,2.016415859626611e+18,
2016415859626611037,W109684747,text,"1. die industrielle Fertigung, soweit sie automatisierbar ist, 2. in abnehmender Weise auch für einige fertigungsnahe Leistungsbereiche, wie den Transport und die Lagerung. ",141,"[124, 432, 875, 489]",1076,2.016415859626611e+18,
2016415859626611038,W109684747,text,"Für alle nachfolgenden oder, richtiger gesagt, vorangehenden Leistungen ist die Kybernetik nicht brauchbar. Ein vollautomatisierter Servomechanismus, ein selbsttätig funktionierendes Servosystem, das im Gegensatz zum Servomechanismus nicht mehr des kontrollierenden Menschen bedarf, ist nur für ganz wenige Produktionsbereiche möglich; der Betrieb als Organisationseinheit kann, selbst dann, wenn man die vollautomatisierte Fabrik als höchste Entwicklungsstufe ansieht (ein Denkfehler, der auBerhalb der Betriebswirtschaftslehre sehr oft festzustellen ist), höchstens nur ein Quasi-Servomechanismus werden. Das allerdings ist sehr erstrebenswert, weil die Maschine in diesem Fall den Menschen tatsächlich befreit, ihm aber gleichzeitig seine Würde beläbt. Die Frage ist wieder nur, wieviel in ein System zu bringen ist und welche Funktionen auBerhalb dieses Kreises bleiben sollen. Die Antwort hierauf - und sie ist gleichzeitig eine Antwort auf die Frage: wann und wo die Verfahrenstechniken der Operationsforschung anwendbar sind - gibt die Betriebswirtschaftslehre, die sich in diesem Zusammenhang als überlegene Disziplin erweist. ",141,"[124, 496, 875, 771]",1077,2.016415859626611e+18,
2016415859626611039,W109684747,text,"Mit Recht wird immer wieder darauf hingewiesen, daB wir in der Betriebswirtschaftslehre und in der Wirtschaft nicht mehr auf dem Begriff einer patriarchalischen Betriebsführung aufbauen können, sondern daB wir ihn zugunsten einer zeitentsprechenden Vorstellung aufgeben müssen; aber wir müssen uns andererseits davor hüten, in das andere Extrem zu fallen; und zwar nicht nur aus ethischen Gründen allein - wobei diese immer noch genügen würden -, sondern auch aus innerwissenschaftlichen Gründen. ",141,"[126, 778, 877, 907]",1078,2.016415859626611e+18,
2016415859626611042,W109684747,text,"An dieser Stelle ist ein Exkurs angebracht, der ohne jede Einschränkung als Vision bezeichnet werden kann. Zuse (4), Konstrukteur und Hersteller hochwertiger Rechengeräte, spricht davon, daB die Ingenieure in Zukunft nicht mehr Fabriken bauen, sondern ,,pflanzen"" werden. Sie müBten nur eine ,,technische Keimzelle"", in der die ganze Logik einer Fabrik als Programm konzentriert ist, setzen, dieser Zelle Rohstoffe und Energien zuführen, und das Werk würde wachsen und entstehen. Hat man erst diese ,technische Keimzelle"" gefunden, so wird sie sich nach dem Willen des Menschen entwickeln, wird Maschine werden, Werkstatt und Fabrik, und diese wird sich selbst wieder nachbauen können. ",142,"[126, 125, 871, 289]",1081,2.016415859626611e+18,
2016415859626611043,W109684747,text,"Zuses Ideen erinnern an das Bestreben, den Homunkulus zu schaffen. Und vielleicht ist es kein Zufall, daB er die Mathematik, die seinen Ideen zugrunde liegt, die faustische nennt. Er stellt sie der euklidischen Konzeption gegenüber, die nur das konkrete, geometrische Axiomensystem vor sich hat, während er im ideenlosen Raum abstrakte Axiomensysteme aufbaut, ,die zunächst nur rein formale Struktur haben und dann auf beliebige Modelle angewandt werden können"" ",142,"[126, 301, 871, 409]",1082,2.016415859626611e+18,
2016415859626611044,W109684747,text,"Von der Richtigkeit dieser Gedanken dürfte Zuse überzeugt sein. Insbesondere deshalb, weil er glaubt, seine Uberlegungen auch in der Biologie bestätigt zu finden. Sagt er doch: ,,So darf man heute wohl schon sagen, daB es sich bei dem Chromosomensatz einer Eizelle um eine vercodete Form des daraus zu entwickelnden Lebewesens handelt, dessen Aufbau sich daraus nach einem Rechenprogramm ergibt."" ",142,"[126, 419, 873, 529]",1083,2.016415859626611e+18,
2016415859626611045,W109684747,text,"Die Ausführungen Zuses sind faszinierend. Nur setzt er, wie viele Ingenieure, ,,Fabrik"" mit ,,Produktionsabteilung dieser Fabrik"" gleich, wodurch seine Aussagen, betriebswirtschaftlich gesehen, an Wert verlieren. Mit dem Problem, wer die von dieser automatischen Fabrik produzierten Erzeugnisse an wen und wie verkaufen soll, setzt er sich nicht auseinander. ",142,"[126, 539, 875, 629]",1084,2.016415859626611e+18,
2016415859626611048,W109684747,title,XII. Vergleichende Kritik der tragenden Begriffe und Vorstellungen ,143,"[162, 185, 829, 235]",1087,,1.0
2016415859626611049,W109684747,text,"1. Die Begriffe ,,Leistung"" und ,,Ablauf"" ",143,"[293, 253, 702, 273]",1088,2.016415859626611e+18,
2016415859626611050,W109684747,text,"Dem Begriff ,,Leistung"" in der Betriebswirtschaftslehre entspricht der Begriff ,,Ablauf"" in der Operation Research. ",143,"[122, 283, 873, 318]",1089,2.016415859626611e+18,
2016415859626611051,W109684747,text,"Bereits im Zusammenhang mit den Betrachtungen über das operationsanalytische Modell konnte auf den Unterschied zwischen dem Begriff der Funktion in mathematisch-operationsanalytischem Sinne und jenem im Sinne einer leistungsorientierten Betriebswirtschaftslehre hingewiesen werden. Während die betriebswirtschaftliche Operationsforschung gewissermaBen als eine quantitätsausgerichtete Theorie angesehen werden kann, ist die funktionale Betriebswirtschaftslehre durch die Betonung der qualitativen Leistungsseite gekennzeichnet. ",143,"[124, 329, 873, 457]",1090,2.016415859626611e+18,
2016415859626611052,W109684747,text,"Nichts aber charakterisiert den Unterschied zwischen den beiden Gebieten klarer als die Gegenüberstellung der beiden Ausdrücke ,,Leistung"" und ,,Ablauf"". Die funktionale Betriebswirtschaftslehre verwendet in erster Linie den Ausdruck Leistung, die betriebswirtschaftliche Operationsforschung hingegen arbeitet mit dem Ablauf, dem Betriebsprozeb. Nun heiBt das keineswegs, und das sei mit aller Deutlichkeit bemerkt, daB die Ausdrücke Ablauf oder Proze nicht auch von Vertretern der funktionalen Betriebswirtschaftslehre verwendet würden. Entscheidend ist aber, daB die Betriebswirte von Betriebsabläufen sprechen und im Grunde genommen Leistungen meinen - den besten Beweis bietet Nicklisch -, während die Operationsforscher vom Ablauf reden und auch tatsächlich den selbsttätigen Ablauf meinen. ",143,"[126, 467, 875, 668]",1091,2.016415859626611e+18,
2016415859626611053,W109684747,text,"Der Begriff des Ablaufs, und es sei erinnert, daB Operations Research auch als Ablaufforschung übersetzt wurde, stammt aus der Welt des Physikers, Technikers; er ist ein naturwissenschaftlicher Begriff. Schon allein sprachlich gesehen, drückt er das vom Menschen vollkommen unabhängige Zu-Ende-Gehen eines Prozesses aus. Irgendwo und irgendwann wird ein Vorgang, etwa ein chemischer ProzeB, eingeleitet, und mit naturnotwendiger Determination wickelt sich alles ab, läuft der Vorgang blind ab. Das ist die Situation, der sich ein Physiker, Chemiker oder Techniker in seinen Arbeiten immer wieder gegenübersieht. Setzt er nur erst eine Tat, eine Ursache, so braucht er sich nicht mehr um das Nachfolgende zu kümmern, sondern er kann alles Geschehen der Natur überlassen, die dafür sorgen wird, da der Proze automatisch auf Grund der im jeweiligen System gegebenen kausalen Verknüpfungen funktioniert. ",143,"[126, 681, 879, 900]",1092,2.016415859626611e+18,
2016415859626611055,W109684747,text,"Jeder menschliche Eingriff stört den Ablauf und ist daher als Intervention abzulehnen. Der gleiche Vorgang spielt sich - so wird angenommen - im operationsanalytischen Modell ab. Ist dieses erst einmal konstruiert, dann ist das Finden der optimalen Lösung nur noch eine Aufgabe des Rechnenden, d. h. oft nur eine Angelegenheit des elektronischen Rechengerätes. Die Aufgabe des Betriebswirtschafters erschöpft sich darin, den ,input"" zu bestimmen, alles andere geht von selbst. Betriebe sind nichts anderes als Verbände von technischen, wirtschaftlichen und soziologischen Funktionsträgern, die geschaffen wurden, um gewollte Geschehnisse auszulösen und ablaufen zu lassen. Die Operation der Operationsforschung ist gar keine menschliche Handlung mehr, sondern sie ist naturales Geschehen, ist das, was in der ,black box"" zwischen dem input und dem output geschieht. Sie ist durch eine Transformationsfunktion, welche den output eines bestimmten inputs bestimmt, charakterisiert. ",144,"[128, 124, 873, 361]",1094,2.016415859626611e+18,
2016415859626611056,W109684747,text,"Koopmans, auf dessen grundlegenden Betrachtungen zahlreiche andere Operationsforscher aufbauen, definiert die Operation bzw. die Aktivität (activity) ebenfalls als eine Kombination von Gütern, wobei zwischen dem input und dem output fixe, quantitative Relationen bestehen. Bei Dantzig ist das leistende Element betriebswirtschaftlicher Tätigkeit ganz verschwunden; bei ihm gibt es nur noch eine Anzahl von Elementarfunktionen, die Aktivitäten genannt werden (""... a number of elementary functions that are called 'activities'""). Lamann schlieBlich, der das operationsanalytische Verfahren der Linearplanung im Zusammenhang mit dem betriebswirtschaftlichen Zentralproblem der allgemeinen Produktions- und Kostenfunktion behandelt, arbeitet mit dem von v. Neumann gebrauchten Ausdruck ,,Proze"", definiert ihn als jenen elementaren Produktionsvorgang, bei dem Produktionsfaktoren in einem konstanten Mengenverhältnis verwendet werden, und kommt - verständlicherweise - zu dem SchluB, da die Begriffe ""process"" und ,Produktionsfunktion"" inhaltlich im wesentlichen übereinstimmen. Für Wittmann schlieBlich stellt sich der Proze als eine produktionswirtschaftliche Grundeinheit dar, die eine festliegende quantitative und qualitative Verknüpfung zwischen dem Einsatz von Produktionsfaktoren und dem Output zum Ausdruck bringt. Seinem Wesen nach offenbare der ProzeB eine viel einfachere Konstruktion als die Produktionsfunktion (1). ",144,"[126, 373, 875, 719]",1095,2.016415859626611e+18,
2016415859626611057,W109684747,text,"Es ist nicht zu übersehen, da Wittmann den Ausdruck ,produktionswirtschaftliche Grundeinheit"" gesperrt schreibt, und er spricht auch von technologischen Produktionsstufen, deren Elemente sich so wiederholen müssen, da in ihren Merkmalen keine Anderung eintritt. Als Beispiel für seinen Prozebegriff, der technologisch bestimmt ist, führt er die Erzeugung eines Automobils von dem Pressen der Karosseriebleche bis zur Endmontage an (Produktionstechnik). ",144,"[124, 730, 875, 840]",1096,2.016415859626611e+18,
2016415859626611058,W109684747,text,"Ganz anders wird das betriebliche Geschehen von der funktionalen Betriebswirtschaftslehre gesehen. Ihr tragender Begriff ist jener der Leistung, und zwar die von Menschen gesetzte Leistung. Der menschliche Geist ist es, der das Betriebsgeschehen bestimmt, und nicht die Natur. Die Leistung ist nicht etwas Blind-Mechanisches, nichts Naturnotwendiges, sondern eine bewuBte, von Menschen gesetzte Handlung oder - wie Oberparleiter sagt - ,eine normative Kategorie"" (2). Alles Geschehen im Betrieb zeichnet sich durch eine weitgehende Freiheit des Handelnden aus, die nur in wenigen Leistungsbereichen stärker als in den anderen durch die technologischen Erfordernisse geprägt oder beeinfluBt wird. Der Proze geschieht nicht durch sich selbst, sondern, wie wir auch bei Gutenberg lesen, ,nach den Regeln, welche darüber AufschluB geben, in welchen Proportionen diejenigen Mengen stehen sollen, mit denen die Produktionsfaktoren im Produktionsproze verwendet werden"" (3). ",144,"[124, 850, 873, 905]",1097,2.016415859626611e+18,
2016415859626611061,W109684747,text,,145,"[126, 124, 873, 306]",1100,2.016415859626611e+18,
2016415859626611062,W109684747,text,"Der Ablauf kann bei einer gegebenen Ursache nur so und nicht anders vor sich gehen, die Leistung hingegen (auch betriebswirtschaftspolitische MaBnahmen) kann die unterschiedlichsten Auswirkungen, d.h. diese oder jene Folge haben. Daher ist es auch unrichtig, wirtschaftliche Aktionen einfach als Funktionen von Variablen aufzufassen. Der Mensch ist kein Störungsfaktor in einem mechanistischen System, sondern derjenige, der in Freiheit bestimmt, was zu geschehen hat. Er kann eine richtige oder eine falsche Entscheidung treffen, und er kann Fehlmanahmen manchmal besser, manchmal schlechter korrigieren, als es ein ausgefeiltes Rückkopplungssystem in einem kybernetischen Servomechanismus vermag. ",145,"[124, 319, 873, 502]",1101,2.016415859626611e+18,
2016415859626611063,W109684747,text,"Die Leistung ist ein teleologischer Begriff, der Ablauf ein kausalmechanischer. Die leistungsorientierte Betriebswirtschaftslehre geht vom Bedürfnis, von den zu erreichenden Zielen aus und untersucht den optimalen Mitteleinsatz zur Befriedigung der Bedürfnisse, zur Erreichung der Ziele. Der Betrieb sieht seine Aufgabe darin, die Inkongruenzen oder Spannungen, die sich zwischen Erzeugungs- und Verbrauchswirtschaften im Raum, in der Zeit, in Qualität und Quantität, in der Psyche und im Kapital ergeben (4), auszugleichen. Er will die Spannungen zwischen dem bedürfenden Subjekt und dem Objekt der Bedürfnisbefriedigung ausgleichen (5); jede Teilleistung ist nichts anderes als ein Schritt auf dem Wege zur Bedürfnisbefriedigung, ist somit eine Konsumannäherung. Ihn interessiert es an und für sich nicht, ob die Ziele gültig sind, das ist Sache höherer Instanzen. ",145,"[126, 516, 875, 736]",1102,2.016415859626611e+18,
2016415859626611064,W109684747,text,"Es ist im vorliegenden Zusammenhang nicht erforderlich, sich damit zu beschäftigen, ob der Begriff der Leistung nur die Tätigkeit, das Ergebnis der Tätigkeit oder beides erfaBt. Es ist ferner für unsere Betrachtungen nicht entscheidend, ob eine wirtschaftliche Leistung erst dann vorliegt, wenn sie vom Markt aufgenommen wurde. Für unsere Zwecke genügt es vollkommen, auf die Konsumannäherung hinzuweisen. ",145,"[126, 749, 875, 859]",1103,2.016415859626611e+18,
2016415859626611065,W109684747,text,"Es steht grundsätzlich nichts im Wege, das wirtschaftliche Geschehen kalkülsprachlich nachzubilden und den Begriff der Leistung als Funktion wiederzugeben, sofern man nicht vergit, daB die Gleichung nur eine annähernde Darstellung sein kann. Bezeichnet man die Bedürfnisse bzw., wie Adam (6) sie nennt, Bedarfe mit $\mathbf { B } _ { ( \mathbf { t } ) }$ und die Deckungsmöglichkeiten mit $\mathbf { D _ { ( t ) } }$ , so kann man ohne weiteres sagen, daB die zwischen den Bedarfen $\mathbf { B } _ { ( \mathfrak { t } ) }$ und den Deckungsmöglichkeiten $\mathbf { D _ { ( t ) } }$ als Funktionen der Zeit (t) bestehende Spannung kalkülsprachlich etwa folgendermaBen aussieht: ",145,"[124, 872, 873, 907]",1104,2.016415859626611e+18,
2016415859626611069,W109684747,text,,146,"[122, 124, 869, 234]",1108,2.016415859626611e+18,
2016415859626611071,W109684747,text,"Nach den Ausführungen über die Möglichkeiten der Quantifizierung betriebswirtschaftlicher Leistungen und über das Wesen der Beziehungen zwischen den Quantitäten erübrigt es sich hier, auf die angegebene Funktion weiter einzugehen. ",146,"[124, 273, 871, 345]",1110,2.016415859626611e+18,
2016415859626611072,W109684747,text,"Da die auf ein Ziel gerichteten betrieblichen Leistungen nicht ungeordnet, für sich allein, isoliert gegeben sind, sondern immer nur im Zusammenhang mit anderen erforderlichen Leistungen erstellt werden und zwischen allen diesen Leistungen sinnvolle, grundsätzlich nicht kausale Beziehungen bestehen, kann man von einem gliedhaften Charakter der Betriebsleistungen sprechen. Die Leistungen sind also gliedhaft-teleologisch, wobei im Begriff des Gliedhaften auch eine Rangordnung eingeschlossen ist. Die Kategorie des Ranges hat aber im physikalischen Denken keinen Platz. ",146,"[124, 356, 873, 502]",1111,2.016415859626611e+18,
2016415859626611073,W109684747,text,"Damit unterscheidet sich der Begriff der Leistung von jenem des Ablaufes derart stark, daB man keine Gemeinsamkeiten mehr finden kann. Aber das ist nicht erstaunlich, sondern selbstverständlich; die Betriebswirtschaftslehre ist keine Naturwissenschaft, sondern eine Geisteswissenschaft. ",146,"[126, 512, 875, 584]",1112,2.016415859626611e+18,
2016415859626611074,W109684747,text,"Wenn trotzdem immer wieder auf die Existenz kausalmechanischer Abläufe hingewiesen wird, so muB dem entgegengehalten werden, daB es sich in diesen Fällen meistens nicht um betriebswirtschaftliche, sondern um betriebstechnische Fragen handelt. Weil aber die Technik und die Wirtschaft in der lebendigen Wirklichkeit aufs engste miteinander verknüpft sind, hat es den Anschein, als wäre ein wirtschaftlicher Vorgang determiniert. Man mu aber das naturale Geschehen sorgfältig vom sozialen trennen. Auf der einen Seite ist der Betriebs-,,prozeB"" das Ergebnis bewuBter MaBnahmen, auf der anderen Seite hat ihm die technische Apparatur ihr Gesetz aufgezwungen. ",146,"[124, 599, 877, 764]",1113,2.016415859626611e+18,
2016415859626611075,W109684747,text,"Selbstverständlich lassen sich die Kosten, die die Produktion einer Tonne Roheisen im Hochofen verursacht, nur in gewissen Grenzen durch Eingriffe und MaBnahmen beeinflussen, und ebenso besteht kein Zweifel darüber, daB alle Dispositionsfreiheit ihre Grenze in den technischen Gegebenheiten der Produktionsbedingungen (Gutenberg) hat; aber auch dieses Beispiel bestätigt nicht mehr, als daB ein technologischer ProzeB, nämlich jener der Roheisengewinnung, determiniert ist. Wo die Dispositionsfreiheit des Betriebswirtschafters beginnt, endet mit den erwähnten Ausnahmen der Anwendungsbereich der kausalmechanischen Methode. ",146,"[126, 778, 879, 907]",1114,2.016415859626611e+18,
2016415859626611078,W109684747,text,,147,"[120, 125, 871, 160]",1117,2.016415859626611e+18,
2016415859626611079,W109684747,text,"Die Verwechslung der Wirtschaft mit der Technik dürfte überhaupt nur darauf zurückzuführen sein, daB sich die Operationsforscher überwiegend mit Problemen der industriellen Produktion befassen und die Fertigung mit der Betriebswirtschaft gleichsetzen. So wichtig die industrielle Fertigung für unsere heutige Wirtschafts- und Gesellschaftsform auch ist, so darf doch nicht übersehen werden, daB sie - theoretisch betrachtet - nur eine betriebswirtschaftliche Teilleistung darstellt und daB der Begriff der Betriebswirtschaftslehre ein viel umfassenderer ist, als es Techniker oft zur Kenntnis genommen haben. Eine Ware beispielsweise ist, technisch betrachtet, am Ende des Erzeugungsvorganges zwar bereits fix und fertig, aber ihr fehlt noch viel, um bis zum Konsumenten zu gelangen. ",147,"[122, 172, 873, 373]",1118,2.016415859626611e+18,
2016415859626611080,W109684747,text,"Die Tatsache, da es eine Betriebswirtschaftspolitik gibt, beweist, daB das betriebswirtschaftliche Geschehen nicht determiniert abläuft, sondern durch MaBnahmen irgendwelcher Art u. U. sogar willkürlich beeinfluBt werden kann. Wäre alles betriebliche Geschehen nur ein Ablauf in dem hier verstandenen Sinne, so gäbe es keine Betriebswirtschaftspolitik, nicht einmal eine Managementlehre, ja selbst das wirtschaftliche Handeln wäre nicht nötig. Die Indeterminiertheit, d. h. das Eigenleben aller Teile, ist so weitgehend, daB betriebswirtschaftspolitische MaBnahmen sogar gegen die innere GesetzmäBigkeit der Wirtschaft verstoBen können — eine Tatsache, die beispielsweise in der Physik unmöglich ist: Ein Stein wird im Bereich der Erde nie ,hinauffallen"". Freilich wird man unwirtschaftliche MaBnahmen auf die Dauer nicht ungestraft setzen können, aber es ist entscheidend, festzustellen, dab der Betriebswirtschafter die Freiheit hat, sie zu ergreifen. Wenn in der betriebswirtschaftlichen Operationsforschung davon die Rede ist, dab sich die Elemente des Systems ändern, kann man dem nur zustimmen, allerdings mit dem Hinweis darauf, daB diese Anderungen vom Menschen ausgehen. ,Man muB sich von der Vorstellung eines exakt meBbaren Wirtschaftsablaufs, dem die technisch Gebildeten leider oft unterliegen, freimachen, wenn man eine Unternehmung führen will (7)."" ",147,"[126, 382, 877, 712]",1119,2.016415859626611e+18,
2016415859626611081,W109684747,text,"Die für die Bedürfnisbefriedigung bzw. Zielerreichung eingesetzten stofflichen Mittel, d. h. also auf alle Fälle die passiven Güter, haben, wie bereits im Zusammenhang mit dem Problem der Quantifizierung ausgeführt wurde, gewissermaBen zwei Seiten, eine ursächliche, die sich aus ihrer Materialeigenschaft, und eine teleologische, die sich aus der Hinwendung auf das Bedürfnis (Ziel) ergibt. Solange das stoffliche Gut wirtschaftlich nicht genutzt wird, liegt es im Naturhaften und ist kausalen GesetzmäBigkeiten unterworfen; in dem Augenblick, in dem es genutzt wird, d. h. zu einem Mittel wird, betritt es die Welt der Wirtschaft und unterliegt nicht mehr naturwissenschaftlichen, sondern wirtschaftlichen Gesetzen. Es sei an das Beispiel der in einem Betrieb stehenden ",147,"[130, 723, 881, 907]",1120,2.016415859626611e+18,
2016415859626611084,W109684747,text,"Maschine erinnert, die von zwei Gesichtspunkten aus gesehen werden kann, nämlich vom technischen oder vom wirtschaftlichen. Im ersten Falle ist sie eine Anhäufung von Metallbestandteilen bzw. deren Kräften - und in diesem Falle kann man ohne weiteres eine mathematische Formel des Kräftesystems aufstellen —, und im zweiten Falle betrachtet man sie als ein Mittel, mit dem man ein gestecktes Ziel erreichen kann. ",148,"[128, 125, 873, 232]",1123,2.016415859626611e+18,
2016415859626611085,W109684747,text,"Bouffier erläutert an einem Beispiel aus der Chemie den Unterschied zwischen der wirtschaftlichen und der technischen Problematik. Er stellt fest, da® es technisch interessant sein mag, wirtschaftlich aber irrelevant ist, ob Güter ,im chemischen ProzeB ihre Gestalt und ihr Wesen ändern"". In seiner Analyse des Begriffes Werteinsatz sagt er schlieBlich, daB das Abbrennen eines Holzlagers Wertverzehr sei, die Verwendung des Holzes zum Heizen hingegen Werteinsatz zur Leistungserstellung und daher ,der gleiche technische Vorgang ... von der Zielsetzung her ein völlig verändertes wirtschaftliches Gesicht"" erhält (8). ",148,"[128, 247, 875, 392]",1124,2.016415859626611e+18,
2016415859626611086,W109684747,text,"Wie alle operationsanalytischen Verfahrenstechniken beweisen, sieht die betriebswirtschaftliche Operationsforschung entweder nur die stofflich-ursächliche Seite der Leistungen oder unterlegt ihnen ursächliche Ablaufgesetzmäigkeiten. Damit entschwindet ihr aber der leistende Zusammenhang völlig, und sie hat nur mehr rein ursächliche, aber keine wirtschaftlichen Wesenheiten mehr vor sich. Sie kennt nicht den Leistungsbegriff und ähnelt insofern den Vorläufern der Betriebswirtschaftslehre, nämlich der Handelswissenschaft und der Privatwirtschaftslehre, von denen Oberparleiter sagt, dab sie dem Leistungsbegriff ""... wenn überhaupt, so doch bloB in seiner technischen Form begegnen konnten, worunter sowohl die Anwendung technischer Verfahren in der Herstellung bzw. Erstellung als auch in deren Verrechnung verstanden"" wird (9). Man mu sich dessen bewuBt sein, daB der Vergleich der Operationsforschung mit den Vorläufern der Betriebswirtschaftslehre etwas hinkt, und man mu damit rechnen, daB die Bemerkung, die Operationsforschung sei noch nicht so weit wie die Betriebswirtschaftslehre, als absurd abgetan wird; behauptet doch die betriebswirtschaftliche Operationsforschung, dab sie im Gegensatz zur Betriebswirtschaftslehre fortgeschrittener und jene konventionell sei. ",148,"[126, 405, 875, 717]",1125,2.016415859626611e+18,
2016415859626611087,W109684747,text,"Ein operationsanalytisches Verfahren, nämlich die Spieltheorie, beweist, da die betriebswirtschaftliche Operationsforschung nicht mit einfachen Kausalfunktionen auskommt. Die agierenden Menschen haben gewissermaBen dem Rechner einen Strich durch die Rechnung gemacht, indem sie das Geschehen nicht einfach ablaufen lassen, sondern eingreifen. Inwieweit das entwickelte spieltheoretische Verfahren geeignet ist, die Leistungen der beteiligten Spieler, d. h. also die Wirklichkeit, zu erfassen, ist bereits dargestellt worden. ",148,"[124, 730, 875, 859]",1126,2.016415859626611e+18,
2016415859626611088,W109684747,text,"Eng mit dem Begriff der Leistung ist jener des Risikos verknüpft. Der eine ist ohne den anderen nicht denkbar. Es muB eine menschliche Tat überhaupt erst gesetzt werden, um das Risiko entstehen zu lassen. Wenn die Handlung nicht erbracht wird, kann gar kein Risiko aufkommen. ",148,"[122, 869, 875, 904]",1127,2.016415859626611e+18,
2016415859626611091,W109684747,text,,149,"[126, 125, 871, 160]",1130,2.016415859626611e+18,
2016415859626611092,W109684747,text,"Es war Oberparleiters Verdienst, in der betriebswirtschaftlichen Theorie die Zusammengehörigkeit von Leistung bzw. Funktion und Risiko klar herausgestellt zu haben. Die in seiner Funktionen- und Risikenlehre (10) festgehaltenen Erkenntnisse sind der Ausgangspunkt für die Behauptung, daB jede Betrachtungsweise betrieblicher Probleme, welche das Vorhandensein von Leistungen verneint, gleichzeitig das Risiko leugnet. Die ganze Problematik der betriebswirtschaftlichen Operationsforschung wird einem bewut, wenn man sich vor Augen hält, daB der Ablauf aber kein Risiko kennt, daB er risikolos ist, ja sein muB. Im natural-kausalmechanisch determinierten Geschehen gibt es kein Risiko, dieses beginnt erst, wenn der Mensch auf den Plan zu treten und zu handeln beginnt, beginnt also erst bei den Leistungen. ",149,"[124, 179, 871, 379]",1131,2.016415859626611e+18,
2016415859626611093,W109684747,text,"Am deutlichsten tritt das Risiko bei der unternehmerischen Leistung hervor. Gerade für die ist aber in den Formeln kein Platz. Es wäre nun aber unrichtig, einfach deshalb, weil man den unternehmerischen Mut, die Initiative des Managers quantitativ nicht fassen kann, diese Eigenschaften als irrelevant zu vernachlässigen. Niemand wird leugnen können, daB die Unternehmerleistung eine echte Leistung ist; sie ist kein leerer Wahn, sondern eine sehr reale Tatsache, und je gröBer der unternehmerische Mut ist, desto gröBer wird auch das Risiko sein. Wo kein Risiko mehr ist, sagt Rieger, hat die Unternehmung aufgehört zu sein. ",149,"[124, 397, 875, 560]",1132,2.016415859626611e+18,
2016415859626611094,W109684747,text,"Die Anwendbarkeit der betriebswirtschaftlichen Operationsforschung bzw. ihre Grenzen offenbaren sich nach dem Gesagten mit aller Deutlichkeit; weil die betriebswirtschaftliche Operationsforschung nicht mit Leistungen, sondern mit Abläufen arbeitet, kennt sie kein Risiko; weil aber die lebendige Wirtschaft voller Risiken ist, muB die Aussagekraft operationsanalytischer Modelle und Analysen eingeschränkt sein. Wenn behauptet wird, da die Rechnungen der Operationsforschung verschiedene Risiken mindern, beispielsweise das Absatzrisiko durch die Einführung der Wahrscheinlichkeitsrechnung, so kann erwidert werden, daB das Risiko nur um jenen Teil verkleinert wird, der eben berechenbar ist. Das Absatzrisiko liegt in der ,,Preis-Absatz""-Relation nicht nur zwischen jenen Werten, die links und rechts von der Regressionskurve liegen, sondern darin, daB die Ware überhaupt nicht vom Markt aufgenommen wird. Wenn das Risiko nur in der Abweichung der Einzelwerte von der Idealkurve bestünde, dann allerdings lieBe es sich berechnen. In Problemen der statistischen Qualitäts- und Quantitätskontrolle und somit im betrieblich-technischen Bereich trifft das auch zu; aber kaum im Verkauf (es sei denn wieder bei bestimmten Waren) und schon gar nicht in den dem Handel vorgeordneten Bereichen. Es gehört zu den begrifflichen Merkmalen des Risikos, daB es in der Regel nicht berechenbar, sondern nur schätzbar ist. Die Wissenschaft kann die Risiken deutlicher und transparenter und damit begrenzter machen, sie kann sie aber nicht aus der Welt schaffen (11). ",149,"[124, 577, 875, 908]",1133,2.016415859626611e+18,
2016415859626611097,W109684747,text,,150,"[122, 124, 862, 178]",1136,2.016415859626611e+18,
2016415859626611098,W109684747,title,2. Der Einflu der naturwissenschaftlichen Betrachtungsweise in der Betriebswirtschaftslehre ,150,"[189, 206, 794, 243]",1137,,1.0
2016415859626611099,W109684747,text,"Das Aufkommen der betriebswirtschaftlichen Operationsforschung wirft die grundsätzliche Frage auf, welche Bedeutung die naturwissenschaftliche Betrachtungsweise für die betriebswirtschaftliche Forschung habe. ",150,"[124, 256, 866, 309]",1138,2.0164158596266112e+18,
2016415859626611100,W109684747,text,"Die Entstehung einer naturwissenschaftlichen Richtung in der Betriebswirtschaftslehre - und dazu gehört auch die betriebswirtschaftliche Operationsforschung - ist keine vereinzelte Erscheinung auf wissenschaftlichem Gebiet. In dem groBen Methodenstreit, der noch keineswegs abgeschlossen ist, sondern im Gegenteil, wie die Operationsforschung beweist, noch sehr lebendig ist, sind alle Geisteswissenschaften einbezogen worden, und zwar ,zunächst die Psychologie, dann die Soziologie und schlieBlich die Nationalökonomie und die Betriebswirtschaftslehre"" (12). Es wäre nun vom pädagogischen Standpunkt aus nichts gegen diese Entwicklung einzuwenden, wenn die naturwissenschaftliche Richtung nicht für sich in Anspruch nehmen würde, ,fortgeschrittener"" zu sein, und wenn nicht die Gefahr einer totalen Mechanisierung der Wirtschaft bestünde, die früher oder später zu einer kybernetischen Betriebsführung führen muB. ",150,"[124, 321, 869, 539]",1139,2.0164158596266112e+18,
2016415859626611101,W109684747,text,"Während es den Geisteswissenschaftlern kaum einfallen würde, die Wissenschaftlichkeit der naturwissenschaftlichen Methode zu bezweifeln, zögern umgekehrt die Naturwissenschaftler nicht, die Methode des Verstehens, der Ganzheitsschau und der Finalanalyse als unwissenschaftlich abzulehnen. Für sie hört die Wissenschaft dort auf, wo die Quantifizierung zu Ende geht. Vom betriebswirtschaftlichen Standpunkt aus mu diese Meinung abgelehnt werden, desgleichen die Behauptung, da das Wort ,,wissenschaftlich"" in der Formulierung ,wissenschaftliche Unternehmungsführung"" zum erstenmal Gewicht erhalte, daB man eigentlich erst seit dem Aufkommen der Operationsforschung von einer wissenschaftlichen Unternehmungsführung sprechen könne (13). Es heiBt die quantitativen Methoden überschätzen, wenn man nur ihnen einen Wissenschaftscharakter zugesteht, und es ist ungerechtfertigt, anzunehmen, da eine Wissenschaft erst dann diese Bezeichnung verdiene, wenn ihre Begriffe in mathematische Formen gekleidet sind. Daher können wir auch Waffenschmidt nicht beistimmen, daB sich erst mit dem Einzug der höheren Mathematik bei Gutenberg ,,die Einordnung der.theoretischen Betriebswirtschaft in den akademischen Rang ganz vollzogen"" habe (14). ",150,"[124, 549, 875, 862]",1140,2.0164158596266112e+18,
2016415859626611102,W109684747,text,"Im Streit zwischen den beiden Richtungen ist es nicht verwunderlich, wenn leidenschaftlich Stellung genommen wird, wenn vieles extrem überzeichnet wird und Fronten gezogen werden, die durch nichts klarer markiert werden können als einerseits durch die Anklage Hahns ,Sie werden in ihrer Traumwelt verbleiben, in der die unrealistischen Annahmen, die ihren mathematischen Formeln, ihren Kurven und ihren sonstigen analytischen Werkzeugen zugrunde liegen, den Rang der Wirklichkeit erlangt haben und in der der allgemeine Menschenverstand durch Abwesenheit glänzt"" (15), oder Mellerowiczs ,So schaffen sie eine betriebswirtschaftliche Alraune, einen ,Betrieb aus der Retorte'"" (16), die höhere Mathematik als Aufputz und wissenschaftliche Umrahmung wirkt nur auf Laien (Leitner) und andererseits durch die Bemerkung Adams, daB die nicht besonders ersprieBlichen Kontroversen letztlich ein Kampf gegen Windmühlenflügel seien (17). Waffenschmidt behauptet, daB für alle antimathematischen Beweise nur unbekannte Autoritäten, Pseudoautoritäten, zitiert werden, und noch deutlicher sagt Mattesich, daB die angebliche Krise der Betriebswirtschaftslehre gar keine Krise der Disziplin sei, als vielmehr eine Krise einiger ihrer Adepten, nämlich jener, die nicht gewillt sind, mathematische Methoden und solche der symbolischen Logik für die Wirtschaftswissenschaften anzuerkennen und zu erlernen (18). Für ihn und für viele andere haben die mathematischen Methoden einen Siegeszug angetreten, der nicht mehr wegdiskutiert werden kann. ",150,"[126, 869, 879, 905]",1141,2.0164158596266112e+18,
2016415859626611105,W109684747,text,,151,"[124, 125, 873, 473]",1144,2.0164158596266112e+18,
2016415859626611106,W109684747,text,"Waffenschmidt hat übrigens interessante wissenssoziologische Bemerkungen zum Streit der Mathematiker und Antimathematiker in der Wirtschaftswissenschaft angestellt. Seine Analyse bestätigt nur, daB die Auseinandersetzung auf einer höheren Ebene als jener der Wirtschaftswissenschaft erfolgen muB. ",151,"[126, 487, 875, 560]",1145,2.0164158596266112e+18,
2016415859626611107,W109684747,text,"Löffelholz analysiert in gründlicher Weise den Methodenmonismus (19) und wendet sich entschieden gegen die Auffassung, daB nur die betriebswissenschaftliche Methode eigentlich für die Betriebswirtschaftslehre geeignet sei. ",151,"[126, 573, 877, 626]",1146,2.0164158596266112e+18,
2016415859626611108,W109684747,text,"Der Einbruch des naturwissenschaftlichen Denkens ist an und für sich sehr verständlich. Die aus den Naturwissenschaften kommenden Forscher sehen nur die ursächlich bestimmte Seite des stofflichen Gutes und vergessen darüber die gliedhaft-teleologische desselben, das durch die Hinwendung zu einem Ziel durch die Widmung zur Befriedigung eines Bedürfnisses längst nicht mehr eine technische ist, sondern eine wirtschaftliche Wesenheit geworden ist. Sie verwechseln nur zu oft die Betriebstechnik mit der Betriebswirtschaft und sehen darüber hinaus nur gigantische Industriebetriebe. Ihr Denken beginnt erst bei der Massenfabrikation, bei riesigen Maschinenhallen und nimmt nicht zur Kenntnis, daB Unternehmungen dieser GröBe, obwohl sie unserer Zeit zweifellos das Gepräge geben, doch nur, und zwar auch in den hochindustrialisierten Volkswirtschaften, in der Minderheit sind. ",151,"[126, 641, 879, 861]",1147,2.0164158596266112e+18,
2016415859626611109,W109684747,text,Die Betriebswirtschaftslehre darf aber keine Speziallehre für die Produktionsabteilungen einiger weniger Industriebetriebe sein. ,151,"[128, 872, 875, 907]",1148,2.0164158596266112e+18,
2016415859626611112,W109684747,text,"Es wurde bereits darauf hingewiesen, da Wirtschaft und Technik in der geschichtlichen Wirklichkeit aufs engste miteinander verknüpft sind und man sie sich daher nur schwer voneinander getrennt vorstellen kann. Das ändert aber nichts daran, daB die Wirtschaft anderen Gesetzen als jenen der Technik folgt. Die Umgliederung der Leistungen vollzieht sich nicht nach kausalen, sondern nach sinnvollen Gesetzen. Die betrieblichen Tatbestände sind nur zum Teil technologisch, naturgesetzlich bedingt, die Regelungsvorgänge im Betrieb vollziehen sich nicht nach den gleichen Formalprinzipien, nach denen die organischen und technischen ProzeBabläufe gesteuert werden. Die Betriebswirtschaftslehre ist eine Geisteswissenschaft, und man verkennt das Wesen der Geisteswissenschaft, wenn man sich bemüht, den Geist vollkommen mathematischer Behandlung zu unterwerfen. ",152,"[126, 124, 871, 342]",1151,2.0164158596266112e+18,
2016415859626611113,W109684747,text,"In den Geisteswissenschaften wird die geschichtlich-gesellschaftliche Wirklichkeit erfaBt, und die ständigen Hinweise auf die Erfolge der Naturwissenschaften sind vollkommen unangebracht. Zweifellos haben Newton, Tycho de Brahe und Kepler wichtigste Entdeckungen in der Bewegung der Himmelskörper gemacht, aber was hat das alles mit der Betriebswirtschaftslehre zu tun? Es gibt keine Aquivalenz ökonomischer und physikalischer Fragestellungen. Ganz abgesehen davon, da selbst in der Physik das eherne Gesetz der Kausalität nicht mehr ganz stimmt und daB es nach der Heisenbergschen Theorie der Unsicherheitsrelation selbst im physikalischen Geschehen einen Spielraum für die Freiheit gibt. In der Wirtschaft gibt es aber keine Kausalität im naturwissenschaftlichen Sinne. ",152,"[126, 354, 873, 554]",1152,2.0164158596266112e+18,
2016415859626611114,W109684747,text,"Freilich besteht die Gefahr, daB bei einer geisteswissenschaftlichen Betrachtung, in der nicht nur vom ,Erklären"", sondern auch vom ,,Verstehen"" gesprochen wird, mehr herumgeredet wird als bei exakten Verfahren, wirklichkeitsfremde Spekulationen angestellt werden und vieles im Nebulosen verschwimmt. Trotzdem behaupten wir, daB es sich die Vertreter der geisteswissenschaftlichen Richtung oft nicht so leicht machen wie die Verfechter der naturwissenschaftlichen Auffassung. Das beweist jederzeit die Untersuchung aufgestellter Modelle in der betriebswirtschaftlichen Operationsforschung, die gar nicht selten unter sehr groBzügigen Annahmen konstruiert wurden. ",152,"[124, 565, 873, 729]",1153,2.0164158596266112e+18,
2016415859626611115,W109684747,text,"Waffenschmidt behauptet zwar, dab die ästhetisierenden Philosophen alle auch nur mechanisierbare Denkarbeit verachten, aber wir glauben eher, daB sich diese Philosophen nur gegen die Mechanisierung jener Leistungen wenden, die ihrer Meinung nach nicht mechanisiert werden können. Waffenschmidts sicherer mechanisierbarer Hafen scheint im übrigen oft gar nicht so sicher zu sein wie die ungewisse Metaphysik, in die seiner Meinung nach die Mathematiker nicht ,mit vollen Segeln"" hineinfahren sollten (20). AuBerdem übersieht Waffenschmidt, daB der von ihm sehr geschätzte Gutenberg davon spricht, da man sich die ,,Verwurzelung alles Ökonomischen in meta-ökonomischen Phänomenen vor Augen halten (müsse), wenn man die Betriebswirtschaftslehre und ihr wissenschaftliches Objekt recht in den Blick bekommen will"" (21). ",152,"[124, 739, 873, 905]",1154,2.0164158596266112e+18,
2016415859626611118,W109684747,text,,153,"[126, 124, 873, 159]",1157,2.0164158596266112e+18,
2016415859626611119,W109684747,text,"Wir glauben nicht so recht an den hohen Wert der naturwissenschaftlichen Methode in der Betriebswirtschaftslehre, und zwar deshalb nicht, weil eine Methode, die dem Inhalt nicht adäquat ist, nicht zu richtigen Ergebnissen führen kann. Man kann wohl zustimmen, daB sie für gewisse Detailbetrachtungen in bestimmten Leistungsbereichen, beispielsweise über die Bewegungen des Halbfabrikatelagers einer Unternehmung, wertvoll ist, aber für Entscheidungen auf unternehmerischer Ebene in vielen anderen Leistungsbereichen ist sie wenig brauchbar. Es ist auch zu bezweifeln, daB sich, wie Morse behauptet, die geisteswissenschaftlichen Gebiete, in denen die Methode der physikalischen Wissenschaften angewendet werden kann, allmählich erweitern werden, bis schlieBlich die meisten Disziplinen der Sozialwissenschaft mittels naturwissenschaftlicher Verfahren werden erforscht werden können. Selbst Waffenschmidt sagt, da jene Wirtschaftslehre, die gesellschaftliche und geisteswissenschaftliche Gegenstände nach naturwissenschaftlichen Methoden behandelt, ein Denkgebilde ist, ,,dessen Logik andersartig ist als das wirkliche Leben"" (22). ",153,"[126, 178, 873, 452]",1158,2.0164158596266112e+18,
2016415859626611120,W109684747,text,",Nur für den, der allein die Naturwissenschaft gelten läBt, ist die naturwissenschaftliche Lösung die endgültige. Für ihn gibt es dann allerdings keinen Unterschied zwischen den Menschen und einer hinlänglich entwickelten Maschine; für ihn gibt es allein Maschinen, die gesamte Schöpfung ist eine, und er selbst macht keine Ausnahme. Aber eine solche Auffassung beruht auf einem fundamentalen Irrtum, auf einer unerlaubten Extrapolation naturwissenschaftlicher Erkenntnisse. Die Physik ist nämlich um einen Preis gekauft, den man nicht übersehen darf: um den Preis der Ausschaltung des Einzelfalls, des Persönlichen"" (Zemanek) (23). ",153,"[126, 470, 875, 633]",1159,2.0164158596266112e+18,
2016415859626611121,W109684747,text,"Es ist kein Zufall, daB, wie Lamann (24) feststellt, die Lehre von der Produktionsfunktion keine beherrschende Auswirkung gefunden hat. Das richtige Verfahren leitet sich aus dem richtigen Begriff des Gegenstandes ab. Dieser ist u. E. jener der Leistung, und daher kann u. E. nur die geisteswissenschaftliche Methode als adäquat bezeichnet werden. Es ist keineswegs so, daB die Methode nichts mit dem Erkenntnisobjekt zu tun habe, vollkommen von diesem unabhängig sei; vielmehr bestimmt, wie erwähnt, das Erkenntnisziel das Verfahren, oder, um mit Gutenberg zu sprechen (25), es ,gilt allgemein der Satz, daB die Methode, die ein Forscher anwendet, der Art des Untersuchungsgegenstandes angemessen sein muB"". ",153,"[126, 651, 877, 835]",1160,2.0164158596266112e+18,
2016415859626611122,W109684747,text,"Wissenschaftliche Toleranz erfordert es jedoch, an dieser Stelle ausdrücklich zu wiederholen, dab es in der Wirtschaftstheorie verschiedene Standpunkte und daher auch unterschiedliche Schlüsse gibt. ",153,"[126, 852, 875, 905]",1161,2.0164158596266112e+18,
2016415859626611125,W109684747,text,"Es nützt auch nicht viel, wenn man, wie es Lehmann verlangt, in ,beide Wegrichtungen"" geht, d. h. ,,eine systematische Kombination von mechanischer und organischer Betrachtungsweise"" (26) der Wirtschaft berücksichtigt. Denn die beiden Wege treffen einander nicht, und daher wird bezweifelt, daB der aus verschiedenen Richtungen kommende Denkproze® zu den gleichen Ergebnissen gelangen muB. ",154,"[126, 125, 864, 232]",1164,2.0164158596266112e+18,
2016415859626611126,W109684747,text,"Es gibt keine Wirtschaftsphysik, und daher führen auch Analogieschlüsse aus der Physik und technischen Mechanik nur in eine Sackgasse. Schlüsse dieser Art versagen selbst im biologischen Bereich. Man kann wohl von einem Gescho und einem Vogel in der Luft sagen (Waffenschmidt), daB beide in der Luft fliegen, aber der Vogel kann von sich aus etwas tun, was eine Kugel, wenn sie einmal abgeschossen ist, von sich aus nicht mehr kann; nämlich er kann langsamer oder schneller werden, kann nach rechts oder links fiegen, kann sich fallen lassen oder höher steigen. ",154,"[124, 247, 869, 392]",1165,2.0164158596266112e+18,
2016415859626611127,W109684747,text,"Bei der Diskussion dieser Problematik erkennt man sehr bald, daB die Betriebswirtschaft, ja die gesamten Wirtschaftswissenschaften gar nicht die richtige Stelle für wissenschaftliche Streitschriften sind. Die Kontroverse zwischen den Anhängern und den Gegnern mathematischer Methoden in der Betriebswirtschaftslehre muB auf einer höheren Ebene als jener der Wirtschaftswissenschaft, nämlich auf der der Philosophie ausgetragen werden (Mattesich). Allerdings bekommen wir auch von dort keine Lösungen. Der Streit zwischen traditioneller und neuer ,,wissenschaftlicher Philosophie"" geht weiter. Die letzte, die ,wissenschaftlich"" sagt und wieder ,naturwissenschaftlich"" meint, bestreitet, daB es eine Trennungslinie zwischen Geistes- und Naturwissenschaften gibt, und damit bleibt alles beim alten. Für den Neopositivismus gibt es nur eine Wissenschaft und daher auch nur eine Methode. ",154,"[124, 406, 871, 625]",1166,2.0164158596266112e+18,
2016415859626611128,W109684747,text,"Auch der Versuch von Beck, das teleologische Element durch eine ,psychische Kausalität"" zu ersetzen, kann nicht befriedigen. Beck (27) unterscheidet zwischen einer mechanistischen Kausalität, die im anorganischen Bereich gegeben ist, und einer psychischen, wobei diese dann vorliegt, wenn zur Vermeidung von Störungen im Betrieb zielstrebige Handlungen, also MaBnahmen, getroffen werden. Bei dieser Auslegung geht die psychische Kausalität ganz in die Teleologie über, und an einer Stelle heiBt es dann auch, ,,die psychische Kausalität, die den Willen handeln läBt, schliet die Teleologie mit ein, denn alles Wollen ist zielstrebig"". Becks Kausalforschung könnte zutreffender mit ,,Verlustquellenforschung"" umschrieben werden, die wohl auch Ursachen auffinden will, dabei aber nicht von der Annahme ausgeht, dab zwischen diesen Ursachen und den Wirkungen naturwissenschaftliche Kausalverknüpfungen bestehen. ",154,"[124, 639, 873, 859]",1167,2.0164158596266112e+18,
2016415859626611129,W109684747,text,"Die Einbeziehung der Psyche in die betriebswirtschaftliche Problematik darf im übrigen nicht so weit gehen, daB sich die Betriebswirtschafter mit der Psychologie zu beschäftigen beginnen. Fragen psychologischer (und auch physiologischer) Natur gehören genausowenig in die Betriebswirtschaftslehre wie technologische Anliegen. Die Bedürfnisse sind dem Wirtschafter vorgegeben, die Wirtschaft beginnt erst später. Nur insoweit der Wirtschafter die Bedürfnisse durch werbliche MaBnahmen beeinflussen will, wird er sich der Erkenntnisse der Psychologie bedienen, nicht aber selbst Psychologie betreiben. ",154,"[122, 869, 871, 905]",1168,2.0164158596266112e+18,
2016415859626611132,W109684747,text,,155,"[126, 124, 875, 232]",1171,2.0164158596266112e+18,
2016415859626611133,W109684747,text,"Die betriebswirtschaftliche Operationsforschung, welche die Grenze zwischen Ziel und Mittel bzw. zwischen Bedürfnis und Mittel nicht kennt, wendet sich auch der Behandlung psychologischer Fragen zu, verläBt damit aber bereits den wirtschaftlichen Boden. ",155,"[126, 244, 877, 315]",1172,2.0164158596266112e+18,
2016415859626611134,W109684747,title,3. Die Rolle der Mathematik in der Betriebswirtschaftslehre ,155,"[199, 344, 802, 363]",1173,,1.0
2016415859626611135,W109684747,text,"Eine andere, nicht unmittelbar mit der naturwissenschaftlichen Methode zusammenhängende Frage ist jene nach der ZweckmäBigkeit und Brauchbarkeit mathematischer Verfahren in der Betriebswirtschaftslehre. Es ist hier nicht die Stelle, sich ausführlich mit diesen Problemen auseinanderzusetzen. Dazu liest man vorteilhafterweise die zahlreichen kampffreudigen Streitschriften für oder wider die Anwendung der Mathematik in der Betriebswirtschaftslehre; etwa die in letzter Zeit erfolgte Auseinandersetzung zwischen Ischboldin und Mattesich, aber auch die Stellungnahmen von Waffenschmidt, Löffelholz, Böhm und zahlreichen anderen Autoren. Hier geht es nicht um die ausführliche Analyse der Frage, ob die mathematische Theorie eine Höherentwicklung der Wirtschaftswissenschaft oder lediglich eine Modeerscheinung ist, sondern in unserem Zusammenhang ist es nur notwendig, eine prinzipielle Stellung zu diesem Methodenstreit zu nehmen. ",155,"[126, 373, 877, 609]",1174,2.0164158596266112e+18,
2016415859626611136,W109684747,text,"Die Mathematik ist keine Naturwissenschaft, und daher bleibt sie gewissermaBen von der Problematik und vom Streit ,Geisteswissenschaft oder Naturwissenschaft"" unberührt. Sie ist nur ein formales Werkzeug, und zwar sowohl für die Naturwissenschaftler als auch für die Geisteswissenschaftler. Grundsätzlich sind auch die physikalischen Erscheinungen, beispielsweise die Wärme oder die Farbe, nicht a priori eine Angelegenheit der Mathematik, sondern eben der Physik; aber erst über das mathematische Modell kommt man zu naturwissenschaftlich verwendbaren Begriffen. Ahnliches wird von den Vertretern der mathematischen Richtung der Betriebswirtschaftslehre für betriebswirtschaftliche Probleme angenommen. Auch die betriebswirtschaftlichen Erscheinungen seien prinzipiell eine Angelegenheit der Substanzwissenschaft, also hier der Betriebswirtschaftslehre, aber erst mittels der mathematischen Modelle würden sie zu betriebswirtschaftswissenschaftlich verwendbaren Begriffen. ",155,"[126, 620, 877, 859]",1175,2.0164158596266112e+18,
2016415859626611137,W109684747,text,"Nun ist die Mathematik zweifellos als Formalwissenschaft keine Naturwissenschaft; aber weil die Logik, aus der sich die Mathematik entwickeln läBt, eine reine Formallogik, eine symbolische Logistik ist, die Logik der Betriebswirtschaftslehre hingegen eine auch den Inhalt berücksichtigende, ontologische Logik, sei der SchluB gezogen, daB die Mathematik nur in beschränktem MaBe für die Behandlung betriebswirtschaftlicher Fragen geeignet sein kann. (Nach der neueren Auffassung ist die Mathematik überhaupt eine Relationslehre, eine Theorie logischer Leerformen, die sich nicht um den Inhalt kümmert.) Selbstverständlich ist - wenn von der Rolle der Mathematik in der Betriebswirtschaftslehre die Rede ist - nicht die Anwendung der Elementarmathematik gemeint, diese benötigt der Betriebswirtschafter natürlich auf Schritt und Tritt. Jede Kontensaldierung ist eine mathematische Operation und jede Kalkulation ebenfalls ein mathematischer Vorgang. Man muB noch einen Schritt weitergehen; manche der über die vier Grundrechnungsarten hinausgehenden mathematischen Verfahren, wie z. B. die Matrizenrechnung, sind für die Betriebswirtschaftslehre (allerdings nur bei den in Frage kommenden Leistungen) bedeutungsvoll. Aber um ,diese"" Mathematik geht es ja gar nicht; vielmehr geht es um die Anwendung mathematischer Funktionen bei Leistungszusammenhängen, die nicht mehr funktional im mathematischen Sinne sind. Man darf das mathematische Kind nicht mit dem wirtschaftlichen Bade ausschütten (Waffenschmidt). ",155,"[124, 871, 877, 905]",1176,2.0164158596266112e+18,
2016415859626611140,W109684747,text,,156,"[124, 124, 866, 470]",1179,2.0164158596266112e+18,
2016415859626611141,W109684747,text,"Die Mathematik ist zwar nicht nur eine Wissenschaft von den Quantitäten und vom höheren Rechnen, sondern sie beschäftigt sich auch mit Ordnungen, Schaltungen, allgemeinen Aussagen, Spielen, Regelungsvorgängen, Abhängigkeitsrelationen, ist eine Wissenschaft von den Strukturen (28), aber trotzdem wird die Behauptung aus dem angeführten Grunde aufrechterhalten. ",156,"[126, 484, 873, 574]",1180,2.0164158596266112e+18,
2016415859626611142,W109684747,text,"Die Mathematiker sind überzeugt davon, da sich die betriebswirtschaftlichen Zusammenhänge nur mathematisch erfassen lassen und daB deshalb das weitere Eindringen der Mathematik in die betriebswirtschaftliche Forschung unausbleiblich sei; sie meinen, dab es nur eine Frage der Zeit sei, bis man die geeigneten mathematischen Verfahren gefunden habe, um alle betriebswirtschaftlichen Aufgaben mathematisch zu lösen. Die Betriebswirtschaftslehre steht ihrer Meinung nach in ihrer vormathematischen Periode, durch die alle Wissenschaften, auch die Naturwissenschaften, hindurchgehen müssen. Selbst die Physik habe diese Entwicklung mitgemacht, aber inzwischen natürlich längst überwunden. Nach Morgenstern und von Neumann (29) sind die Wirtschaftswissenschaften hierbei gegenüber den Naturwissenschaften, beispielsweise gegenüber der Wärmetheorie, in der glücklichen Lage, daB die Möglichkeiten der quantitativen Messung jetzt für die Wirtschaftswissenschaften unvergleichlich günstiger sind, als es seinerzeit für die Wärmetheorie der Fall war. Die Mathematiker gehen davon aus, daB betriebswirtschaftliche Sachverhalte eine mathematisch mebare Struktur haben. Dem ist entgegenzuhalten, daB das in verschiedenen Leistungsbereichen, insbesondere in der Produktion, zweifellos der Fall ist, daB aber andererseits der mathematische Apparat nicht ausreicht, die Totalität des Betriebes zu erfassen. Der Betrieb ist mehr als nur ein Komplex von Quantitä- ten; der Gegenbeweis ist noch ausgeblieben. Gelingt er, dann allerdings wird nicht mehr zu diskutieren sein. Nur mub verlangt werden, da das Vorhandensein mathematisch erfaBbarer Strukturen nicht wieder an einem Fabrikationsbeispiel bewiesen wird, sondern an einem Beispiel, das den Gesamtbetrieb bzw. die Gesamtunternehmung umfat. ",156,"[124, 591, 873, 904]",1181,2.0164158596266112e+18,
2016415859626611145,W109684747,text,,157,"[128, 124, 875, 251]",1184,2.0164158596266112e+18,
2016415859626611146,W109684747,text,"Im Hinblick auf die Frage ,Kalkül- oder Verbalform?"" ist man daher geneigt, zu sagen, daB das Betriebsgeschehen oftmals genauso unexakt ist wie die Syntax der menschlichen Umgangssprache. Es gibt in beiden Fällen zu viele Ausnahmen. Die verbale Sprachform ist daher, wenn es gilt, das Wesen des ganzen Betriebs zu erfassen, der Betriebswirtschaftslehre adäquater als die mathematische Kalkülform. Was logisch nicht exakt ist, kann auch nicht mit Hilfe der Mathematik behandelt werden. ",157,"[126, 266, 875, 392]",1185,2.0164158596266112e+18,
2016415859626611147,W109684747,text,"Der Auffassung einer weitgehenden Mathematisierung der betriebswirtschaftlichen Forschung stehen die Meinungen verschiedener Betriebswirtschafter gegenüber. Nicht etwa, weil sie die Mathematik als Ausdrucksmittel ,nicht beherrschen und sich deshalb durch seinen Gebrauch gehemmt und verärgert fühlen"" (30), nicht weil sie die mathematische Theorie als einen Haufen von arroganten und nutzlosen Symbolen betrachten (Keynes), nicht weil sie einen Minderwertigkeitskomplex gegenüber den Mathematikern haben, sondern aus wissenschaftlichen Gründen. Die Skepsis gegenüber mathematischen Methoden in der Betriebswirtschaftslehre (nicht - und das sei zur Sicherheit immer wieder gesagt - in den Bereichen der Produktion, des Transportes und in der Lagerhaltung) ist kein Vorurteil mancher Betriebswirtschafter, die infolge unzureichender mathematischer Ausbildung dazu neigen, sich ein Urteil über etwas zu bilden, worüber ihnen fundierte Kenntnisse fehlen (Mattesich), sondern entspricht echtem wissenschaftlichem Bemühen. So etwa Walther (,können wir in der Betriebswirtschaftslehre ... nicht mit den exakten Methoden der Mathematik unseren Problemen auf den Leib rücken"") (31), Mellerowicz (,Die mathematische Methode ist daher nicht geeignet, selbständige Erkenntnisse zu gewinnen, da sie ja nur schon vorhandene Erkenntnisse - nämlich die Prämissen der Gleichungen — den formalen Gesetzen der Mathematik unterwirft"") (32), Löffelholz (Die Mathematik bringt Erläuterungsurteile, die aber nicht mehr das Wissen mehren), Kuhnke (,Selbst die Anwendung mathematisch-statistischer Methoden in der Wirtschaftswissenschaft darf nicht darüber hinwegtäuschen, daB wir es im Leben eines Unternehmens ... überhaupt nicht allein mit objektiv-mechanischen, sondern zumindest ebenso mit nicht quantifizierbaren Abläufen aus dem Bereich des Irrationalen, Geistigen und Moralischen zu tun haben"") (33); ja auch bei Gutenberg lesen wir: $, \sin$ sich schlieBe ich die Möglichkeit, auch auf betriebswirtschaftlichem Gebiete mathematische Verfahren in der Art anzuwenden, wie sie in der technischen Betriebswissenschaft üblich sind, nicht grundsätzlich aus"" (34). ",157,"[124, 405, 875, 907]",1186,2.0164158596266112e+18,
2016415859626611150,W109684747,text,,158,"[124, 124, 864, 159]",1189,2.0164158596266112e+18,
2016415859626611151,W109684747,text,"Inwieweit die Mathematik als Denkschulung geeignet ist, sei hier ebensowenig diskutiert wie die Frage danach, inwieweit die mathematische Bildung mit wirtschaftlicher Unbildung erkauft ist, mit welchem Grad der Wirklichkeitsnähe sie ihren intellektuellen Bildungswert bezahlen muB. Es ist nicht zu leugnen, daB ,das Niveau und die logische Strenge der wirtschaftswissenschaftlichen Literatur seit der ,Mathematisierung' beträchtlich zugenommen hat"" (35), aber es ist hauptsächlich das mathematische Niveau und die mathematische Logik, auf welche diese Behauptung zutrifft, und weniger das betriebswirtschaftliche Niveau. ",158,"[126, 170, 871, 332]",1190,2.0164158596266112e+18,
2016415859626611154,W109684747,title,XIII. Die Entscheidungsanalyse ,159,"[284, 185, 715, 211]",1193,,1.0
2016415859626611155,W109684747,text,"Wenn die betriebswirtschaftliche Operationsforschung ihre Aufgabe darin sieht, quantitative Unterlagen für bestimmte Entscheidungen zur Verfügung zu stellen, dann ist es auch angezeigt, sich mit den Entscheidungen selbst auseinanderzusetzen. Die Analyse der Entscheidungen nimmt in der Literatur der angelsächsischen Operationsforschung eine wichtige Stellung ein und hat sogar, allerdings in Uberschätzung der quantitativen Entscheidungselemente, dazu geführt, daβ die Operationsforschung als Entscheidungswissenschaft definiert wurde (1). Welche Bedeutung der Entscheidungstheorie aber auch in der Betriebswirtschaftslehre beigemessen wird, kann man den Ausführungen Angermanns entnehmen, der darauf hinweist, daB auf Grund der neuen Erkenntnisse der Führungsvorgänge im Betrieb die betriebliche Entscheidungs- und Organisationslehre, als Teildisziplin der betrieblichen Führungslehre, eine völlige Umstrukturierung erfahren werde (2). Ja selbst in der Kostentheorie macht sich die Entscheidungstheorie bemerkbar, und zwar dadurch, daB neben den fixen und variablen Kosten auch noch beeinfluBbare und nichtbeeinfluBbare unterschieden werden. In der deutschsprachigen Literatur ist das Thema der Entscheidungstheorie hauptsächlich unter den Titeln Organisationslehre, Management und Betriebsführung zu finden. Wenige Schriften weisen schon im Titel auf die Entscheidungen hin, wie es bei Benders ,Die Führungsentscheidung im Betrieb"" der Fall ist. Von unserem Standpunkt aus deckt sich die Entscheidungswissenschaft weitgehend mit dem Begriff der Betriebswirtschaftspolitik. ",159,"[124, 224, 875, 630]",1194,2.0164158596266112e+18,
2016415859626611156,W109684747,text,"Nach einer Auffassung von Mertz (3) stehen Entscheidungen am Ende einer Kette von Triebfedern, Wünschen und Gedanken. Die Triebe und Gefühle (1. Stufe) werden, wenn sie nicht sofort befriedigt werden, Spannungen auslösen und zu Wünschen und Begehren führen (2. Stufe). Die Spannungen mobilisieren den Denkapparat (3. Stufe), der die Folgerungen von Handlungen untersucht und sich dann für die Annahme oder Ablehnung entschlieBt (4. Stufe). Das nachfolgende Handeln (5. Stufe) und die Kontrolle der eingetretenen Folgen (6. Stufe) gehören nicht mehr zum Problem der Entscheidung. ",159,"[126, 639, 877, 787]",1195,2.0164158596266112e+18,
2016415859626611157,W109684747,text,1. Triebfedern Triebe Gefühle ,159,"[247, 797, 386, 855]",1196,2.0164158596266112e+18,
2016415859626611159,W109684747,text,"2. Spannungen, die zu Wünschen und Begehren führen   
3. Denkvorgang - MotivationsprozeB   
4. Entscheidung   
5. Handlung   
6. Kontrolle ",160,"[241, 124, 758, 214]",1198,2.0164158596266112e+18,
2016415859626611160,W109684747,text,"Die betriebswirtschaftliche Operationsforschung ist gewissermaBen der 3. Stufe zuzuordnen; sie ist ein Teil des Denkprozesses, der in dem die Entscheidung Fällenden vor sich geht. ",160,"[124, 228, 866, 282]",1199,2.0164158596266112e+18,
2016415859626611161,W109684747,text,"Es ist hier nicht notwendig, zu prüfen, ob die beiden ersten Stufen der Triebe und Wünsche etwa mit dem ,,Bedürfnis zu wirtschaften"" (Bouffier) gleichgesetzt oder als Erwerbsstreben o.ä. bezeichnet werden könnten, sondern es wird lediglich zur Kenntnis genommen, daB gewirtschaftet wird, daB für bestimmte Konsumentenbedürfnisse vom Betrieb Mittel eingesetzt werden. Unser Interesse beginnt erst bei diesem Punkt, bei der Aufgabe des Betriebes, Mittel für Ziele einzusetzen, Leistungen zu erstellen. ",160,"[124, 295, 869, 421]",1200,2.0164158596266112e+18,
2016415859626611162,W109684747,text,"Bei dem Mitteleinsatz, der Leistungserstellung entstehen die Entscheidungsprobleme; denn für ein bestimmtes Bedürfnis können die verschiedensten Mittel in den unterschiedlichsten GröBenverhältnissen eingesetzt werden. ",160,"[126, 438, 871, 492]",1201,2.0164158596266112e+18,
2016415859626611163,W109684747,text,"Die Unternehmungsleitung sieht sich vor das Problem gestellt, aus einer Reihe von Alternativen die optimale auszuwählen, d. h. sich für eine solche zu entscheiden. Sie muB die Mittel analysieren, d. h. abwägen, muB die Risiken abschätzen, und indem sie dann die geeignetsten Mittel der Bedürfnisbefriedigung widmet, hat sie sich entschlossen. Die Entscheidungen sind bewuBt vorgenommene Wahlakte, alles Bemühen läuft darauf hinaus, die Wirtschaft vollkommen zu gestalten. Wegen der über das Wirtschaftliche hinausgehenden Problematik lehnen es manche Betriebswirte, so z. B. Schäfer, ab, sich mit Entscheidungen überhaupt auseinanderzusetzen. Das sei keine Angelegenheit der Betriebswirtschaft mehr, sondern eine Sache der Psychologie und sollte daher auch den Psychologen überlassen bleiben. ",160,"[126, 509, 875, 709]",1202,2.0164158596266112e+18,
2016415859626611164,W109684747,text,Nach Frenckner (4) teilt sich der Entscheidungsvorgang je nach dem Stand der betriebswirtschaftlichen Forschung in verschieden zahlreiche Etappen auf. Bei der höchstentwickelten Stufe gibt es 6 Entscheidungsphasen: ,160,"[126, 726, 875, 781]",1203,2.0164158596266112e+18,
2016415859626611165,W109684747,text,"1. Präzisierung der Etappenziele   
2. Aufstellen der MaBeinheit für die Messung des Zweckerfüllungsgrades   
3. Analyse der mebaren Variablen   
4. Analyse der Imponderabilien   
5. Koordination oder Ausgleich verschiedener Zweckerfüllungen   
6. Intuition ",160,"[126, 794, 823, 904]",1204,2.0164158596266112e+18,
2016415859626611168,W109684747,text,"Es ist das groBe Verdienst der betriebswirtschaftlichen Operationsforschung, die 2. und 3. Phase, die bisher etwas vernachlässigt worden waren, wissenschaftlich intensiver behandelt zu haben. ",161,"[126, 124, 873, 178]",1207,2.0164158596266112e+18,
2016415859626611169,W109684747,text,"Die angelsächsischen Autoren bemühen sich sehr, brauchbare MaBstäbe für die Messung des Zweckerfüllungsgrades (measure of effectiveness) zu finden. Sie gehen von den jeweils bestehenden Zielen (objectives) aus, bestimmen die möglichen Handlungsalternativen (courses of action) und fassen diese wie jene in einer Entscheidungsmatrix etwa wie folgt zusammen: ",161,"[126, 185, 875, 277]",1208,2.0164158596266112e+18,
2016415859626611171,W109684747,text,"Die Schwierigkeit besteht nun darin, die Ziele quantitativ zu fixieren. Selbst wenn es beispielsweise gelang, die Effektivität zweier MaBnahmen irgendwie zu berechnen (Effektivität der MaBnahme $\mathbb { M } _ { 1 }$ beim Ziel $z _ { 1 } = 6$ ,beim Ziel $\mathbf { Z _ { 2 } }$ $\ c = \ 3$ , der MaBnahme $\mathbf { M _ { 2 } }$ beim Ziel $\mathbf { Z _ { 1 } } \ = \ \mathbf { 2 }$ ,beim Ziel $z _ { \mathbf { 2 } } ~ = ~ 5 )$ , so wei man immer noch nicht, für welche Operation man sich entscheiden soll, wenn man die relative Wichtigkeit der Ziele nicht kennt. Erst wenn diese bekannt ist (Annahme: Die relative Wichtigkeit des Zieles $\mathbf { Z _ { 1 } } = \mathbf { 2 }$ , jene des Zieles $\mathrm { Z _ { 2 } } = 6 \mathrm { ) }$ , können die Effektivitäten gewichtet und die optimale Aktion bestimmt werden. Die Matrix würde dann folgendes Aussehen haben: ",161,"[126, 434, 879, 600]",1210,2.0164158596266112e+18,
2016415859626611173,W109684747,text,"Erst die Totalzahlen sollten die Grundlage für Entscheidungen sein, d. h. im vorliegenden Falle müBte man sich für die Manahme $\mathbf { M _ { 2 } }$ entschlieBen (5). Während die Berechnung der bestmöglichen MaBnahme verhältnismäBig leicht ist, bereitet die Bestimmung der Zielwichtigkeit groBe Schwierigkeiten, besonders in jenen Fällen, in denen das Ziel unquantifizierbar ist. ",161,"[124, 730, 879, 823]",1212,2.0164158596266112e+18,
2016415859626611174,W109684747,text,"In ausführlicher Weise hat sich Bender mit dem Entscheidungsvorgang in seinem Buch ,Die Führungsentscheidung im Betrieb"" (6) beschäftigt. Er geht von den Entscheidungsanlässen aus, weist auf die Notwendigkeit hin, den Sachverhalt, der eine Entscheidung erheischt, präzise zu formulieren, und bemerkt, da für die Bemessung der Wertigkeit von Entscheidungen grundsätzlich zwischen ökonomischen und nichtökonomisch-ethischen MaBstäben zu unterscheiden sei. Wer für eine Entscheidung zuständig ist, bestimmt sich aus dem Aufgabenbereich und innerhalb dieses Bereiches aus der Instanzenstellung des Betreffenden. In manchen Fällen müssen Vorentscheidungen gefällt werden, und immer wird es notwendig sein, den Entscheidungsgegenstand nach Funktionen zu analysieren. Über die Teilurteile als Entscheidungsgrundlagen und die Zusammenstellung ökonomischer Varianten kommt Bender zum ökonomischen und nichtökonomischen Gesamturteil und schlieBt mit der Entscheidung die Betrachtung über den Entscheidungsvorgang ab. ",161,"[124, 833, 875, 907]",1213,2.0164158596266112e+18,
2016415859626611178,W109684747,text,,162,"[124, 124, 866, 308]",1217,2.0164158596266112e+18,
2016415859626611179,W109684747,title,1. Die Arten der Entscheidungen ,162,"[330, 338, 659, 357]",1218,,1.0
2016415859626611180,W109684747,text,"Je nach der Stufenstellung in der Unternehmungshierarchie unterscheiden wir unternehmerische Entscheidungen, Entscheidungen der mittleren Führungsschicht, Entscheidungen auf der Meisterebene. ",162,"[122, 369, 864, 386]",1219,2.0164158596266112e+18,
2016415859626611181,W109684747,text,,162,"[243, 393, 692, 447]",1220,2.0164158596266112e+18,
2016415859626611182,W109684747,text,"Die unternehmerischen Entscheidungen haben die gröBten, d. h. zeitlich und sachlich weitreichendsten Folgen, sie wirken sich noch in den untersten Leistungsbereichen aus. Die Entscheidungen der mittleren Führungsschicht beeinflussen im allgemeinen nur das Geschehen jener Abteilungen, denen die jeweiligen Abteilungsleiter vorstehen. Die Entscheidungen auf der Meisterebene schlieblich haben die verhältnismäBig geringsten indirekten Wirkungen und betreffen nur jene Belange, für die der Meister zuständig ist. ",162,"[124, 465, 873, 593]",1221,2.0164158596266112e+18,
2016415859626611183,W109684747,text,Es ist also ein von oben nach unten abnehmender Wirkungsgrad der MaBnahmen festzustellen; die Entscheidungen eines Vorarbeiters werden für die Unternehmung geringfügigere Konsequenzen haben als die eines Generaldirektors. Verständlicherweise wird auch die Weisungsbefugnis von oben nach unten abnehmen. (Gutenbergs Gesetz der abnehmenden Weisungsbefugnis.) ,162,"[126, 603, 873, 694]",1222,2.0164158596266112e+18,
2016415859626611184,W109684747,text,"Nach der Auffassung verschiedener, insbesondere angelsächsischer Autoren gehen wir einer Entwicklung entgegen, an deren Ende die mittlere Führungsschicht der Unternehmung, das ""Middle Management"", aufgerieben sein wird. Ein Teil der Funktionen dieser Mittelschicht, nämlich die schöpferischen Arbeiten, werden vom ""Top Management"" übernommen werden, der andere Teil, nämlich jene Arbeiten, die sich programmieren lassen, wird von untergeordneteren Arbeitskräften bewältigt werden können. Der Grund für diese Entwicklung wird in dem Aufkommen einer neuen Technologie, die als Informationstechnologie (7) bezeichnet wird, gesehen. Mit der raschen Entwicklung der modernen Informationstechnik, der betriebswirtschaftlichen Operationsforschung, den elektronischen Rechenmaschinen wird ein Stadium erreicht, in dem es möglich sein wird, bisher vom Menschen geleistete Arbeiten zu programmieren und dann von der Maschine durchführen zu lassen. Ein groBer Teil des Middle Managements wird nach dieser Auffassung allmählich funktionslos. ",162,"[126, 704, 873, 907]",1223,2.0164158596266112e+18,
2016415859626611187,W109684747,text,,163,"[126, 124, 873, 178]",1226,2.0164158596266112e+18,
2016415859626611188,W109684747,text,"In der angelsächsischen Literatur wird zwischen Entscheidungen auf der ""executive level"" und ""police level"" unterschieden und dementsprechend auch von ""Executive-Type-Problems"", sofern es sich um Entscheidungen auf der Executive-Ebene handelt, gesprochen. Das Kennzeichen der ""Executive-Problems"" besteht in der Koordinierung der in den einzelnen Abteilungen einer Unternehmung bestehenden Separatziele zu einem Gesamtziel der Unternehmung. Im Gegensatz hierzu stehen die Managementprobleme der einzelnen Ressorts (functional units). Mit den Separatzielen sind Teiloptima verknüpft, d. h. daB z. B. die Einkaufsabteilung, Verkaufsabteilung, die Produktion, das Lager usw. ihre spezifischen Optima haben, die sich nicht immer decken, ja einander oft ausschlieBen. Man denke etwa an den Wunsch der Produktionsabteilung oder auch der Verkaufsabteilung, ein möglichst groBes Lager zu haben, und an die entgegengerichteten Bestrebungen der Lagerabteilung, das Lager möglichst klein zu halten. Es ist die Aufgabe des ""Executives"", hier auszugleichen und im Hinblick auf ein ""over all optimum"" zu entscheiden. Seine Entscheidungen werden Optimumentscheidungen genannt, jene der Ressortchefs Suboptimumentscheidungen. ",163,"[124, 195, 875, 507]",1227,2.0164158596266112e+18,
2016415859626611189,W109684747,text,"Eine andere Einteilung der Entscheidungen ist jene in Führungsentscheidungen und Nichtführungsentscheidungen. Illetschko sieht das Kriterium für Führungsentscheidungen in der Existenz von zielgerichteten ,,Wenn-Dann""-Situationen; nur wenn solche vorliegen, könne man von Führungsentscheidungen sprechen. Einfache Ja-Nein-Folgerungen können zwar sehr bedeutsam sein, werden jedoch niemals den Charakter von Führungsentscheidungen bekommen. Führungsentscheidungen liegen nur dann vor, ,wenn sie an Hand eines Gedankenmodells aus einer Information über eine Störung oder eine Anpassung ausgelöst"" werden (8). ",163,"[126, 523, 879, 687]",1228,2.0164158596266112e+18,
2016415859626611190,W109684747,text,"Für die betriebswirtschaftliche Operationsforschung ist diese Gliederung, d. h. die Einteilung in ",163,"[126, 701, 879, 738]",1229,2.0164158596266112e+18,
2016415859626611191,W109684747,text,"1. Entscheidungen über Probleme, die schöpferische Kräfte erfordern (unternehmerische bzw. Führungsentscheidungen höherer Art), 2. Entscheidungen über Probleme, die nur exekutive Fähigkeiten verlangen (administrative Entscheidungen oder Entscheidungen niedrigerer Art), ",163,"[124, 746, 879, 826]",1230,2.0164158596266112e+18,
2016415859626611192,W109684747,text,"von gröBter Bedeutung. Da schöpferische Leistungen nicht programmierbar sind, werden sie immer dem Menschen überlassen bleiben, und nur die zweite Gruppe, nämlich die Entscheidungen über Probleme, die nur exekutive Fähigkeiten verlangen, werden programmiert und der Maschine übertragen werden können. Irgendwo zwischen den beiden Gruppen verläuft die Grenze, die zu finden und zu bestimmen eine neue Aufgabe der Betriebswirtschaftslehre ist. ",163,"[126, 836, 877, 908]",1231,2.0164158596266112e+18,
2016415859626611195,W109684747,text,,164,"[130, 125, 873, 160]",1234,2.0164158596266112e+18,
2016415859626611196,W109684747,text,"Grundsätzlich sind Entscheidungen über Probleme, die schöpferische Kräfte erfordern, auf allen Stufen der Unternehmungshierarchie zu finden. Wegen des von oben nach unten abnehmenden Wirkungsgrades der gesetzten MaBnahmen werden sie aber auf der obersten Stufe verständlicherweise überwiegen. Nur in Betrieben mit einer mangelhaften Organisation, in denen infolge einer falschen Funktionenteilung und Arbeitsdelegierung repetitive Arbeiten von höheren Instanzen durchgeführt werden und unternehmerische Leistungen von untergeordneten Verrichtungsträgern erbracht werden müssen, wird sich das Verhältnis verschieben. ",164,"[126, 173, 873, 337]",1235,2.0164158596266112e+18,
2016415859626611197,W109684747,text,"Eine andere sehr wichtige Gruppierung der Entscheidungen ist jene nach den betriebswirtschaftlichen Leistungsbereichen, nämlich nach den Entscheidungen im Bereiche der organisierenden Leistungen, des Erfindens und Lehrens, des Kreditwesens, des Verkaufs, der Lagerhaltung, des Transports und der Erzeugung. Das Wertvolle an dieser Gruppierung ist der Umstand, daB mit der rangmäBigen Ordnung der einzelnen Funktionsbereiche gleichzeitig eine Rangordnung der entsprechenden Entscheidungsakte festgelegt wird. Die Entscheidungen sind nicht nur von unterschiedlicher Natur, sondern auch rangverschieden. Jene, die in vorgeordneten Leistungsbereichen gefällt werden, haben gegenüber den anderen den Vorrang. Man hat heute diese Rangverschiedenheit klar erkannt, und nirgends kommt das besser zum Ausdruck als in dem neugeprägten Wort ,Marketing"", welches besagt, daB jede betriebliche Entscheidung von den Marktgegebenheiten, d. h. den Kunden, abhängig gemacht werden mu, gleichgültig, ob es sich um die Gestaltung des Produktionsprogramms, der Materialverwaltung usw. handelt. Immer müssen sich die Entscheidungen in diesen nachgeordneten Leistungsbereichen nach den Entscheidungen im Bereich des Handels (Verkaufs) richten. ",164,"[126, 351, 873, 661]",1236,2.0164158596266112e+18,
2016415859626611198,W109684747,text,"Bei Sandig (9) finden wir die Unterteilung der Führungsentscheidungen in jene, die den Aufbau des Betriebes betreffen, er nennt sie Entscheidungen konstitutiver Art, und in jene, die das laufende Betreiben des bestehenden Betriebes angehen, die situationsbedingten Entscheidungen. Da die Operationsforschung grundsätzlich das Sich-Wiederholen von Tätigkeiten erfordert (repetitive action) und von den beiden angeführten Entscheidungstypen nur die situationsbedingten Entscheidungen einen repetitiven Charakter haben, kann gesagt werden, daB die Entscheidungen konstitutiver Art operationsanalytisch weniger leicht behandelt werden können als die situationsbedingten. ",164,"[124, 672, 875, 836]",1237,2.0164158596266112e+18,
2016415859626611199,W109684747,text,"Bender (10) gliedert nach drei Gesichtspunkten, a) nach dem Entscheidungsobjekt in hochwertige und geringfügige Entscheidungen, in Grundsatz- und Einzelentscheidungen u. a., b) nach dem Entscheidungssubjekt in Direktions- und ",164,"[124, 850, 873, 905]",1238,2.0164158596266112e+18,
2016415859626611202,W109684747,text,"Abteilungsentscheidungen, Chef- und Sachbearbeiterentscheidungen u. a., c) nach dem Entscheidungsvorgang in Zeit- und Sofortentscheidungen, Vor- und Hauptentscheidungen. ",165,"[126, 124, 869, 179]",1241,2.0164158596266112e+18,
2016415859626611203,W109684747,text,"Oberparleiter (11) schlieBlich unterscheidet zwischen Unternehmerleistungen, die nicht vertretbar, und Betriebsleistungen, die weitgehend vertretbar sind. ",165,"[124, 192, 871, 227]",1242,2.0164158596266112e+18,
2016415859626611204,W109684747,title,2. Die Leitmaximen der Betriebswirtschaftspolitik ,165,"[251, 261, 744, 280]",1243,,1.0
2016415859626611205,W109684747,text,"Unter Entscheidungsmaximen der Betriebswirtschaftspolitik verstehen wir jene Kriterien, die der entscheidenden Person als Richtlinien vorgegeben sind. Da sie den Entscheidungsverantwortlichen in seinen Überlegungen und bei seinen MaBnahmen gewissermaBen leiten, nennen wir sie auch Leitmaximen. Grundsätzlich teilen wir diese in drei Gruppen, nämlich in die Leitzahlen, die Leitsätze und die Leitbilder ein. Die Leitzahlen und Leitsätze sind rationaler Natur, die Leitbilder irrationale Maximen. ",165,"[124, 289, 875, 418]",1244,2.0164158596266112e+18,
2016415859626611207,W109684747,title,)Die Leitzahlen ,165,"[126, 625, 293, 641]",1246,,1.0
2016415859626611208,W109684747,text,"Die Leitzahlen oder, wie sie auch genannt werden können, die FührungsgröBen sind zwar auBerordentlich wichtige Stützen der Betriebswirtschaftspolitik, vermutlich sogar die wichtigsten, sie müssen aber noch durch Leitsätze und Leitbilder ergänzt werden. ",165,"[126, 655, 877, 727]",1247,2.0164158596266112e+18,
2016415859626611209,W109684747,text,"Bei vielen und insbesondere bei den unternehmerischen Entscheidungen kommt man mit quantitativen Entscheidungsmaximen allein nicht aus. Das ist einleuchtend, wenn man bedenkt, daB alle Entscheidungen sowohl durch rationale als auch durch irrationale Momente bestimmt werden. Die irrationalen, die gewissermaBen von tiefer unten kommen, entziehen sich aber der Quantifizierung und MeBbarkeit. Deshalb schlägt ja auch Wittmann (12), um die Brauchbarkeit der Entscheidungskriterien zu erhöhen, vor, bei ihnen ein ,,zusätzliches Element"" zu berücksichtigen, das die Abhängigkeit der Entscheidungen von der Geschäftslage, vom vorhandenen Vermögen, der Liquidität oder überhaupt den dahinterstehenden potentiellen Wirkungsfaktoren zeigt. Diese zusätzlichen Elemente sind mit den Leitsätzen und Leitbildern identisch. ",165,"[124, 742, 877, 908]",1248,2.0164158596266112e+18,
2016415859626611212,W109684747,text,,166,"[126, 124, 864, 159]",1251,2.0164158596266112e+18,
2016415859626611213,W109684747,text,"Immer mehr - sagt Ackoff (13) - kommt man zu der Erkenntnis, daB Entscheidungsmaximen bestehen, die sich von der Gewinnmaximierung wesentlich unterscheiden. ",166,"[126, 173, 869, 227]",1252,2.0164158596266112e+18,
2016415859626611214,W109684747,text,"Wie erwähnt, wird sich insbesondere der Unternehmer noch von anderem als nur von Zahlen leiten lassen müssen, er wird über die Preis- und Kostenrechnung hinausgehen und alle Umgliederungsfolgen einer Entscheidung bzw. MaBnahme analysieren müssen. Je höher die Entscheidungsstufe ist, desto bedeutsamer wird das irrationale Moment. Die obersten Unternehmerentscheidungen schlielich sind besonders stark irrational bestimmt und daher sogar aufs engste mit der Eingebung, in der das Irrationale beschlossen ist, verknüpft. ",166,"[126, 241, 871, 367]",1253,2.0164158596266112e+18,
2016415859626611215,W109684747,text,"Ganz deutlich mahnt Pocock (14), nicht zu übersehen, daB quantitative Messungen bzw. die sich aus ihnen ableitenden Schlüsse nicht die einzigen Entscheidungsfaktoren sind, und Wittmann stellt fest, daB die rein quantitativen Entscheidungsregeln den groBen Nachteil haben, dort versagen zu müssen, wo sie an Objekten angesetzt werden, die sie nicht fassen können. ,Und hierzu gehören gerade die wesentlichsten Unternehmerentscheidungen"" (15). Die Existenz von UngewiBheitstheorien beweist geradezu, daB die exakte Leitzahl zur Unternehmungsführung nicht genügt. ",166,"[126, 384, 873, 531]",1254,2.0164158596266112e+18,
2016415859626611216,W109684747,text,"Innerhalb der Leitzahlen steht die Maximierung des Gewinns wohl an erster Stelle unter den Entscheidungskriterien; doch ist festzuhalten, daB es auch hier noch andere Kriterien, wie beispielsweise die Maximierung der Einnahmen, Minimierung der Kosten, Maximierung der Lieferungen in einer bestimmten Zeit, Minimierung der Kosten bei gegebener Liefermenge usw., geben kann. ",166,"[126, 544, 875, 635]",1255,2.0164158596266112e+18,
2016415859626611217,W109684747,title,Die Leitsätze,166,"[126, 659, 278, 677]",1256,,1.0
2016415859626611218,W109684747,text,"Unter Leitsätzen verstehen wir nichtquantitative Entscheidungsgrundsätze in Verbalform. Es handelt sich einerseits um auBerwirtschaftliche Grundsätze, andererseits um wirtschaftliche Schlüsselbegriffe, die von der Theorie gefunden wurden; um innerwirtschaftliche GesetzmäBigkeiten, die sich aus den Sacherfordernissen der Wirtschaft ergeben. ",166,"[126, 691, 875, 781]",1257,2.0164158596266112e+18,
2016415859626611219,W109684747,text,"Wirtschaftsgesetze sind aber keine Gesetze naturwissenschaftlicher Art, sondern Sinngesetze, und zwar Normgesetze. Da sie rationale Grundsätze sind, werden das Wirtschaften und die Wirtschaftspolitik durch sie ,von der Ebene des instinktiven Handelns .. . auf jene des systematischen Handelns gehoben . . ."" (16). Sie sind also, was zu beachten ist, ebenfalls noch rationale Entscheidungsgrundlagen. ",166,"[126, 795, 875, 905]",1258,2.0164158596266112e+18,
2016415859626611222,W109684747,text,"Leitsätze sind keineswegs nur unwichtige Ergänzungen zu den Leitzahlen, sondern können im Gegenteil von ausschlaggebender Bedeutung sein. Es kann ohne weiteres vorkommen, dab eine durch Leitzahlen für richtig befundene MaBnahme durch die in einem Leitsatz zum Ausdruck kommende Forderung vollkommen geändert wird. ",167,"[130, 124, 873, 215]",1261,2.0164158596266112e+18,
2016415859626611223,W109684747,text,"Wenn z. B. durch eine operationsanalytische Verfahrenstechnik ein Gewinnmaximum bei der MaBnahme A errechnet wurde, so kann der Schlüsselbegriff des Wirtschaftsausbaues, d. h. die Forderung nach weitestgehender Entwicklung brachliegender Wirtschaftskräfte innerhalb der Unternehmung, unter Umständen so maBgebend sein, daB diese vom rechnerischen Standpunkt aus optimale MaBnahme doch nicht ergriffen wird, sondern eine andere, die einen kleineren Gewinn bringt, dafür aber den gewünschten Effekt eines Ausbaues herbeiführt. In diesem Fall ist der Leitsatz stärker als die Leitzahl gewesen. Oder: die betriebswirtschaftliche Theorie kommt zu dem Ergebnis, daB Betriebserweiterungen nicht in der Hochkonjunktur, sondern in der Depression durchgeführt werden sollten, weil in dieser Zeit der Kapitalmarkt hierfür günstig ist; in der Konjunktur ist es hingegen angezeigt, so stark wie möglich zu rationalisieren. Rein absatzmengenmäBig betrachtet, müBte man zu dem entgegengesetzten SchluB kommen. Mit Recht sagt Sandig, daB eine Betriebswirtschaftspolitik nicht nach dem GuV-Konto gemacht werden könne, und es ist ferner angebracht, an dieser Stelle zu erinnern, daB Rieger in seinen Analysen die Handwerker und das Kleingewerbe ausklammern muBte, weil sonst sein Rentabilitätsprinzip versagt hätte. ",167,"[126, 225, 875, 555]",1262,2.0164158596266112e+18,
2016415859626611224,W109684747,text,"In der lebendigen Wirtschaft finden wir viele Beispiele dafür, daB die Leitsätze ausschlaggebender sein können als die Leitzahlen. Nach kostenrechnerischen Uberlegungen ist es z.B. unrationell, in Saisonhotels das Personal länger, als die Saison dauert, im Vertrag zu haben. Trotzdem gilt die Regel, daB es immer noch besser ist, das Personal mehrere Wochen früher aufzunehmen und später zu kündigen oder gar auch in der Nichtsaison überhaupt zu behalten, als es erst im Zeitpunkt der Saisoneröffnung anzustellen und sofort nach SaisonschluB zu entlassen. Verhielte man sich auf diese Weise, so würde man bald kein Personal mehr bekommen. Oder: KostenrechnungsmäBig ist es für eine Autoreparaturwerkstätte vielleicht richtiger, Lackier- und Kühlerreparaturarbeiten an Vertragsfirmen zu vergeben, anstatt diese Arbeiten selbst durchzuführen. Trotzdem kann es angezeigt sein, etwa weil befürchtet werden mub, daB die Qualität der Arbeit ungenügend sein könnte, diese Teilarbeiten selbst dann in eigener Regie durchzuführen, wenn sie teurer kommen. ",167,"[126, 564, 875, 821]",1263,2.0164158596266112e+18,
2016415859626611225,W109684747,text,"Andere Beispiele finden wir im Lehrlingswesen (die Haltung von Lehrlingen ist oft ,,unrationell""), im Transport (der Verkehr mit eigenem Fuhrpark ist oft ,unrationell""), im Verkauf (der Absatz über den bestehenden Handel ist vielleicht ,rationeller"" als die Einrichtung eigener Verkaufsfilialen), in der technischen Forschung (ein eigenes Laboratorium ist im Vergleich zu einer auBerbetrieblichen Forschungsstelle oftmals ,,unrationell""). In den angeführten Beispielen ist mit ,,unrationell"" immer nur die an Leitzahlen (Kosten oder Gewinn) gemessene ZweckmäBigkeit der Leistungserstellung gemeint. ",167,"[126, 833, 873, 907]",1264,2.0164158596266112e+18,
2016415859626611228,W109684747,text,,168,"[128, 124, 871, 196]",1267,2.0164158596266112e+18,
2016415859626611229,W109684747,text,"Es gibt so viele Leitsätze, wie es qualitativ gefaBte Wirtschaftsgesetze gibt. Die bekanntesten sind die folgenden: ",168,"[124, 208, 873, 243]",1268,2.0164158596266112e+18,
2016415859626611230,W109684747,text,"a) Das Gesetz der Erhaltung der Unternehmenssubstanz, welches besagt, daB . . . als Ergebnis einer Leistung mindestens so viel an Gegenleistung in den Betrieb zurückflieBt, wie an Werten für die Leistung eingesetzt wurde . .."" (17).   
b) Der Schlüsselbegriff der Selbstversorgung. (Die Selbstversorgung kann, sofern sie nicht zur Autarkie ausartet, angezeigter sein als der Fremdbezug von Leistungen; selbst dann, wenn die von auBen bezogenen Güter oder Dienstleistungen billiger sein sollten.)   
c) Der Schlüsselbegriff des Wirtschaftsausbaues oder der Entfaltung des Eigenlebens.   
d) Der Schlüsselbegriff der Verstetigung der Leistungserstellung. (Manche Unternehmen lassen sich unter Verzicht höherer Gewinne durch diesen Entscheidungsgrundsatz leiten; dadurch wird zwar die Wachstumsrate im allgemeinen geringer, aber das Unternehmen ist weniger krisenanfällig. Beispiel: Ein alter Kundenstock kann für das Unternehmen wertvoller sein als die einen höheren Gewinn abwerfenden Geschäfte mit neuen, unbekannten Kunden.)   
e) Der Schlüsselbegriff des nur verhältnismäBig optimalen Standortes. (Ein Unternehmen kann aus traditionellen Gründen Standorte bevorzugen, die kostenrechnungsmäBig ungünstig liegen.) ",168,"[126, 251, 875, 623]",1269,2.0164158596266112e+18,
2016415859626611231,W109684747,text,"Bei Käfer und Frenckner (18) finden wir, wie bereits erwähnt, die Schlüsselbegriffe bzw., wie sie dort genannt werden, die Suboptima der ",168,"[124, 633, 873, 668]",1270,2.0164158596266112e+18,
2016415859626611232,W109684747,text,"Sicherung der Vollbeschäftigung,   
Schaffung guter Beziehungen zum Personal,   
optimalen BetriebsgröBe,   
Erhaltung einer günstigen Liquidität,   
Bewahrung der Betätigungskontinuität,   
Fortsetzung älterer Traditionen,   
Erreichung sowie Bewahrung einer gewissen Unabhängigkeit des Unternehmens gegenüber Banken sowie anderen Unternehmungen usw. ",168,"[124, 675, 875, 823]",1271,2.0164158596266112e+18,
2016415859626611233,W109684747,text,"Alle diese Leitsätze sind Postulate, die wegen der Nichtquantifizierbarkeit entscheidender Tatbestände nicht in Zahlen, sondern eben nur verbal ausgedrückt werden können. Sie sind deshalb, weil sie nicht exakt gefaBt werden, keineswegs als verschwommen zu bezeichnen, sondern beeinflussen die Unternehmungspolitik, wenn auch vielleicht nicht genauso stark wie die Leitzahlen, so doch auch entscheidend. ",168,"[126, 833, 875, 905]",1272,2.0164158596266112e+18,
2016415859626611236,W109684747,text,,169,"[126, 124, 871, 159]",1275,2.0164158596266112e+18,
2016415859626611237,W109684747,title,Die Leitbilder,169,"[128, 179, 286, 195]",1276,,1.0
2016415859626611238,W109684747,text,"Die Leitbilder schlieBlich sind die dritte Gruppe der Leitmaximen, die die Entscheidungen bestimmen. Selbstverständlich spielen Leitbilder im Einkauf, in der Buchhaltung, der Kostenrechnung, der Lagerverwaltung, dem Transportwesen und vielen anderen Leistungsbereichen und bei administrativen, exekutiven Entscheidungen, überhaupt keine Rolle. Es wäre lächerlich, den optimalen Bestand an Halbfabrikaten einer GroBfirma mit der Eingebung bestimmen zu wollen. Das hätte nichts mehr mit Leitbildern zu tun, sondern wäre Scharlatanerie. Wenn man den häufigsten Fakturenwert feststellen will, so darf man selbstverständlich nicht die maBgebenden Herren der Geschäftsleitung nach ihrer Meinung fragen, sondern muB den Betriebsstatistiker mit der Ausrechnung beauftragen. Quantitative Ordnungsprobleme mu man mittels rechnerischer Verfahren lösen. ",169,"[126, 208, 873, 425]",1277,2.0164158596266112e+18,
2016415859626611239,W109684747,text,"Mit Recht wird die Ignoranz, die sich so oft hinter der Intuition und dem Fingerspitzengefühl verbirgt, angeprangert, und manchen Praktikern, die immer wieder von dem Wert des Spürsinns und der geringen Brauchbarkeit theoretischer Analysen reden, sollte man die Feststellung Mayers, der den Begriff der ,,Marktwitterung"" in die Marktforschung eingeführt hat, entgegenhalten, daB ,von den vielen Unternehmern, die ihre ,Markt-Witterung' nicht in die Höhe, sondern zum Konkurs brachte, ... selten gesprochen"" wird (19). ",169,"[126, 439, 873, 567]",1278,2.0164158596266112e+18,
2016415859626611240,W109684747,text,"Während es also zahlreiche Leistungsbereiche gibt, in denen man mit der Intuition nicht weit kommt, ist die Eingebung bzw. sind die Leitbilder aus der unternehmerischen Funktion aber nicht wegzudenken. Der echte Unternehmer wird gewisse bildhafte Vorstellungen nicht als metaphysischen Ballast beiseite schieben, sondern wird seine MaBnahmen, ohne zu zögern, auf derartige zu Bildern gewordene Eingebungen, beispielsweise über den richtig organisierten Betrieb, über die ZweckmäBigkeit einer Verkaufsmabnahme usw., stützen. Selbst Rieger sagt, daB es den echten Unternehmer dränge, die innerlich geschauten Gesichte zu verwirklichen. Sich bei derartigen Entscheidungen auf Leitbilder stützen heiBt, ohne diskursiven Denkproze unmittelbar die Gestalt, das Bild, aufnehmen. ",169,"[126, 583, 875, 784]",1279,2.0164158596266112e+18,
2016415859626611241,W109684747,text,"Die Eingebung vergegenständlicht (objektiviert) sich in der Wissenschaft zum Begriff und in der Kunst zur Gestalt. Wohl ist daher die Gestalt, das Leitbild, keine Angelegenheit der Wissenschaft mehr, und man mub sich darüber im klaren sein, daB man sich von den rationalen Grundlagen der betrieblichen Entscheidung sehr weit entfernt hat und Waffenschmidt recht hat, wenn er sagt, daB die Betriebswirtschafter den Boden der Wissenschaft verlassen, wenn sie das Irrationale im Unternehmer analysieren wollen. Aber da es sich um wirtschaftspolitische und wirtschaftliche Tatsetzungen, um die die Entscheidung beeinflussenden Faktoren handelt, kommt man nicht umhin, auch das Leitbild zur Kenntnis zu nehmen. Wenn die Wissenschaft den lebendigen Wirtschaftsproze nachkonstruieren will, dann kann sie nicht übersehen, dab diese Eingebung im Leben existent ist. Morse- Kimball sprechen von einem Vorrecht und von der Verantwortung der Entscheidenden, die nichtquantifizierbaren Faktoren bei den endgültigen Entscheidungen mitzuberücksichtigen (20), und nach Löffelholz hat der Wissenschaftler geradezu die Verpflichtung, sich mit diesen Dingen auseinanderzusetzen; er darf den Praktiker nicht in seinen Nöten sitzenlassen, ihn ,allenfalls an einen zünftigen Philosophen, der ihm aber nicht helfen kann, weil er nichts von der Betriebswirtschaft versteht"", verweisen (21). ",169,"[124, 797, 875, 907]",1280,2.0164158596266112e+18,
2016415859626611244,W109684747,text,,170,"[124, 125, 869, 342]",1283,2.0164158596266112e+18,
2016415859626611245,W109684747,text,"Aus all dem ergibt es sich, dab das Verstehen, d. h. das Zurückgehen auf die Eingebung oder die Bilder, vielleicht nicht in der Betriebswirtschaftslehre, wohl aber in der Betriebswirtschaftspolitik und vor allem im effektuierten Handeln, also bereits auBerhalb des Wissens, eine maBgebende Rolle spielt. Der Mensch handelt eben nicht nur auf Grund rationaler Uberlegungen, sondern läBt sich auch unmittelbar durch die Eingebung leiten. Nicht umsonst wird auch von der Kunst der Wirtschaftsführung gesprochen. Die UngewiBheit über zukünftiges Geschehen mobilisiert nicht nur das Denken, sondern auch die seelischen Kräfte. Diese aber richten sich nach Leitbildern und nicht nach Leitsätzen oder gar Leitzahlen aus, weshalb auch bei allen nichtexekutiven Entscheidungen die Leitbilder eine wesentliche Rolle spielen. Es darf erinnert werden, daB die wahrscheinlichkeitstheoretische Analyse dem Entscheidungsverantwortlichen keine eindeutigen Entscheidungsstrategien liefert, ihm gewissermaBen keine Ansatzpunkte, sondern nur Entscheidungsbereiche gibt. Mehr kann er nicht erwarten. Wonach soll er sich nun aber innerhalb dieses Bereiches richten? Doch nur nach Leitsätzen und Leitbildern. Man sagt treffend, daB sich bei der Prognose die zukünftige Lage abzeichnet; abzeichnen kann man aber nur ein Bild. ",170,"[124, 354, 873, 665]",1284,2.0164158596266112e+18,
2016415859626611246,W109684747,text,"Die Eingebung, die insbesondere auf der Absatzseite und weniger im Innerbetrieblichen eine groBe Rolle spielt, hat nichts mit Zauberei und Romantik oder Mystizismus zu tun; das Management wird durch sie keineswegs zu einer Schwarzen Kunst. Die Eingebung ist vielmehr der Grund aller Erkenntnis, und es gibt kein erkennendes BewuBtsein, also keine Wissenschaft ohne sie. Es ist auch ein Fehler, zu meinen, daB alles, was sich nicht rational, sei es in Leitzahlen oder Leitsätzen, fassen lasse, primitiv sei. Die Eingebung kann niemals trügen. Erst das, was sich anschliet, kann falsch gemacht werden. Man sollte sich nicht — auch in der Wirtschaft nicht - gegen sie sperren, sonst wird die Entscheidungsbasis arm. ",170,"[124, 677, 875, 859]",1285,2.0164158596266112e+18,
2016415859626611247,W109684747,text,"Zurückgehend auf die betriebswirtschaftliche Operationsforschung, kann jetzt gesagt werden, daB sie den Boden der rationalen Analysis nicht verlassen, sondern im Gegenteil alles Geschehen diskursiv, mathematisch-quantitativ erfassen will. Obwohl aber die kombinativen Akte für sie nur Rechenprobleme sind, also durch mathematische Operationen die optimalen Kombinationen gefunden werden sollen, leugnen die meisten ihrer Vertreter nicht die Bedeutung der Intuition für unternehmerische Entscheidungen. Levinson, Abt, Johnson, Herrmann und Magee, Morse beispielsweise (22) betonen die Wichtigkeit der Erfahrung und Einsicht, aber diese nichtquantifizierten Entscheidungselemente gehen den Operationsforscher gewissermaBen nichts an; das ist Sache des Entscheidungsverantwortlichen, desjenigen, der die Entscheidung ,macht"" (decision maker), also der Unternehmer bzw. Manager (executive). Deshalb zieht auch Ackoff (23) eine so sorgfältige Grenzlinie zwischen den Problemen der Entscheidungsverantwortlichen (decision makers) und den wissenschaftlichen, d. h. operationsanalytischen Problemen. Beide sind zwar eng miteinander verknüpft, aber keineswegs identisch. Die Operationsforschung entnimmt dem jeweiligen Problem die quantitativen Elemente, rechnet das Ergebnis aus und stellt dem Entscheidungsverantwortlichen das Resultat als quantitative Entscheidungsunterlage zur Verfügung. Der Entscheidende setzt seinerseits seine Erfahrung und Intuition nachher additiv hinzu (""The suboptimized solutions can then be considered by top management together with the intangibles, the unquantifiable elements of the problem"" — Hervorhebung durch den Verfasser) (24) und fällt die Entscheidung. In dieser soll nach Möglichkeit die durch die Operationsforschung empfohlene MaBnahme den Ausschlag geben. ",170,"[124, 869, 875, 905]",1286,2.0164158596266112e+18,
2016415859626611250,W109684747,text,,171,"[124, 124, 873, 536]",1289,2.0164158596266112e+18,
2016415859626611251,W109684747,text,"Zweifellos kann die diskursive, operationsanalytische Behandlung eines Entscheidungsproblems wertvolle Erkenntnisse bringen; trotzdem ist darauf hinzuweisen, daB das AuBerachtlassen von qualitativen Entscheidungsfaktoren bzw. deren nachträgliches Einsetzen in das Problem zu Fehlschlüssen führen kann, besonders dann, wenn eine Verifizierung nur schwer möglich ist. Das ist bei allen jenen Problemen der Fall, bei denen die qualitativen Entscheidungsfaktoren nicht erst später vom Entscheidenden (decision maker) zu der quantitativen Entscheidungsunterlage hinzugesetzt werden dürfen, sondern schon in der Phase der Modellbildung berücksichtigt werden müssen. ",171,"[124, 552, 875, 720]",1290,2.0164158596266112e+18,
2016415859626611252,W109684747,text,"Fast alle Autoren berühren das Problem der Eingebung; sie sprechen von der Intuition, von den irrationalen Wurzeln, von dem ,Restbereich"", in dem das diskursive Denken versagt. Es ist daher berechtigt, in einer wissenschaftlichen Arbeit über betriebswirtschaftspolitische Probleme auch der Eingebung einen Platz einzuräumen und sie nicht einfach als wissenschaftsfremd beiseite zu schieben, insbesondere dann, wenn die Eingebung nicht wissenschaftlich analysiert wird, sondern nur von ihrer Bedeutung als eine der möglichen Leitmaximen gesprochen wird. In der Betriebswirtschaftslehre kann man auf sie verzichten, in der theoretischen Unternehmungspolitik jedoch nicht. ",171,"[124, 738, 875, 907]",1291,2.0164158596266112e+18,
2016415859626611255,W109684747,text,"Es ist nicht zu übersehen, daB das Wagen in vielen Fällen durch ein Wägen und die Führungskunst sehr weitgehend durch eine Führungswissenschaft ersetzt wird. An die Stelle der Intuitivstrategie tritt immer mehr das strenge strategische Rechnen, und der objektivierte, rationale Bereich der Wirtschaft nimmt, nicht zuletzt durch die Ausweitung der betriebswirtschaftlichen Operationsforschung, ständig zu. Trotz dieser Entwicklung bleibt es aber utopisch, zu meinen, daB Intuition und Erfahrung vollkommen durch das Rechengerät abgelöst werden könnten. Die Unternehmerfunktion kann nicht zur Gänze wegorganisiert werden, der dispositive Faktor läBt sich nicht verwissenschaftlichen (Gutenberg). Wohl können heute zahlreiche Funktionen, die der frühere patriarchalische Unternehmer noch in sich vereinigte und die sich inzwischen als Folge der Vermehrung des Wissensmaterials abgespalten haben, rational bewältigt werden, aber diese Funktionen können nicht mehr als ,unternehmerisch"" bezeichnet werden. Deshalb ist auch der Bemerkung Lamanns zuzustimmen, daB die Linearplanung dem Unternehmer zwar sehr geholfen habe, ,... ohne daB aber auch nur eine seiner spezifischen Funktionen ersetzt worden wäre"". ",172,"[128, 124, 873, 418]",1294,2.0164158596266112e+18,
2016415859626611256,W109684747,text,"Die Eingebung ist auch keineswegs bei Unternehmern groBindustrieller Unternehmungen verschwunden; im Gegenteil wird ihre Existenz sogar durch den ,Ringgenius"" (Teamwork) der Lenkungsgruppe bestätigt. Selbstverständlich besteht zwischen dem irrationalen Verhalten des mittelalterlichen Handwerksmeisters und frühkapitalistischen Unternehmers einerseits und dem Manager von heute andererseits ein groBer Unterschied, aber ohne sich mit diesem auseinandersetzen zu wollen, sei doch vermerkt, daB auch der groBindustrielle Unternehmer der Eingebung nicht entraten kann. Wie wertvoll auch die Verhaltenshinweise sein mögen, die ihm die Ergebnisse rechnerischer Methoden geben, so ist doch nicht zu übersehen, daB sich das mathematische und das wirtschaftliche Optimum nicht immer decken. Es wäre wünschenswert, für jede Unternehmung ein System von exakten Merkmalen für Zustände und Vorgänge zu haben, an dem wie an einem Barometer die Werte abgelesen werden können, aber es ist unwahrscheinlich, daB dieses Ziel jemals erreicht wird. Es wird immer Bereiche geben, in denen die Phantasie des Unternehmers und die Eingebung maBgebend bleiben werden. Der Unternehmer wird niemals durch einen mechanischen oder elektrotechnischen Regler ersetzt werden können (nicht einmal durch einen Wirtschaftsmechaniker), der die Auswahl aus den möglichen Anpassungsvorgängen trifft, um die aus den Umweltseinflüssen resultierenden Störfaktoren zu beseitigen. Wohl sind Entscheidungen, informationswissenschaftlich gesehen, nichts anderes als Stellbefehle bzw. Regelungsaufgaben, da aber die Regelungsnachrichten auch einen Geltungswert der anordnenden Persönlichkeit haben und dieser Geltungswert sich einer Quantifizierung verschlieBt, bleibt das durch den Menschen in die Entscheidungsproblematik hineingebrachte Moment der UngewiBheit bestehen. ",172,"[126, 429, 875, 908]",1295,2.0164158596266112e+18,
2016415859626611259,W109684747,title,Exkurs über die Planung und die Planungsrechnung,173,"[126, 124, 619, 141]",1298,,1.0
2016415859626611260,W109684747,text,"Um optimale Entscheidungen fällen zu können, ist es erforderlich, gesicherte Vorstellungen über den Betriebsablauf, d. h. ein Gedankenmodell des Betriebsprozesses, zu haben. Mit einem reinen Zahlenmodell allein wird man aber für viele unternehmerische Entscheidungen nicht auskommen. Es müssen dem Entscheidungsverantwortlichen nicht zur Zahlen, sondern alle nur in Frage kommenden verbalen Daten zugehen. Ob ein Gedankenmodell primitiv oder hochentwickelt ist, hängt also nicht nur von der Art der angewandten Rechenoperationen und auch nicht von der Anzahl der in die mathematischen Gleichungen einbezogenen Variablen ab, sondern davon, ob es durch Leitsätze ergänzt ist. Eine Planung - und ein Gedankenmodell ist immer die Grundstruktur einer Planung - ist nicht vollständig, wenn nur mit Zahlen gearbeitet wird; in diesem Fall sollte gar nicht von einer Planung, sondern vielmehr von einer Planungsrechnung gesprochen werden. ",173,"[126, 150, 875, 386]",1299,2.0164158596266112e+18,
2016415859626611261,W109684747,text,Die betriebswirtschaftliche Operationsforschung ist eine Planungsrechnung und verzichtet daher bei der Behandlung von Entscheidungsproblemen auf die Einbeziehung von Leitsätzen. ,173,"[126, 397, 875, 450]",1300,2.0164158596266112e+18,
2016415859626611262,W109684747,text,"Die Unterscheidung zwischen Planung und Planungsrechnung ist also von gro-Ber Bedeutung, und zwar deshalb, weil die Planungsrechnung trotz ihrer unbestreitbaren praktischen Verwertbarkeit das zukünftige Geschehen weniger richtig erfassen kann als die durch die Leitsätze ergänzte Planung. ",173,"[126, 460, 875, 531]",1301,2.0164158596266112e+18,
2016415859626611263,W109684747,text,"Ein Plan ist ein Entwurf für Entscheidungen, in dem zukünftige Zustände und Abläufe vorweggenommen werden, eine Vorstellung von der künftigen Wirtschaftstätigkeit, die Vorwegnahme künftigen Geschehens. In ihm sind in gleicher Weise die Prognose betrieblicher Sachverhalte als auch Verhaltungsrichtlinien eingeschlossen. Der Plan erfaBt Gegebenheiten qualitativer und quantitativer Art, seine Verhaltensrichtlinien sind die Leitsätze; die Planungsrechnung enthält nur die in Zahlen ausdrückbaren Bestandteile des Wirtschaftsplanes der Unternehmung, ihre Verhaltensrichtlinien sind die Leitzahlen. ",173,"[126, 542, 875, 688]",1302,2.0164158596266112e+18,
2016415859626611264,W109684747,text,"Innerhalb der Planungsrechnung unterscheidet man systematische Rechnungen, insbesondere das Unternehmungsbudget und die Vorkalkulation, sowie unsystematische Planungsrechnungen, ,gelegentlich und ohne Festlegung auf bestimmte Methoden durchgeführte rechnerische Einzeluntersuchungen über künftige Zustände und Entwicklungen oder zu treffende Entscheidungen"" (25). Die letzten sind mit der betriebswirtschaftlichen Operationsforschung identisch. Es ist das Verdienst der Vertreter der betriebswirtschaftlichen Operationsforschung, die bis dahin etwas stagnierende Planungsrechnung wieder reaktiviert zu haben. ",173,"[124, 698, 877, 845]",1303,2.0164158596266112e+18,
2016415859626611265,W109684747,text,"Sprachlich kommt der Unterschied zwischen der Planung und der Planungsrechnung auch durch die Verwendung des Wortes ,Budget"" zum Ausdruck. Man spricht von Absatzplan und Absatzbudget, Produktionsplan und Produktionsbudget, Investitionsplan und Investitionsbudget, Finanzierungsplan und Finanzierungsbudget. ZugegebenermaBen ist die Terminologie nicht einheitlich, d. h. der Ausdruck ,,Plan"" wird sehr oft auch im Sinne einer Planungsrechnung oder eines Budgets gebraucht. ",173,"[126, 855, 875, 908]",1304,2.0164158596266112e+18,
2016415859626611268,W109684747,text,,174,"[126, 125, 869, 196]",1307,2.0164158596266112e+18,
2016415859626611269,W109684747,text,"Eng mit der Prognose des betrieblichen Geschehens und der Festlegung von Verhaltensrichtlinien ist die Kontrolle darüber, ob die Plannormen eingehalten wurden, verbunden. Es hätte keinen Sinn, nur Plandaten anzugeben, ohne sie auf den Grad ihrer Erfüllung hin zu überprüfen. Die im Plan oder im Budget vorausgedachte Entwicklung mu mit der tatsächlichen verglichen werden. Immer dann, wenn Abweichungen zwischen dem Modell und der Realität festgestellt werden, werden Entscheidungen erforderlich. ",174,"[126, 214, 871, 341]",1308,2.0164158596266112e+18,
2016415859626611270,W109684747,title,3. Die Entscheidungsmatrix,174,"[361, 374, 629, 393]",1309,,1.0
2016415859626611271,W109684747,text,"Vom Standpunkt der betriebswirtschaftlichen Operationsforschung aus lassen sich Entscheidungsprobleme mathematisch, und zwar mittels der Matrizenschreibweise, formulieren. Die Entscheidungsmatrix hat dann folgendes Aussehen (26): ",174,"[126, 403, 873, 476]",1310,2.0164158596266112e+18,
2016415859626611273,W109684747,text,"Die jeweiligen Manahmen $( \mathbf { A _ { 1 } } \ \mathbf { A _ { 2 } } \ \mathbf { A _ { 3 } } \ \dots { } )$ führen, je nachdem, welche Zustände $( \mathsf { S } _ { 1 } \mathsf { S } _ { 2 } \mathsf { S } _ { 3 } \ldots )$ , d. h. Realisationen von Umständen, über deren Zusammentreffen keine oder mangelhafte Informationen vorliegen, gegeben sind, zu den verschiedenen Ergebnissen (e 11 e 12 e 13 ....). Die Zustände können nicht durch MaBnahmen beeinfluBt werden; verschiedene Zustände schlieBen einander aus. ",174,"[124, 671, 875, 762]",1312,2.0164158596266112e+18,
2016415859626611274,W109684747,text,"Die Formulierung des Entscheidungsproblems, d. h. die Niederschrift in einer Entscheidungsmatrix, hat nur dann einen praktischen Wert, wenn die Ergebnisse zahlenmäig fixiert sind; nur dann nämlich kann das Problem quantitativ behandelt werden. Auch ist es erforderlich, daB die Anzahl der A und S begrenzt ist. Wenn die Zustände S einer Entscheidungsmatrix die Operationsalternativen eines Konkurrenten (Gegenspielers) sind, dann bezeichnet man das in Frage stehende Problem als ,,strategisches Spiel"". ",174,"[124, 778, 875, 907]",1313,2.0164158596266112e+18,
2016415859626611277,W109684747,text,Je nach der Güte des betrieblichen Informationsmaterials und nach der Art der zu setzenden MaBnahmen unterscheidet man ,175,"[124, 124, 873, 159]",1316,2.0164158596266112e+18,
2016415859626611278,W109684747,text,"a) Entscheidungen bei Sicherheit, b) Entscheidungen bei bekanntem Risiko, c) Entscheidungen bei vollständiger Unsicherheit. ",175,"[124, 172, 598, 225]",1317,2.0164158596266112e+18,
2016415859626611279,W109684747,text,"Grundsätzlich sind die Auswirkungen betriebswirtschaftlicher Entscheidungen nicht mit Sicherheit voraussagbar. Bestenfalls kann man angeben, mit welcher Wahrscheinlichkeit eine beabsichtigte Wirkung eintreten wird. Zukünftiges, sagt Wittmann, wird nie gewiB, sondern höchstens sehr wahrscheinlich oder praktisch gewiB sein können. Unser Wissen in bezug auf betriebswirtschaftliche Probleme ist kein gesichertes, sondern nur ein wahrscheinliches Wissen. Vollkommene Voraussicht würde einen absoluten Determinismus voraussetzen, und das ist grundsätzlich nur bei betriebstechnischen und nicht bei betriebswirtschaftlichen Sachverhalten gegeben. Die Annahme der absoluten Gewiheit würde dem Entscheidungsverantwortlichen gar keine Entscheidungsfreiheit mehr lassen, und es könnte daher auch keine ,Entscheidungstheorie"" bzw. Entscheidungsproblematik entstehen. ",175,"[124, 240, 875, 458]",1318,2.0164158596266112e+18,
2016415859626611280,W109684747,text,"Die Operationsforschung ist zwar bestrebt, die Ungewiheit zu verringern, kann sie aber letzten Endes selbstverständlich nicht eliminieren. ",175,"[124, 471, 873, 506]",1319,2.0164158596266112e+18,
2016415859626611281,W109684747,text,"An dem Problem der Voraussagbarkeit erweist sich der hohe Wert wahrscheinlichkeitstheoretischer Berechnungen. Die Einbeziehung der Wahrscheinlichkeitstheorie in die Betriebswirtschaftslehre und in das betriebliche Rechnungswesen ist daher eine dringende Forderung; denn erst durch sie wird es nämlich möglich, andere als nur die erzeugungsnahen Leistungen rechenhaft zu erfassen. Wohl ist die Wahrscheinlichkeitstheorie kein Allheilmittel, und sie muB dort versagen, wo die stochastischen Zusammenhänge zu bestehen aufhören, aber immerhin kann eine Reihe wichtiger Leistungsbereiche, in denen derartige Zusammenhänge existieren, in die strategische Wirtschaftsrechnung einbezogen werden. ",175,"[126, 522, 879, 704]",1320,2.0164158596266112e+18,
2016415859626611282,W109684747,text,"Zurückgehend auf die eben angeführte Dreiteilung der Entscheidung, ist zu bemerken, daB die Entscheidungen aus der Gruppe a) (Entscheidungen bei Sicherheit) die einfachsten sind. Der Planende kann genau beurteilen, welcher Zustand allein zutrifft (z. B. S1), und kann ohne besondere Schwierigkeiten den gesuchten Extremwert, nämlich das Kostenminimum oder das Gewinnmaximum, berechnen. Die Entscheidungsmatrix reduziert sich auf eine Spalte. ",175,"[126, 716, 879, 824]",1321,2.0164158596266112e+18,
2016415859626611283,W109684747,text,"Bei Risikoentscheidungen wei man zwar nicht mit Sicherheit, welcher Zustand S eintreten wird; man kann aber den wahrscheinlichen Wert annehmen, d.h. jene Manahme wählen, bei welcher der Erwartungswert ein Extremwert wird. ",175,"[128, 836, 877, 908]",1322,2.0164158596266112e+18,
2016415859626611287,W109684747,text,"Eine groBe Zahl betriebswirtschaftlicher Entscheidungen beruht auf unbekannten Aktions- und Reaktionserwartungen. Mit diesem Problem haben sich Förstner und Henn (27) ausführlich befaBt. Sie weisen darauf hin, daB sich die Unternehmungen oft nicht so sehr für die GröBe des geplanten Gewinns interessieren, als vielmehr dafür, welche der verschiedenen möglichen Gewinnverteilungen in gegebenen Fällen vorzuziehen ist. Es wird also oft nicht der Höchstgewinn angestrebt, sondern jener, der bei einer annehmbaren Höhe die günstigste Häufigkeitsverteilung hat. ",176,"[126, 124, 871, 270]",1326,2.0164158596266112e+18,
2016415859626611288,W109684747,text,Beispiel: ,176,"[126, 289, 207, 306]",1327,2.0164158596266112e+18,
2016415859626611290,W109684747,text,"Je nach seinem Temperament wird sich der Entscheidungsverantwortliche für A oder B entscheiden. Der Vorsichtige wird vorsichtig handeln, der Hasardierende wird alles auf eine Karte setzen. Frenckner würde sagen, daB das BeschluBkriterium des Optimisten lautet: Wahl derjenigen Handlungsalternative, bei welcher die Zweckerfüllung im günstigsten Falle am gröBten ist, jene des Pessimisten, bei welcher die Zweckerfüllung im ungünstigsten Falle am gröBten ist (28). ",176,"[124, 555, 875, 684]",1329,2.0164158596266112e+18,
2016415859626611291,W109684747,text,"Im vorliegenden Beispiel bringt A dem Entscheidenden keinen Verlust, aber höchstens auch nur einen Gewinn von 180 000,-; gleichzeitig ist ihm ein Gewinn von mindestens 20 000,— sicher, und die Gewinnerwartung, d. h. der wahrscheinliche mittlere Gewinn, beträgt 100 000,—. Im Falle der Entscheidung B beläuft sich der mögliche Höchstgewinn auf 400 000,— und die mittlere Gewinnerwartung auf 200 000,—. Bei dieser Entscheidung ist aber auch mit einem Verlust zu rechnen, dessen Wahrscheinlichkeit $\pmb { 2 \% }$ beträgt. ",176,"[124, 694, 875, 821]",1330,2.0164158596266112e+18,
2016415859626611292,W109684747,text,"Bei Unsicherheitsentscheidungen hat der Entscheidende überhaupt keinen zahlenmäigen Anhaltspunkt dafür, welche Zustände S eintreten werden. Da er aber auch in solchen Situationen entscheiden muB, entsteht die Frage, nach welchen Gesichtspunkten er sich für die eine oder andere Manahme entscheiden soll. Hierfür gibt es verschiedene Kriterien, die in Frage kommen. Z. B. das etwas pessimistische Minimax-Kriterium, das eine Empfehlung zur Minimierung des gröBtmöglichen Verlustes darstellt, oder das Maximin-Kriterium, das besagt, daB das Maximum der kleinstmöglichen Gewinne angestrebt wird. Darüber hinaus gibt es noch andere Kriterien, wie z. B. das ,Pessimismus-Optimismus-Kriterium"" von L. Hurwicz oder die Regel des kleinsten Risikos, und daB sie alle zu verschiedenen Ergebnissen führen können, mag tatsächlich einiges Unbehagen bereiten. ",176,"[124, 833, 873, 905]",1331,2.0164158596266112e+18,
2016415859626611295,W109684747,text,,177,"[124, 124, 875, 269]",1334,2.0164158596266112e+18,
2016415859626611299,W109684747,title,XIV. Anwendungsmöglichkeiten und Grenzen der betriebswirtschaftlichen Operations Research,178,"[149, 185, 844, 235]",1338,,1.0
2016415859626611300,W109684747,title,1. Allgemeine Bemerkungen,178,"[357, 259, 636, 277]",1339,2.0164158596266112e+18,2.0
2016415859626611301,W109684747,text,"Untersucht man betriebswirtschaftliche Probleme dahingehend, ob sie der operationsanalytischen Behandlung zugänglich sind, so stellt man fest, dab sie zu einem Teil mittels der neuen Verfahrenstechniken gelöst werden können, zum anderen aber nicht. Es ist nun naheliegend, zu untersuchen, wann die betriebswirtschaftliche Operationsforschung erfolgreich ist und wann sie versagt. Ist es immer nur ein bloBer Zufall, wenn eine operationsanalytische Verfahrenstechnik in einem Fall zum Ziele führt und im anderen nicht, oder gibt es irgendwelche klaren Kriterien dafür, wann sie angewendet werden kann und wann andererseits wieder nicht? ",178,"[126, 287, 875, 450]",1340,2.0164158596266112e+18,
2016415859626611302,W109684747,text,"In der Literatur ist im allgemeinen die Meinung vorherrschend, daB grundsätzlich alle Bereiche des wirtschaftlichen Lebens der betriebswirtschaftlichen Operationsforschung offenstehen. So z. B. sagt Revans (1), ""There was no aspect of management which could not be subjected to the same scientific method"". Dieser Auffassung kann nicht vollinhaltlich zugestimmt werden. Die Operationsforschung bedeutet wohl eine wertvolle Erweiterung der betriebswirtschaftlichen Theorie, sie hat der Betriebswirtschaftslehre zweifellos äuBerst anregende Impulse gegeben, doch sind ihrer Anwendung bestimmte Grenzen gesetzt. Nicht alle Leistungsbereiche betrieblichen Geschehens sind in gleicher Weise für die Anwendung operationsanalytischer Techniken geeignet; manche sind es mehr. manche weniger, und andere schlieBlich sperren sich vollkommen gegen die neuen Verfahren. ",178,"[124, 464, 875, 681]",1341,2.0164158596266112e+18,
2016415859626611303,W109684747,text,"Es gibt gewisse betriebswirtschaftliche Entscheidungsprobleme, die ohne operationsanalytische Verfahren gar nicht gelöst werden könnten. Es sei an die Aufstellung des Transportplanes für die österreichischen Zuckerfabriken und an andere Anwendungsmöglichkeiten, insbesondere in fertigungsnahen Leistungsbereichen, erinnert. Selbstverständlich kann ein moderner Industriebetrieb, also ein Mittel- oder GroBbetrieb, nicht mehr ohne Zahlen geführt werden. Der Mensch hat oft einfach nicht die Kapazität, aus vielen Entscheidungsalternativen die optimale ohne Heranziehung der Mathematik zu bestimmen. Er muB in solchen Fällen rechnen und sollte es vielfach auch in kleinen Betrieben intensiver tun, als es bisher geschieht. ",178,"[124, 697, 877, 881]",1342,2.0164158596266112e+18,
2016415859626611304,W109684747,text,"Nicht selten wird die Operationsforschung, wenn schon nicht exakte Ergebnisse, so doch brauchbare Näherungslösungen bieten. Zieht man in Betracht, daB die Unternehmungsführungen in den meisten Fällen auf absolute MaBzahlen verzichten können und mit Relationen auskommen, die lediglich eingetretene Veränderungen anzeigen, so wird es ersichtlich, wie wertvoll zahlreiche durch operationsanalytische Verfahren gefundene Lösungsvorschläge sein können. ",179,"[120, 125, 873, 234]",1343,2.0164158596266112e+18,
2016415859626611305,W109684747,text,"Während die betriebswirtschaftliche Operationsforschung, deren Modellkonstruktion verhältnismäBig lange Zeit dauert, bei weniger drängenden Problemen wertvolle Entscheidungsunterlagen liefern kann, ist sie bei Sofortentscheidungen von geringer Hilfe oder gar wertlos. ",179,"[122, 243, 875, 315]",1344,2.0164158596266112e+18,
2016415859626611306,W109684747,text,"Es ist für die betriebswirtschaftliche Theorie von gröBter Bedeutung, die Grenze zwischen der Anwendbarkeit und der Nichtanwendbarkeit der betriebswirtschaftlichen Operationsforschung möglichst klar zu ziehen. Gelingt dieses Unterfangen, dann ist einerseits gewissermaben festgelegt, was in die ,,Kompetenz"" der betriebswirtschaftlichen Operationsforschung gehört - wobei sie als strategische Planungsrechnung ohnehin im SchoBe der Betriebswirtschaftslehre verbleibt -, und andererseits ist bestimmt, was sich ihr entzieht. Diese Grenze zu finden, die Fähigkeit, die Anwendungsgebiete der Operationsforschung zu entdecken, ist aber nicht ,von der Einsicht der mit der Operations Research betrauten Mitarbeiter abhängig, braucht nicht als eine besondere Kunst angesehen werden"" (2), sondern ergibt sich ganz einfach aus einer betriebswirtschaftlichen Analyse, wobei insbesondere die funktionale Betrachtungsweise zu wertvollen Erkenntnissen führt. Eine Darstellung der Möglichkeiten und Grenzen der betriebswirtschaftlichen Operationsforschung muB ferner Auswirkungen auf die Gestaltung der akademischen Lehre und Forschung auf diesem Gebiet und auch auf die organisatorische Einordnung der neuen Disziplin in die Unternehmungen haben. ",179,"[122, 321, 877, 633]",1345,2.0164158596266112e+18,
2016415859626611307,W109684747,text,"Uber die Möglichkeiten und Grenzen der betriebswirtschaftlichen Operationsforschung ist bereits an verschiedenen Stellen dieser Arbeit geschrieben worden. So erfolgte in den Kapiteln über die Verfahrenstechniken, die Quantität, die Beziehungen usw. eine kritische Beurteilung der Anwendbarkeit. Es wurde darauf hingewiesen, daB die Modellberechnungen in vielen Fällen nur im Rahmen der getroffenen Annahmen gelten; dab diese Annahmen, beispielsweise jene der Linearität, Teilbarkeit, Additivität und Endlichkeit bei der Linearplanung, oft nicht zutreffen und daher die Ergebnisse von einem Betriebswirtschafter sorgfältig dahingehend geprüft werden müssen, ob den betriebswirtschaftlichen Erfordernissen genügend Rechnung getragen wurde. Die Fruchtbarkeit des Begriffs der Wahrscheinlichkeitsfunktion für die betriebswirtschaftliche Theorie wurde ausführlich dargestellt. ",179,"[124, 639, 881, 859]",1346,2.0164158596266112e+18,
2016415859626611308,W109684747,text,Es wurde zwischen schöpferisch-unternehmerischen (top policy level) und exekutiv-administrativen (technical or functional level) Entscheidungen unterschieden und auf die unterschiedliche Anwendbarkeit operationsanalytischer Verfahren in bezug auf diese beiden Entscheidungsarten hingewiesen. ,179,"[124, 868, 879, 904]",1347,2.0164158596266112e+18,
2016415859626611310,W109684747,text,,180,"[128, 124, 866, 159]",1349,2.0164158596266112e+18,
2016415859626611311,W109684747,text,"Es wurde ferner bemerkt, da das lineare Programmieren, gefolgt von der Theorie der Warteschlangen, mit Abstand das wichtigste operationsanalytische Verfahren ist, daB die Spieltheorie bei betriebswirtschaftlichen Problemen u. E. nur eine sehr beschränkte Aussagekraft hat und daB die anderen Techniken diese oder jene Vor- bzw. Nachteile haben. Im nachfolgenden werden verschiedene Kriterien für die Anwendbarkeit der betriebswirtschaftlichen Operationsforschung dieser selbst gegenübergestellt, und es wird versucht werden, festzustellen, welche Möglichkeiten für den Einsatz operationsanalytischer Verfahren bestehen bzw. wo die Grenzen dieser neuen Techniken liegen. ",180,"[126, 172, 866, 335]",1350,2.0164158596266112e+18,
2016415859626611312,W109684747,text,Die in der Literatur anzutreffende Gliederung in fünf Anwendungsgebiete der betriebswirtschaftlichen Operationsforschung ,180,"[126, 348, 864, 383]",1351,2.0164158596266112e+18,
2016415859626611313,W109684747,text,"1. Probleme der Lagerhaltung (Inventory Problems)   
2. Zuordnungsprobleme (Allocation Problems)   
3. Wartezeitprobleme (Waiting Time Problems)   
4. Ersatzstellungs- und Wartungsprobleme (Replacement Problems)   
5. Konkurrenzprobleme (Competitive Problems) ",180,"[126, 393, 762, 496]",1352,2.0164158596266112e+18,
2016415859626611314,W109684747,text,"ist unbefriedigend (3). In ihr werden verschiedene Einteilungsprinzipien miteinander vermengt. Beispielsweise liegen die Problemkreise ""Inventory Problems"" und ""Waiting Time Problems"" nicht auf einer Ebene, denn Wartezeitprobleme gibt es auch in der Lagerhaltung. ",180,"[126, 507, 873, 580]",1353,2.0164158596266112e+18,
2016415859626611315,W109684747,title,2. Kriterien für die Anwendbarkeit der Operations Research,180,"[191, 613, 796, 632]",1354,2.0164158596266112e+18,2.0
2016415859626611316,W109684747,title,a) Die unterschiedlichen Funktionsbereiche und ihre Vorrangverhältnisse,180,"[126, 646, 819, 664]",1355,2.0164158596266112e+18,3.0
2016415859626611317,W109684747,text,"Zum Ausgleich der Spannungen, zur Befriedigung der Bedürfnisse, zur Erreichung der Ziele, oder wie sonst die Aufgabe des Betriebes gefaBt wird, müssen Leistungen erstellt werden. Rohstoffe werden eingekauft und gelagert, werden verarbeitet und verkauft. Zu diesen Aufgaben treten noch zahlreiche andere, die nach den verschiedensten Gesichtspunkten eingeteilt und gruppiert werden können, hinzu. Für alle Betriebe lassen sich Funktionsbereiche feststellen, wobei je nach der Betriebstype die eine oder andere Funktion vorhanden ist oder fehlt. Vernachlässigt man die betriebsindividuellen Merkmale und generalisiert weitgehend, so kommt man zu einer Funktionenlehre, die für die funktionale Betriebswirtschaftslehre von zentraler Bedeutung ist. ",180,"[126, 675, 875, 858]",1356,2.0164158596266112e+18,
2016415859626611318,W109684747,text,"In der Funktionen- oder Leistungslehre sind die einzelnen Leistungen kein gefügeloser Haufen, sondern bilden ein in sich geschlossenes Leistungsgebäude, in dem die Leistungen in jeweils ganz bestimmten Abhängigkeitsverhältnissen zueinander stehen. Wir unterscheiden folgende Hauptfunktionsbereiche: ",180,"[122, 869, 875, 904]",1357,2.0164158596266112e+18,
2016415859626611320,W109684747,text,,181,"[122, 125, 873, 160]",1359,2.0164158596266112e+18,
2016415859626611321,W109684747,text,"Erzeugungsleistungen (Produktion),   
Versicherungsleistungen,   
Transportleistungen,   
Lagerhaltungsleistungen,   
Handelsleistungen, einschlieBlich der Marktforschung und Werbung, Kreditleistungen,   
Personalverwaltungsleistungen,   
organisierende Geschäftsführungsleistungen. ",181,"[122, 169, 769, 315]",1360,2.0164158596266112e+18,
2016415859626611322,W109684747,text,"Jede dieser Verrichtungsgruppen hat ihrerseits eine ausführende und eine leitend-organisierende Seite, wir sprechen von Führung und Durchführung; insofern finden wir die organisierenden Leistungen auch in allen anderen Leistungsbereichen. Wäre das nicht der Fall, dann gäbe es gar keine Betriebswirtschaftspolitik in dem hier verstandenen Sinne. Die Ausführungsleistungen sind reine Ja-Nein-Entscheidungen. ",181,"[124, 325, 877, 434]",1361,2.0164158596266112e+18,
2016415859626611323,W109684747,text,Selbstverständlich lassen sich die angeführten Leistungsbereiche nach anderen Gesichtspunkten in zahlreiche Teilfunktionen gliedern; beim Handel beispielsweise unterscheidet Oberparleiter (4): ,181,"[124, 445, 875, 499]",1362,2.0164158596266112e+18,
2016415859626611324,W109684747,text,Die räumliche Funktion Die zeitliche Funktion Die Quantitätsfunktion ,181,"[232, 506, 459, 561]",1363,2.0164158596266112e+18,
2016415859626611325,W109684747,text,Die Qualitätsfunktion Die Kreditfunktion Die Werbefunktion ,181,"[550, 506, 758, 560]",1364,2.0164158596266112e+18,
2016415859626611326,W109684747,text,"Allerdings mu man sich bei der Anführung dieser Gliederung darüber im klaren sein, dab die auf Verrichtungen aufgebaute Systematik nicht ohne weiteres mit jener von Oberparleiter verglichen werden kann. Die Aufzählung der Funktionsbereiche ist nicht zufällig vorgenommen worden, sondern die Reihenfolge ergibt sich aus den Vorrangverhältnissen der Leistungen. Wenngleich beispielsweise, zeitlich gesehen, der Verkauf nach der Produktion vor sich geht, so hat er doch, wie insbesondere das Marketing treffend beweist, den logischen Vorrang vor der Erzeugung. Er bestimmt nämlich, was erzeugt wird. Es würde hier zuweit gehen, genau auszuführen, wieso die eine Leistung vor der anderen steht; es möge hier vielmehr die Feststellung genügen, daB ein solches Vorrangverhältnis vorliegt und dab es weder eine wertmäBige Abstufung noch eine seinsmäBige Abhängigkeit bedeutet. Im übrigen beweist uns auch die praktische Wirtschaft an der Rangstellung der Funktionsträger im Betrieb den theoretisch gleichfalls feststellbaren Tatbestand der Leistungsvor- bzw. -nachränge. ",181,"[126, 570, 879, 848]",1365,2.0164158596266112e+18,
2016415859626611327,W109684747,text,"Aus den bisherigen Ausführungen über die Art der Beziehungen zwischen den betrieblichen Phänomenen und über den Charakter der den Erscheinungen zugrunde liegenden GesetzmäBigkeiten ergibt sich der SchluB, daB die betriebswirtschaftliche Operationsforschung am erfolgreichsten bei den leitend-betreuenden Leistungen im Bereiche der Fertigung und am wenigsten erfolgreich bei den organisierenden Leistungen der obersten Unternehmungsleitung anwendbar ist. In den dazwischenliegenden Leistungsbereichen stellen wir eine von der Fertigung nach oben abnehmende Anwendbarkeit operationsanalytischer Verfahrenstechniken fest. In der Versicherung, dem Transport und der Lagerhaltung sind sie noch mit groBem Erfolg anwendbar, im Handel und in der Werbung nur noch sehr beschränkt aussagefähig. Verwendet man die Begriffe der verschiedenen Reifestadien, die ein Erzeugnis im Zuge seiner Konsumnäherung durchläuft (5), so könnte man sagen: ",181,"[128, 853, 877, 908]",1366,2.0164158596266112e+18,
2016415859626611329,W109684747,text,,182,"[124, 125, 873, 308]",1368,2.0164158596266112e+18,
2016415859626611330,W109684747,text,"In der Werkreife wegen der dort bestehenden quasi-ursächlichen, praktisch weitgehend determinierten Beziehungen möglich, ",182,"[122, 315, 873, 351]",1369,2.0164158596266112e+18,
2016415859626611331,W109684747,text,"in der Marktreife wegen der dort bestehenden quasi-ursächlichen, stochastischen Beziehungen beschränkt möglich, ",182,"[122, 356, 873, 392]",1370,2.0164158596266112e+18,
2016415859626611332,W109684747,text,Beziehungen unmöglich. ,182,"[168, 416, 392, 432]",1371,2.0164158596266112e+18,
2016415859626611333,W109684747,text,"Je aktiver, d. h. gestaltender eine Leistung ist, desto problematischer wird die Anwendung operationsanalytischer Verfahren; passive Leistungen, also stoffliche Güter, hingegen sind deren idealer Anwendungsbereich. ",182,"[126, 439, 875, 493]",1372,2.0164158596266112e+18,
2016415859626611334,W109684747,text,"Es gibt nun keine Grenze in dem Sinne, daB gesagt werden könnte: Hier ist sie noch anwendbar und hier nicht mehr. Insofern haben die Operationsforscher recht, wenn sie sagen, daB man von Fall zu Fall entscheiden müsse, ob erstens operationsanalytische Techniken angewendet werden können und gegebenenfalls welche in Frage kommen. Man kann aber, wie bemerkt, in allgemeiner Weise feststellen, dab die Anwendbarkeit abnimmt, je mehr man sich der obersten vorrangigen Gruppe der organisierenden Geschäftsführungsleistungen nähert, bzw. daB der Grad der Anwendbarkeit zunimmt, je näher man der nachrangigen Fertigung, dem beherrschbaren Produktionsproze kommt. ",182,"[124, 503, 875, 667]",1373,2.0164158596266112e+18,
2016415859626611335,W109684747,text,"Je mittelbarer die Wirkungen der vorrangigen organisierenden Führungsleistungen werden, je mehr sie gewissermaben verblassen, desto besser werden die Resultate der betriebswirtschaftlichen Operationsforschung. In der Lagerung, im Transport und in der Erzeugung sind die operationsanalytischen Kalkülformen bereits weitgehend dem Denkinhalt dieser Leistungsbereiche adäquat und daher erfolgversprechend. Bei vorrangigen Leistungen hingegen, beispielsweise bei der Entscheidungsfrage, ob ein Unternehmer sich diesem oder jenem Berufsverband, dieser oder jener Gebietsvertretung als Mitglied anschlieBen solle, um bestimmte Vorteile zu bekommen, versagt die Operationsforschung vollkommen. ",182,"[124, 678, 877, 861]",1374,2.0164158596266112e+18,
2016415859626611336,W109684747,text,"In der Personalführung hat sie bisher noch keine bemerkenswerten Erfolge gebracht, und diese sind auch kaum zu erwarten (6). ",182,"[120, 869, 875, 904]",1375,2.0164158596266112e+18,
2016415859626611338,W109684747,text,"Der in diesem Kapitel festgestellte Befund ergibt sich daraus, daB ",183,"[122, 124, 748, 141]",1377,2.0164158596266112e+18,
2016415859626611339,W109684747,text,"1. zwar die Produktionsleistungen und einige fertigungsnahe Leistungen, nicht aber die geistigen, organisierenden Leistungen weitgehend quantifizierbar sind; die führenden Leistungen im Betrieb haben keine mathematische Struktur, die unternehmerische Funktion läBt sich nicht restlos im Sinne der naturwissenschaftlichen Auffassung verwissenschaftlichen,   
2. wohl den technologischen Produktionszusammenhängen kausalmechanische GesetzmäBigkeiten zugrunde liegen, hingegen die sich aus den Sacherfordernissen der Wirtschaft ergebenden Zusammenhänge in den oberen Leistungsbereichen grundsätzlich Sinngesetze sind,   
3. zwar die Produktionszusammenhänge und jene des Vertriebs, nicht aber die Beziehungen höherer Leistungen in mathematische Funktionen bzw. stochastische Relationen approximierend gefaBt werden können,   
4. die Produktionsabläufe praktisch weitgehend determiniert sind,   
5. die in den unteren Leistungsbereichen bestehenden Quantitäten fast durchweg eindeutig bestimmt sind, während die GröBen in den höheren Bereichen mehrdeutig sind,   
6. es bedeutend leichter ist, Teilprozesse der Fertigung zu isolieren, als Teilleistungen höherer Bereiche aus dem Leistungszusammenhang zu trennen,   
7. die Konstruktion von Produktionsmodellen wegen der überschaubaren und relativ geringeren Anzahl von Variablen leichter ist als die Aufstellung von Modellen anderer Betriebsvorgänge,   
8. die Beziehungen im Erzeugungsbereich im allgemeinen linearer Natur sind,   
9. Experimente wohl in der Produktion jederzeit, nicht aber in den höheren Bereichen möglich sind. ",183,"[118, 149, 879, 626]",1378,2.0164158596266112e+18,
2016415859626611340,W109684747,text,"Die Erzeugung ist noch sehr stark durch die Technik beeinfluBt, ihre Probleme sind oft überhaupt nicht betriebswirtschaftlicher, sondern betriebstechnischer Art. ",183,"[124, 638, 879, 690]",1379,2.0164158596266112e+18,
2016415859626611341,W109684747,text,"Hält man sich an den Sprachgebrauch, der in sehr feiner Weise zwischen der Fertigungswirtschaft und der Fertigungstechnik unterscheidet, so wird es klar, daB hier die Nahtstelle zwischen der Wirtschaft und der Technik verläuft. Es herrscht nun - insbesondere bei den Technikern - die weitverbreitete Meinung, daB es genüge, einfach wirtschaftliche Werte (Kosten) in ein ursprünglich und grundsätzlich technisches Aussagensystem einzuführen, um die technische Welt in eine ökonomische umzubilden. Das ist aber unzureichend. Mit einer derartigen Transformation ist auBerdem nicht mehr erreicht, als daB aus der Fertigungstechnik eine Fertigungswirtschaft geworden ist (die Betonung liegt hierbei immer noch auf Fertigung); diese ist aber nur einer von vielen anderen wirtschaftlichen Leistungsbereichen und dazu noch der — rangmäBig betrachtet — niedrigste Funktionsbereich. Hier ist auch die Betriebswissenschaft zu Hause, die sich mit der Arbeitsvorbereitung, der Aufstellung von Maschinenbelastungsplänen usw. befat und die ein Mittelding zwischen den technischen Wissenschaften und der Betriebswirtschaftslehre ist. Produzieren ist aber noch nicht Wirtschaften. Die Produktionsstätte ist eine technische Angelegenheit, mit der gewirtschaftet wird (Rieger), sie ist wirtschaftlich gewissermaBen noch indifferent. ",183,"[124, 704, 879, 907]",1380,2.0164158596266112e+18,
2016415859626611343,W109684747,text,,184,"[126, 125, 871, 251]",1382,2.0164158596266112e+18,
2016415859626611344,W109684747,text,"Eine gewisse Ahnlichkeit besteht zwischen dem hier verwendeten Begriff der fertigungswirtschaftlichen Leistung und der betrieblichen Leistung von Illetschko (7); die letztere ist nicht mehr technisch, aber auch noch nicht wirtschaftlich im Sinne eines durch den Absatz abgeschlossenen Umsatzaktes. ",184,"[126, 261, 873, 332]",1383,2.0164158596266112e+18,
2016415859626611345,W109684747,text,"In der Fertigung freilich kann man noch weitgehend mit Kostenfunktionen arbeiten, denn die Fertigungskosten machen alle Bewegungen der ihnen zugrunde liegenden technischen Mengen mit. Sie verhalten sich so wie der Fabrikationsprozeb. Der KostenfluB (z. B. 1000 Geldeinheiten) deckt sich noch weitgehend mit dem MengenfluB (etwa 1000 PreBstunden der Maschine A), das Mengengerüst ist dem Kostengerüst noch sehr ähnlich. Das kann man von den Kosten der anderen Leistungen nicht mehr ohne weiteres sagen. ",184,"[126, 344, 873, 470]",1384,2.0164158596266112e+18,
2016415859626611346,W109684747,text,"Die Schwierigkeit der Kostenbewertung beginnt zwar schon in der Fertigungswirtschaft, ist hier aber noch am wenigsten spürbar; mit zunehmendem Vorrang der Leistungen wird die Bewertung (Quantifizierung) jedoch immer problematischer, und obendrein folgen die Kosten, die durch die nur bedingt mögliche Bewertung bereits unrichtig sind, nicht mehr den Bewegungen der ihnen zugrunde liegenden höheren Wesenheiten. ",184,"[126, 481, 873, 590]",1385,2.0164158596266112e+18,
2016415859626611347,W109684747,text,"In den fertigungsnahen Leistungsbereichen überwiegen noch die quantifizierbaren Leistungen, und die technischen Apparaturen mit ihren kausalen GesetzmäBigkeiten bestimmen noch weitgehend das Geschehen. Hier zeigen sich klare Verteilungsgesetze; so z. B. sind bestimmte Walzvorgänge durch die GauBsche Normalverteilung gekennzeichnet, und die Poissonsche Verteilung dürfte bei selten gekauften Artikeln eines Lagers zutreffen. Deshalb konnte auch gesagt werden, daB die betriebswirtschaftliche Operationsforschung in diesen Bereichen mit beachtlichem Erfolg anwendbar ist. ",184,"[124, 600, 875, 746]",1386,2.0164158596266112e+18,
2016415859626611348,W109684747,text,"Bei welchen Temperaturen das Erz im Hochofen geschmolzen wird, hängt nicht von dem Ermessen des Ingenieurs ab, sondern vom Schmelzpunkt des Eisens. Desgleichen unterliegt die Reparatur von Eisenbahngeleisen nicht der Dispositionsfreiheit eines Menschen, sondern der technischen Abnutzung des Materials. Je mehr die Abhängigkeiten technisch bestimmt sind, um so mehr ist es möglich, die Erscheinungen quantitativ zu fassen. Wenn man beispielsweise in einem Hafenbetrieb die Anzahl der Kräne, ihre Fassungskräfte und ihre Arbeitsgeschwindigkeit, die möglichen Arbeitsstunden pro Tag, die Anzahl der täglich eintreffenden Schiffe, Bahnwaggons oder Lastkraftwagen, die GröBe der Transportmittel und die Menge der ab- oder aufzuladenden Erze oder Kohlen kennt, dann kann man mit Hilfe der Operationsforschung einen optimalen Be- und Entladeplan berechnen; das gleiche gilt für die Aufstellung von Verschubplänen, wenn die Anzahl der Verschublokomotiven und ihre Zugkraft, die möglichen Arbeitseinsatzzeiten pro Tag, die Anzahl der zu verschiebenden Waggons pro Tag, das Verhältnis zwischen den Kontroll- und Verschubarbeiten und die Ankunftszeiten der eintreffenden Züge bekannt sind. Wenn der Bestand an Glühlampen in einem Betrieb unter Berücksichtigung des Ausfalls auf gleicher Höhe gehalten werden soll, so läBt sich das ebenfalls berechnen, denn die Ausfallintensität der neuen Glühbirnen ist zweifellos eine Funktion der Brenndauer $\left( \mathbf { f } _ { \mathbf { k } } \ \left( \mathbf { x } \right) \right)$ . ",184,"[124, 758, 875, 905]",1387,2.0164158596266112e+18,
2016415859626611350,W109684747,text,,185,"[122, 125, 875, 344]",1389,2.0164158596266112e+18,
2016415859626611351,W109684747,text,"Weil die Faktorenkombinationen in der Produktion und in den ihr nahen Leistungsbereichen praktisch nicht unendlich groB sind, kann man bei der Lösung derartiger Probleme operationsanalytisch vorgehen. ",185,"[124, 354, 875, 408]",1390,2.0164158596266112e+18,
2016415859626611352,W109684747,text,"Untersucht man die in der Literatur der betriebswirtschaftlichen Operationsforschung angeführten Beispiele, so findet man, was uns jetzt nicht mehr überrascht, daB der GroBteil aus dem Produktionsbereich bzw. aus den fertigungsnahen Leistungsbereichen des Transports und der Lagerung (wenn nicht überhaupt aus der Technik) stammt. ",185,"[124, 422, 875, 513]",1391,2.0164158596266112e+18,
2016415859626611353,W109684747,text,"Immer wieder - und wir müssen das als Betriebswirte mit aller Deutlichkeit herausstellen — wird auf die ZweckmäBigkeit operationsanalytischer Verfahren hingewiesen, und wenn dann die Richtigkeit der vorgebrachten Argumente bewiesen werden soll, dann werden fast durchweg Beispiele aus der reinen Erzeugung und Technik gebracht. Immer wieder wird von der Produktionsplanung gesprochen. ",185,"[124, 526, 875, 635]",1392,2.0164158596266112e+18,
2016415859626611354,W109684747,text,"Käfer sagt, daB die Gestaltung des Produktionsprogramms ,ein bevorzugtes Gebiet der betriebswirtschaftlichen Verfahrensforschung sei"" (8), und Leinweber bezeichnet die Beherrschung des Fertigungsablaufes als Hauptzweck mathematisch-statistischer Verfahren (9). ",185,"[124, 646, 877, 719]",1393,2.0164158596266112e+18,
2016415859626611355,W109684747,text,"Wir sind aber nicht der Meinung Frenckners (10), da dies nur deshalb so ist, weil es möglich war, ,den Auftraggebern schon ex ante kalkulatorisch klarzulegen, da die Anwendung operationsanalytischer Methoden sich lohnen würde"", sondern behaupten, daB die Gründe für die Anwendbarkeit der betriebswirtschaftlichen Operationsforschung in diesen Leistungsbereichen ganz anderer Natur sind. ",185,"[124, 733, 877, 842]",1394,2.0164158596266112e+18,
2016415859626611356,W109684747,text,"Im nachfolgenden werden einige Beispiele aus der Literatur angeführt, aus denen klar ersichtlich wird, bei welchen Problemen die Operationsforschung erfolgreich angewendet werden konnte. ",185,"[124, 853, 877, 907]",1395,2.0164158596266112e+18,
2016415859626611358,W109684747,text,Beispiele aus der Produktion und der Technik: ,186,"[133, 124, 798, 143]",1397,2.0164158596266112e+18,
2016415859626611359,W109684747,text,1. Optimale Schmelz- und Walzprogramme. ,186,"[137, 149, 553, 166]",1398,2.0164158596266112e+18,
2016415859626611360,W109684747,text,"2. Feststellung der Wahrscheinlichkeiten, mit denen Maschinen ausfallen. ",186,"[135, 172, 835, 189]",1399,2.0164158596266112e+18,
2016415859626611361,W109684747,text,3. Arbeitsvorbereitung. ,186,"[137, 196, 357, 212]",1400,2.0164158596266112e+18,
2016415859626611362,W109684747,text,4. Typenbeschränkung. ,186,"[137, 218, 357, 235]",1401,2.0164158596266112e+18,
2016415859626611363,W109684747,text,"5. Abfallverringerung.   
6. Statistische Quantitäts- und Qualitätskontrolle.   
7. Aufstellung von Reparaturplänen für die Reparaturen von Güterwaggons nach vorheriger Untersuchung des Abnutzungsgrades der Fahrgestelle, Unterflächen, Seiten- und Stirnwände usw.   
8. Organisierung von FlieBbandarbeiten bei gegebenem Absatz, Personalstand und Einkaufsmöglichkeiten. Hier funktioniert die betriebswirtschaftliche Operationsforschung deshalb besonders gut, weil der Mensch, der sich nach der FlieBgeschwindigkeit richten mub, ganz der Maschine, d. h. der Technik, untergeordnet wurde, er eigentlich nur mehr ein Fabrikationselement ist. (Diese Bemerkung besagt nicht, daB die Arbeit am FlieBband unbedingt auf die anderen Kräfte des Menschen zerstörerisch wirkt, sondern lediglich, da seine Arbeitsleistung genauso berechenbar geworden ist wie die Leistungen aller das FlieBband beliefernden Maschinen.)   
9. Beurteilung und Verbesserung der Fertigungsverfahren und Fertigungseinrichtungen.   
10. Bestimmung der optimalen LosgröBe.   
11. Optimale Produktionsprogramme.   
12. Optimale Mischungsverhältnisse in Erdöl-Raffinerieprozessen.   
13. Optimale Mehrmaschinenbedienung.   
14. Gestaltung von Setzkästen in Druckereien.   
15. Optimale Kohlenförderungssysteme.   
16. Optimale Ausnutzung von Stauseen in der Elektrizitätswirtschaft.   
17. Anpassung der Pflanzzeiten an die Erntezeiten in der Landwirtschaft.   
18. Beseitigung von Produktionsengpässen.   
19. Aufstellung von Wartungsplänen und Festlegung günstigster Zeitpunkte für Ersatzbeschaffungen.   
20. Optimale Maschinenanordnung (Flieband- oder Werkstattfertigung).   
21. Mechanisierung des Materialfusses.   
22. Der EinfluB von Wirkstoffzusätzen zu Motoröl auf den VerschleiB der Kolbenringe von Verbrennungsmotoren.   
23. Optimale Beschäftigungsaufteilung auf mehrere Fabriken. ",186,"[120, 228, 881, 911]",1402,2.0164158596266112e+18,
2016415859626611365,W109684747,text,Beispiele aus dem Transport: ,187,"[120, 127, 525, 144]",1404,2.0164158596266112e+18,
2016415859626611366,W109684747,text,"1. Belieferung von ZuckergroBhändlern durch Zuckerfabriken auf Grund eines Transportplanes (11). 2. Optimale GröBe eines Fuhrparks unter Berücksichtigung der Fahrzeugzahl, Fahrzeugtypen, Fahrzeuggeschwindigkeiten, Fahrzeugladefähigkeiten und der zu bewältigenden Entfernungen. 3. Aufstellung innerbetrieblicher Transportpläne. 4. Optimale Ausnutzung von Güterwaggons. 5. Beseitigung von Kreuzungsstauungen. 6. Abstimmung des optimalen Personaleinsatzes und der Reparaturen im Flugverkehr bei gegebenen Platzbuchungen. 7. Bestimmung der optimalen Löschungsverfahren, Schiffs- und KrangröBen bei Kohlen- und Erzverladungen. 8. Schaffung günstigster Verkehrsverbindungen. 9. Aufstellung von Fahr-, Flug- und Dienstplänen. 10. Rasche Abfertigung an Schaltern, Zollstellen, Brücken und Tunnels. ",187,"[124, 150, 879, 455]",1405,2.0164158596266112e+18,
2016415859626611367,W109684747,text,Beispiele aus der Lagerung: ,187,"[122, 467, 515, 484]",1406,2.0164158596266112e+18,
2016415859626611368,W109684747,text,"1. Optimale Dimensionierung des Lagers (die Rechnung ist besonders dann einfach, wenn, wie das bei Massengütern zutrifft, nur einmal im Jahr eingelagert wird und linear ausgeliefert wird.   
2. Beseitigung von Lagerengpässen.   
3. Schaffung von optimalen Lagerreserven.   
4. Bearbeitung von Lageraufträgen.   
5. Materialhandhabung (Ware in die Regale legen, zählen, abwiegen, ein- und auspacken, etikettieren usw.).   
6. Zwischenlager bei Mehrprodukten - Mehrstufenfertigung. ",187,"[128, 489, 881, 671]",1407,2.0164158596266112e+18,
2016415859626611369,W109684747,text,"Eng mit der Lagerung ist auch der Einkauf verknüpft und die betriebswirtschaftliche Operationsforschung daher auch in diesem Leistungsbereich möglich. Der Rhythmus des Arbeitstaktes bestimmt den Rhythmus der Materialanlieferung und somit auch die Beschaffung. Gutenberg geht sogar noch weiter und weist darauf hin, daB selbst Lieferwerke unselbständig werden und fabrikationstechnisch im Rhythmus der Bezieherwerke mitschwingen. ",187,"[122, 680, 879, 788]",1408,2.0164158596266112e+18,
2016415859626611370,W109684747,text,"Operationsanalytische Berechnungen in der Lagerwirtschaft werden insbesondere dort möglich sein, wo es sich um die Lagerung und Manipulierung von Verwendungsbeständen handelt, deren Höhe mit der Produktion abgestimmt werden kann, wenn also gewissermaBen für die Fertigung gelagert wird. Wenn hingegen für den Handel gelagert wird - aber auch bei ,,Sicherheitslagerbeständen"" —, dann beginnen wieder die von auBen kommenden Einflüsse zu wirken und erschweren das Rechnen. Also je nachdem, ob die Lagerhaltung marktorientiert oder produktionsorientiert ist, wird die Operationsforschung zu brauchbaren oder weniger brauchbaren Ergebnissen führen. ",187,"[122, 797, 879, 908]",1409,2.0164158596266112e+18,
2016415859626611372,W109684747,text,,188,"[126, 125, 875, 178]",1411,2.0164158596266112e+18,
2016415859626611373,W109684747,text,"Selbst in Fällen, die als Beweis für die Anwendbarkeit der betriebswirtschaftlichen Operationsforschung in höheren Bereichen angeführt werden, stellt es sich nach einer kurzen betriebswirtschaftlichen Analyse oft heraus, daB es sich in Wirklichkeit nicht um derartige Leistungen handelt, sondern daB diese Verrichtungen in der Rangliste der Leistungen tiefer liegen, also ebenfalls den erzeugungsnahen Bereichen angehören. ",188,"[124, 189, 875, 298]",1412,2.0164158596266112e+18,
2016415859626611374,W109684747,text,Beispiele für die unrichtige Einordnung einer Tätigkeit: ,188,"[126, 314, 875, 332]",1413,2.0164158596266112e+18,
2016415859626611375,W109684747,text,"1. Die statistische Qualitätskontrolle gehört auch dann in die Produktion, wenn die Qualität einer Handelsware, z.B. von Kaffee, Baumwolle, Getreide, geprüft wird.   
2. Das ,Absatz""-Problem bei Beisber (12) ist in Wirklichkeit ein Lagerproblem.   
3. Das Verteilungsproblem bei Hertz-Miller und Robinson (13) ist in Wirklichkeit ein Kontrollsystem der Auslieferungslager und Verteilstellen.   
4. Die unternehmerischen Entscheidungen bei Knippenberg (14) darüber, ob eine von vier Fabriken modernisiert, an einen anderen Standort verlegt oder gesperrt werden soll, ist im Wesen als Transportproblem aufgefaBt worden. Mittelbare Kosten der Stillegung wurden nicht berücksichtigt.   
5. Der Bebauungsplan eines Grundstücks ist nicht mit dem Standortproblem zu verwechseln (15).   
6. Die Flugzeugüberholung hat nichts mit dem Transport zu tun, sondern ist eine Leistung des Produktionsbereiches.   
7. Die Planung von Investitionsprogrammen betrifft meistens die Anschaffung von Maschinen für einen bestimmten Produktionsproze und ist daher ebenfalls ein Teil der Fabrikationsplanung.   
8. Das in der amerikanischen Literatur anzutreffende Vertreterproblem (Travelling Salesman Problem) ist im Wesen ein Transportproblem.   
9. Das Problem der ,Warteschlangen im Verkauf"" bei Baumol, W. J. hat nichts mit dem Verkaufen zu tun, sondern ist ein Abfertigungsproblem (16). ",188,"[130, 341, 879, 778]",1414,2.0164158596266112e+18,
2016415859626611376,W109684747,text,"Sehr häufig trifft man Beispiele an, in denen Standortprobleme behandelt werden. Diese Standortprobleme werden als unternehmerische Anliegen bezeichnet, letzten Endes aber doch immer nur als einfache Transportprobleme formuliert und mit Hilfe des linearen Programmierens gelöst. Andere Standortfaktoren bleiben unberücksichtigt. Obwohl zugegeben werden muB, daB die Transportkosten für die Auswahl eines bestimmten Standortes von groBer Bedeutung sind, so ist doch nicht zu übersehen, dab es eine Reihe anderer standortbestimmender Faktoren gibt, die die Entscheidungen für einen Standort ebenfalls maBgeblich beeinflussen können. Das trifft insbesondere bei Betrieben zu, bei denen die Transportkosten überhaupt keine Rolle spielen, beispielsweise bei Banken, Versicherungen, Hotelbetrieben, aber auch bei manchen Industrie- und Handelsbetrieben. ",188,"[122, 793, 875, 905]",1415,2.0164158596266112e+18,
2016415859626611378,W109684747,text,,189,"[124, 125, 875, 232]",1417,2.0164158596266112e+18,
2016415859626611379,W109684747,text,"Die Standortbestimmung mittels operationsanalytischer Verfahren kann also höchstens ergänzend zu den Überlegungen treten, bei denen die betriebswirtschaftliche Standortlehre die wichtigsten Entscheidungsunterlagen zur Verfügung stellt. ",189,"[124, 247, 875, 319]",1418,2.0164158596266112e+18,
2016415859626611380,W109684747,text,"Ganz offensichtlich wird die unrichtige Einordnung von Leistungen bei jenen ,Verkaufs""-Leistungen, die ihrem Wesen nach nichts anderes als Versandtätigkeiten sind und somit, betriebswirtschaftlich gesehen, gar nicht auf die Stufe des Verkaufs, des Handels, gehören. Es muB vom betriebswirtschaftlichen Wesen der Leistung ausgegangen werden und nicht davon, in welcher Branche oder Betriebsabteilung die Leistung erbracht wird. Der Markt ist kein lokaler Begriff, sondern sagt etwas über die Stufe in der Konsumannäherung aus. ",189,"[124, 332, 875, 460]",1419,2.0164158596266112e+18,
2016415859626611381,W109684747,text,"Wir müssen — stufenmäbig betrachtet — innerhalb der Handelsleistung ebenfalls eine Rangreihung vornehmen; mindestens eine Zweiteilung, wobei die Ubertragung von Eigentumsrechten (Verkauf) die höhere und die technische Abwicklung (Versand, Verpackung, Fakturierung usw.) die niedrigere Stufe einnimmt. Im ersten Fall ist der den Abnehmern zugewandte Verkauf gemeint, im zweiten die technische Abwicklung eines bereits getätigten Verkaufes. Weil man meinen könnte, daB diese Gliederung nicht so bedeutungsvoll sei, muB bemerkt werden, daB sie wohl von groBer Wichtigkeit ist. Es wird nämlich gar nicht so selten gesagt, daB die betriebswirtschaftliche Operationsforschung auch im Verkauf eindeutige Ergebnisse liefern könne; uns erscheint es aber, als wäre das nur bei den ,,verkaufstechnischen"" Leistungen, eben des Versandes usw., ohne weiteres möglich, nicht aber im gleichen AusmaBe bei der ,Marktverkaufsleistung"". Wohl hat die moderne Marktforschung einschlieBlich der neuen operationsanalytischen Techniken manche stochastische Nachfrage- und MarktgesetzmäBigkeiten aufgedeckt, und somit konnte auch die Markt-Verkaufsleistung in die betriebswirtschaftliche Operationsforschung bis zu einem gewissen Grade einbezogen werden, aber im Vergleich zu den ,verkaufstechnischen"" Leistungen sind die Ergebnisse operationsanalytischer Berechnungen auf dem Gebiete der Marktverkaufsleistungen nur Annäherungsresultate und können nur solche sein. ",189,"[122, 476, 879, 842]",1420,2.0164158596266112e+18,
2016415859626611382,W109684747,text,Das Eindringen der Operationsforschung in den Funktionsbereich des Handels spiegelt die von Schäfer bereits kritisierte Vorherrschaft produktionswirtschaftlichen Denkens in der Betriebswirtschaft wider. ,189,"[122, 853, 875, 907]",1421,2.0164158596266112e+18,
2016415859626611384,W109684747,text,Beispiele aus dem Handel (Verkauf): ,190,"[126, 124, 625, 141]",1423,2.0164158596266112e+18,
2016415859626611385,W109684747,title,I. Verkaufstechnische Leistungen,190,"[135, 150, 449, 166]",1424,,1.0
2016415859626611386,W109684747,text,"1. Zeitliche und räumliche Planung des Vertretereinsatzes, d. h. die Erstellung von Vertreterbesuchsplänen, bei denen es entweder darauf ankommt, die kürzeste Totalentfernung vom Ausgangsort über alle in Betracht kommenden Besuchsorte zum Ausgangsort zurück festzustellen, oder aber darauf, die niedrigsten Kosten bzw. die kürzeste Zeit zu berechnen (Routing oder Travelling Salesman Problem).   
2. Versandplanung einschlieBlich Warenzusammenstellung, Verpackung, Fakturierung und Auslieferung.   
3. Dimensionierung der Anzahl des Verkaufspersonals eines Warenhauses mit Hilfe der Warteschlangentheorie.   
4. Berechnung der notwendigen Anzahl von Registrierkassen in Selbstbedienungsläden mittels der Warteschlangentheorie. ",190,"[153, 172, 879, 400]",1425,2.0164158596266115e+18,
2016415859626611387,W109684747,text,II. Markt- und Verkaufsleistungen ,190,"[128, 410, 455, 428]",1426,2.0164158596266115e+18,
2016415859626611388,W109684747,text,1. Bestimmung des optimalen Warensortiments auf Grund der Marktnachfrage. ,190,"[155, 434, 875, 468]",1427,2.0164158596266115e+18,
2016415859626611389,W109684747,text,2. Optimale Distriktseinteilung. ,190,"[155, 473, 453, 490]",1428,2.0164158596266115e+18,
2016415859626611390,W109684747,text,3. Bestimmung des Marktanteiles in einem Verkaufsgebiet. ,190,"[155, 496, 715, 512]",1429,2.0164158596266115e+18,
2016415859626611391,W109684747,text,4. Quantitative Werbeerfolgskontrollen. ,190,"[160, 516, 528, 534]",1430,2.0164158596266115e+18,
2016415859626611392,W109684747,text,"Im übrigen muB mit aller Entschiedenheit vor Zahlenspielereien auf dem Gebiete der Marktforschung gewarnt werden; wenn, wie in einem Falle angeführt wird, angeblich 4 Stunden pro Monat und Kunde ausreichen, um $30 \%$ der Kunden, die wenig kaufen, umzustimmen, mehr zu kaufen, und mehr als 4 Stunden pro Monat und Kunde eher schädlich sind oder gar 1 Stunde pro Monat und Kunde zur Erhaltung der Geschäftsbeziehungen genügt, so erscheint uns der Wert derartiger Resultate sehr fraglich (17). Ein Kunde ist nicht gleich einem anderen Kunden, und ein Vertreter ist nicht gleich einem anderen Vertreter. In dieser Analyse sind wichtige Elemente, wie die Qualität der Werbung, die Art der Verkaufsorganisation, die Zahlungsbedingungen, die Warenqualität usw., nicht berücksichtigt worden. Ganz zu schweigen von dem, was in dieser Stunde zwischen dem Kunden und dem Vertreter gesprochen wurde und in welchem Grade der Vertreter dem Kunden sympathisch war. ",190,"[122, 544, 879, 782]",1431,2.0164158596266115e+18,
2016415859626611393,W109684747,text,"Mit einiger Skepsis ist auch den sogenannten Einkaufsspielen zu begegnen, bei denen experimentell festgestellt werden soll, in welchen Geschäften Kunden kaufen, wenn ",190,"[124, 791, 875, 845]",1432,2.0164158596266115e+18,
2016415859626611394,W109684747,text,"a) sie einen bestimmten Gegenstand kaufen wollen, man die Fahrtkosten berücksichtigt, mehrere Geschäfte zur Verfügung stehen, ",190,"[122, 852, 619, 905]",1433,2.0164158596266115e+18,
2016415859626611396,W109684747,text,"d) unbekannt ist, wo am günstigsten gekauft wird,   
e) aus Zeitmangel nicht alle in Frage kommenden Geschäfte aufgesucht werden können. ",191,"[124, 125, 873, 178]",1435,2.0164158596266115e+18,
2016415859626611397,W109684747,text,"Es wird in einem derartigen Einkaufsspiel nämlich wieder nicht berücksichtigt, ob es regnet, wie grob die Werbekraft des Geschäftes ist, welche Zahlungsbedingungen dem Käufer eingeräumt werden, wie die Dringlichkeit des Bedarfs ist, von welcher Qualität die Ware ist und welche Beziehungen zwischen dem Käufer und dem Geschäftsmann bestehen. ",191,"[122, 192, 873, 282]",1436,2.0164158596266115e+18,
2016415859626611398,W109684747,text,"Das Einkaufsspiel basiert auf der Annahme des blinden Zufalls. In Wirklichkeit kauft man aber nicht im erstbesten Geschäft (das macht man nicht einmal in einer fremden Stadt), sondern wählt einmal überhaupt ein Geschäft aus, das die gewünschte Ware voraussichtlich führen wird, und weiter eines, von dem eine werbliche Wirkung ausgeht usw. Verkaufen und Werben sind mehr als nur eine Angelegenheit des Rechnens; hier spielen die bereits auBerhalb der Wirtschaft stehenden Bedürfnisse eine maBgebende Rolle, und diese entziehen sich weitgehend der Quantifizierung. ",191,"[122, 299, 875, 445]",1437,2.0164158596266115e+18,
2016415859626611399,W109684747,text,"Die Art der Leistungserstellung und der Vorrang der verschiedenen Leistungen sind die Kriterien dafür, ob bzw. in welchem Ausmab die betriebswirtschaftliche Operationsforschung erfolgreich sein kann. Ohne den Begriff des Vorranges, der auch hier wieder seinen hohen Erkenntniswert beweist, und ohne die damit festgelegte Reihenfolge der Leistungen wäre man nicht zu dem in diesem Abschnitt aufgezeichneten Ergebnis gekommen. ",191,"[122, 461, 875, 571]",1438,2.0164158596266115e+18,
2016415859626611400,W109684747,title,"Die Begriffe ,,Betriebslehre"" und ,,Verkehrslehre""",191,"[124, 599, 621, 616]",1439,2.0164158596266115e+18,2.0
2016415859626611401,W109684747,text,"Als ein wirkungsvoll bestimmendes Kriterium für die Anwendbarkeit der betriebswirtschaftlichen Operationsforschung erweist sich das Begriffspaar ,,Betriebslehre"" und ,Verkehrslehre"". Unter Verkehrslehre wird hierbei im Gegensatz zur Lehre vom Innenbetrieb jener Zweig der Betriebswirtschaftslehre verstanden, der sich ,mit den auBerwirtschaftlichen Vorgängen von Einzelwirtschaften befaBt"" (18). Im allgemeinen können Probleme der Betriebslehre, also innerbetriebliche Fragen, leichter operationsanalytisch bearbeitet werden als zwischenbetriebliche Angelegenheiten. Das ergibt sich daraus, da die Entscheidungsvariablen bei innerbetrieblichen Problemen im Machtbereich der Geschäftsleitung liegen, also von einer Person oder Instanz kontrolliert und beherrscht werden, im wesentlichen betriebsinterne GröBen darstellen und nicht oder nur schwer von auBenstehenden Personen beeinfluBt werden können. Der Grad der Ungewiheit zukünftiger Entwicklungen ist kleiner, und zwar deshalb, weil die gesetzten Leistungen von dem Willen der Geschäftsleitung abhängen und diese ja wei, welche Aktionen sie ergreifen will. ",191,"[122, 630, 879, 907]",1440,2.0164158596266115e+18,
2016415859626611404,W109684747,text,"Bei zwischenbetrieblichen Problemen hingegen können Dritte, wie z. B. Kunden, Lieferanten, Konkurrenten, die Öffentlichkeit, das Geschehen u. U. so stark beeinflussen, daβ es unmöglich wird, etwas zu berechnen. Die AuBeneinflüsse, die von den genannten Personengruppen ausgehen, aber auch die Einwirkungen der übergeordneten Wirtschaftsstufen, nämlich der Volkswirtschaft, der GroBraum- und Weltwirtschaft, können so stark sein, die Reaktionen der AuBenstehenden so unterschiedlich, dab u. U. nicht einmal die Bildung brauchbarer Ausgangsmodelle möglich ist. ",192,"[124, 124, 871, 269]",1443,2.0164158596266115e+18,
2016415859626611405,W109684747,text,"Der Versuch, zwischenbetriebliche Probleme mit Hilfe der Spieltheorie zu lösen, wird in einer Marktwirtschaft, in der mit den unterschiedlichsten menschlichen Aktionen und Reaktionen gerechnet werden muB, kaum jemals zu einem Erfolg führen können. Die praktische Anwendung hat sich bisher auf die einfachen Zwei-Personen-Nullsummenspiele beschränkt, von denen selbst die Begründer der Spieltheorie sagen, daB sie kaum auf ökonomische Probleme angewendet werden können (19). Es ist daher ziemlich zweifelhaft, daB es jemals zu der von Gutenberg erwarteten Auseinandersetzung zwischen der Betriebswirtschaftslehre und der Spieltheorie kommen wird. Bekanntlich sind ja Zwei-Personen-Nullsummenspiele für die Lösung von Problemen in Gesellschaftsspielen und zur Darstellung von fixierten Sozialstrukturen geeignet, kaum hingegen sind sie für die Berechnung betriebswirtschaftlicher Probleme, die bestenfalls durch Nicht-Nullsummenspiele approximiert werden könnten, brauchbar. Weil aber auch diese Spiele letzten Endes durch den mathematischen Trick der Einführung eines ,fiktiven Spielers"" zu Nullsummenspielen werden, bleibt auch die Anwendbarkeit der Nicht-Nullsummenspiele auf betriebswirtschaftliche Probleme sehr beschränkt. Das liest man selbst bei Morse, der feststellt, daB die realen Sachverhalte viel zu kompliziert sind, als dab sie mittels der Spieltheorie behandelt werden könnten; in den spieltheoretischen Modellen sei der Wettbewerb auf seine einfachsten Elemente zurückgeführt (20). Optimistischer ist d'Abranyi, der behauptet, daB auch dann, wenn man spieltheoretische Modelle für Zwecke der Unternehmungsführung nicht verwenden kann, diese Art der Systematisierung der verschiedenen Variablen in einem Entscheidungsproblem doch sehr wertvoll sein könne (21). ",192,"[124, 274, 875, 716]",1444,2.0164158596266115e+18,
2016415859626611406,W109684747,text,"Bis zu einem gewissen Grade ist die Gliederung Illetschkos (22) in technische Leistungen, betriebliche Leistungen und wirtschaftliche Leistungen der Einteilung in Betriebslehre und Verkehrslehre ähnlich. Die technischen und betrieblichen Leistungen könnten der Betriebslehre zugeordnet werden und die wirtschaftlichen Leistungen etwa den zwischenbetrieblichen Leistungen der Verkehrslehre gleichgesetzt werden. Es kommt in diesem Zusammenhang weniger darauf an, ob diese Gleichsetzung vollkommen zutreffend ist, als vielmehr auf den Hinweis darauf, daB die betriebswirtschaftliche Operationsforschung bei den technischen und betrieblichen Leistungen eher möglich ist als bei den wirtschaftlichen Leistungen. ",192,"[124, 722, 875, 904]",1445,2.0164158596266115e+18,
2016415859626611408,W109684747,text,"Auch die Gutenbergsche Einteilung (23) in den technischen Bereich der Leistungserstellung, den kommerziellen Bereich der Leistungsverwertung und den finanziellen Bereich der Finanzsphäre kann hier genannt werden; in Anlehnung an die bisherigen Ausführungen würden wir behaupten, daB die betriebswirtschaftliche Operationsforschung in der Leistungserstellung und auch in der Finanzsphäre eher möglich ist als in der kommerziellen Leistungsverwertung. ",193,"[118, 125, 873, 234]",1447,2.0164158596266115e+18,
2016415859626611409,W109684747,text,"Die Unterscheidung in die Betriebs- und die Verkehrslehre deckt sich auch weitgehend mit der Gruppierung der Abläufe des inneren bzw. äuBeren Problemkreises bei Daenzer (24). Während der innere Problemkreis bei Daenzer Fragen der Produktionsgestaltung, der Ermittlung optimaler Arbeitsverfahren, der Steuerung der Produktion, der Kapazitätsdisposition, der Materialbeschaffung, der Zeitdisposition, der Kostenerfassung usw. umfaBt, enthält der äuBere Probleme des Absatzes, der Beschaffung, des Behörden- und Verbändeverkehrs. Auch hier kann der SchluB gezogen werden, daB die betriebswirtschaftliche Operationsforschung zur Lösung von Fragen des inneren Problemkreises eher beitragen kann als zur Lösung von solchen des äuBeren Kreises. Ahnlich sagt Wittmann, daB die GröBen des AuBenbereichs der Erstellung von zuverlässigen Prognosen gröBere Schwierigkeiten entgegensetzen als jene des Innenbereichs (25). ",193,"[120, 244, 875, 465]",1448,2.0164158596266115e+18,
2016415859626611410,W109684747,title,Die BetriebsgröBe,193,"[126, 489, 322, 506]",1449,2.0164158596266115e+18,2.0
2016415859626611411,W109684747,text,"Grundsätzlich ist die betriebswirtschaftliche Operationsforschung von der BetriebsgröBe unabhängig. Die operationsanalytischen Verfahrenstechniken gelten für alle Betriebe. Trotzdem ist die BetriebsgröBe bei der Frage nach der Anwendbarkeit von entscheidender Bedeutung. Kleinbetriebe und sicherlich auch der GroBteil der Mittelbetriebe werden sich - zumindest in absehbarer Zeit — nicht mit der betriebswirtschaftlichen Operationsforschung beschäftigen; aber nicht etwa aus mangelnder Einsicht, sondern einfach deshalb, weil sich diese Betriebe die meistens für Operationsanalysen unerläBlichen Fachkräfte und Rechengeräte nicht leisten können. Es wurde früher bereits gesagt, da man auch mit dem Bleistift linear programmieren könne, daB aber der ganze Rechenvorgang dann so lange Zeit dauern würde, daB das Ergebnis im Zeitpunkt seiner Ausrechnung bereits längst überholt wäre. Und stellte man mehr Personal ein, um derartige Rechnungen durchzuführen, so würde das so teuer kommen, daB das Resultat in keinem wirtschaftlichen Verhältnis zu den Kosten stehen würde. ",193,"[124, 513, 881, 791]",1450,2.0164158596266115e+18,
2016415859626611412,W109684747,text,"Es ist zweifellos auch eine Frage der Wirtschaftlichkeit, ob Verfahrenstechniken der betriebswirtschaftlichen Operationsforschung angewendet werden können. Nach Untersuchungen, die in den USA durchgeführt wurden, belaufen sich die Kosten eines einzigen OR-Projektes auf 10 000 bis 100 000 Dollar, die durchschnittlichen Kosten für einen Operationsforscher auf 20 000 Dollar, und vermutlich sind diese Kosten in der Zwischenzeit noch gestiegen. ",193,"[128, 798, 881, 908]",1451,2.0164158596266115e+18,
2016415859626611415,W109684747,text,"Für Betriebe, die an der Grenze zwischen der mittleren und der oberen BetriebsgröBenklasse stehen und die noch nicht so groB sind, um sich eine eigene OF-Abteilung mit entsprechenden Rechengeräten anzuschaffen, wird es oft möglich sein, bestimmte Rechenaufgaben auBenstehenden Rechenzentren zu übertragen. Vielleicht wird es in der Zukunft nicht nur Fernbuchhaltungen, sondern auch ,,Fernplanungsrechnungen"" geben. Die technischen Voraussetzungen, insbesondere die Lochstreifen und FS-Technik, sind jedenfalls gegeben. ",194,"[126, 124, 875, 251]",1454,2.0164158596266115e+18,
2016415859626611416,W109684747,text,"Allen anderen Betrieben aber ist es aus finanziellen Gründen bei dem gegenwärtigen Stand der Technik unmöglich, eine betriebswirtschaftliche Operationsforschung zu betreiben. ",194,"[126, 261, 875, 314]",1455,2.0164158596266115e+18,
2016415859626611417,W109684747,text,"Es wäre ungerecht, diese Betriebe der Ignoranz zu bezichtigen, und zeugt von mangelndem betriebswirtschaftlichem Verständnis, wenn gefordert wird, daB auch diese Betriebe strategische Planungsrechnungen der in Frage stehenden Art aufbauen sollten. ",194,"[126, 322, 875, 395]",1456,2.0164158596266115e+18,
2016415859626611418,W109684747,text,"Die betriebswirtschaftliche Operationsforschung ist eine Angelegenheit groBer Betriebe; das hat unseres Wissens Käfer bisher als einziger in die Definition der betriebswirtschaftlichen Operationsforschung einbezogen, als er sagte, daB sie eine Methode sei, die Unterlagen für die von den Leitern gröBerer Organisationen zu treffenden Entscheidungen schafft. ",194,"[126, 403, 875, 494]",1457,2.0164158596266115e+18,
2016415859626611419,W109684747,text,"Für die BetriebsgröBe gibt es kein einheitliches Kriterium; ob ein Betrieb klein, mittelgrob oder groB ist, hängt von der Branche und von der Volkswirtschaft, in der er sich befindet, ab. Unternehmungen mit 1000 Beschäftigten gelten in einem Lande als Mittelbetriebe, in einem anderen bereits als Grobetriebe. Die gleiche Anzahl der Beschäftigten macht eine Automobilfabrik zum Kleinbetrieb und ein holzverarbeitendes Unternehmen zum GroBbetrieb. ",194,"[126, 503, 875, 612]",1458,2.0164158596266115e+18,
2016415859626611420,W109684747,text,"Weil es immer Klein- und Mittelbetriebe geben wird, wird die betriebswirtschaftliche Operationsforschung eine Angelegenheit einiger weniger GroBunternehmungen bleiben, und es ist eine Illusion, zu meinen, daB sie die ,konventionelle"" Betriebswirtschaftslehre ablösen könnte. Die Wirtschaft besteht nicht aus einer mehr oder weniger kleinen Gruppe von GroBindustriebetrieben, sondern daneben noch aus einer viel gröBeren Zahl von Mittel- und Kleinbetrieben; das zu übersehen ist einer der gröBten Fehler, den Operationsforscher begehen können. Eine betriebswirtschaftliche Theorie ist aber nicht nur für die Giganten da, sondern mu alle Arten und GröBen von Wirtschaftsbetrieben betreuen. ",194,"[124, 622, 877, 804]",1459,2.0164158596266115e+18,
2016415859626611421,W109684747,title,d) Der Umfang des Problems,194,"[126, 823, 407, 840]",1460,2.0164158596266115e+18,3.0
2016415859626611422,W109684747,text,"Je kleiner das zu untersuchende Problem ist und je gefahrloser man Teilprobleme aus einem Gesamtproblem isolieren kann, desto erfolgreicher wird man mit den Verfahren der betriebswirtschaftlichen Operationsforschung arbeiten können. Ein Detailproblem aus der Lagerhaltung wird zweifellos einfacher zu lösen sein als ein weitgefaBtes Problem der Investitionspolitik. Totalprobleme schlieblich, wie z. B. die gesamte Unternehmungspolitik, können operationsanalytisch überhaupt nicht behandelt werden. ",194,"[124, 850, 875, 904]",1461,2.0164158596266115e+18,
2016415859626611424,W109684747,text,,195,"[122, 125, 875, 196]",1463,2.0164158596266115e+18,
2016415859626611425,W109684747,text,"Mit der zunehmenden GröBe des Problems wächst die Anzahl der in das Modell eingehenden Daten, die Beziehungen werden immer verwickelter und schlieBlich so unübersichtlich, daB die Operationsforschung keine brauchbaren Resultate mehr liefern kann. Es wird zwar oft behauptet, daβ sich die Operationsforschung mit dem Totaloptimum beschäftige, daB sie sich darum kümmere, ob das System als ein Ganzes mit optimaler Wirtschaftlichkeit arbeite; aber in Wirklichkeit beweisen alle Beispiele, daB dies nicht zutrifft, sondern vielmehr nur Teilprobleme analysiert werden. Das ist aber auch verständlich, und es sollte nicht mehr verlangt werden. Der Betrieb als eine Ganzheit läBt sich modellhaft nicht erfassen. Die betriebswirtschaftliche Operationsforschung kann einfach nicht mit dem Betrieb als ganzem arbeiten, sie muB von der Teilbarkeit der Totalprobleme in Teilprobleme ausgehen, sie kann nur die Teiloptima berechnen und diese additiv zu einem Totaloptimum zusammenfügen. Konsequent wird daher auch — wie Lamann beweist (26) - in der Linearplanung die Konzeption einer umfassenden Produktionsfunktion aufgegeben, und statt dessen werden Teilprozesse behandelt. Die Produktionsfunktion ist als kostentheoretisches Instrument nur in relativ eng begrenzten Fällen anwendbar, und daher ist es fruchtbarer, die Fragestellungen einzuengen. ",195,"[122, 208, 879, 538]",1464,2.0164158596266115e+18,
2016415859626611426,W109684747,text,"Ist ein Problem 1) eng begrenzt und stammt es 2) aus der Fertigungswirtschaft oder aus einem fertigungsnahen Leistungsbereich, dann kann selbst in Fällen, in denen andere Leistungen auf dieses in Frage stehende Problem (z. B. Lagerdetailproblem) unmittelbar einwirken, die Operationsforschung erfolgreich einsetzen, und zwar deshalb, weil wegen der Enge des Problems die Fernwirkungen anderer Leistungen so schwach werden, daB die rechenhafte Lösung noch brauchbar bleibt. In einem solchen Falle wird das Teiloptimum nicht im Gegensatz zum Gesamtoptimum der Unternehmung stehen. Wenn beispielsweise eine Automobilfabrik mit gegebener Montage-, PreB- und Motorenbaukapazität vor der Frage steht, in welchem Verhältnis sie PKW und LKW produzieren soll, so kann dieses Problem fertigungstechnisch ohne Schwierigkeiten gelöst werden. Damit ist aber erst ein Teil - zugegebenermaBen ein sehr wichtiger - analysiert. ",195,"[122, 549, 879, 769]",1465,2.0164158596266115e+18,
2016415859626611427,W109684747,title,"e) Das Ausmab, in dem sich die Arbeiten wiederholen",195,"[122, 788, 640, 806]",1466,2.0164158596266115e+18,3.0
2016415859626611428,W109684747,text,"Während sich einmalige MaBnahmen, insbesondere schöpferische Leistungen, operationsanalytisch nicht verarbeiten lassen, eignen sich alle repetitiven Vorgänge in hohem MaBe für die Behandlung durch die betriebswirtschaftliche Operationsforschung. Je mehr der Grad der Wiederholbarkeit zunimmt, desto besser werden die Ergebnisse. Jene Erzeugungsprozesse schlieBlich, die sich in vollständig gleicher Weise tagein, tagaus wiederholen, also insbesondere in Betrieben mit kontinuierlicher Fertigung, bieten dem Operationsforscher ein ideales Betätigungsfeld. Es ist daher verständlich, dab er bestrebt ist, das Betriebsgeschehen so zu gestalten, daB möglichst viele Arbeiten exekutiv-repetitiv durchgeführt werden können. Um die Tätigkeiten in dieser Weise zu organisieren, ist es erforderlich, alle Leistungen in ihre Leistungselemente zu zerlegen und die repetitiven Teile von den initiativen zu trennen. ",195,"[122, 817, 879, 908]",1467,2.0164158596266115e+18,
2016415859626611430,W109684747,text,,196,"[124, 125, 871, 251]",1469,2.0164158596266115e+18,
2016415859626611431,W109684747,text,"Die repetitiven Tätigkeiten werden programmiert und sind somit der operationsanalytischen Verarbeitung zugänglich; die initiativ-schöpferischen Leistungen verbleiben auBerhalb der betriebswirtschaftlichen Operationsforschung und müssen weiterhin in ,konventioneller"" Weise behandelt werden. Unglücklicherweise - sagt Pocock (27) - haben manche Operationsforscher noch nicht erkannt, daB nicht alle Betriebsprobleme durch das Vorhandensein groBer Zahlen und daher durch die Repetition bestimmt sind. Es sei aber gerade das Sich-Wiederholen der Tätigkeiten (the repetition of action), das eine operationsanalytische Behandlung der Probleme mittels verschiedener Techniken überhaupt erst ermögliche. ",196,"[124, 261, 873, 442]",1470,2.0164158596266115e+18,
2016415859626611432,W109684747,text,"Weil der Vorgang der Zergliederung in repetitive und schöpferische Leistungselemente so eng mit dem InformationsfluB im Betrieb verbunden ist und weil der ganze organisatorische Aufbau der Unternehmung dadurch beeinfluBt wird, sprechen die Amerikaner von dem Aufkommen einer neuen ,Informationstechnologie"". Diese wird, wie bereits erwähnt, nach der Meinung von Leavitt und Whisler die Organisation der Betriebe in der zweiten Hälfte dieses Jahrhunderts maBgebend bestimmen. Ihrer Meinung nach wird das mittlere Management verschwinden, und dessen Funktionen werden, sofern es sich um schöpferische Leistungselemente handelt, von der Geschäftsleitung, und sofern die Funktionselemente exekutiv-repetitiver Natur sind, von untergeordneten Instanzen bzw. von den Maschinen übernommen werden. ",196,"[122, 451, 873, 651]",1471,2.0164158596266115e+18,
2016415859626611433,W109684747,text,Erwähnenswert ist in diesem Zusammenhang auch die von Gutenberg (28) vorgenommene Teilung des Arbeitsfaktors in ,196,"[122, 659, 869, 694]",1472,2.0164158596266115e+18,
2016415859626611434,W109684747,text,a) objektbezogene Arbeitsleistungen und dispositive Arbeitsleistungen. ,196,"[122, 701, 505, 739]",1473,2.0164158596266115e+18,
2016415859626611435,W109684747,text,"Die ersten sind nämlich weitgehend exekutiv-repetitiv und daher einer operationsanalytischen Behandlung zugänglich, die dispositiven Arbeitsleistungen hingegen als führende organisierende Leistungen nicht oder nur zum Teil. ",196,"[122, 751, 871, 804]",1474,2.0164158596266115e+18,
2016415859626611436,W109684747,title,f) Das Wirtschaftssystem und der Mensch,196,"[122, 823, 515, 840]",1475,2.0164158596266115e+18,3.0
2016415859626611437,W109684747,text,"In der Technik funktionieren die Verfahren der Operationsforschung einwandfrei. Alle Prozesse können genauestens berechnet und die erforderlichen Entscheidungen daher ebenfalls präzise bestimmt werden. Die Schwierigkeiten beginnen erst dort, wo der Mensch auf den Plan tritt, daher also auch auf dem Gebiete der Wirtschaft. ",196,"[120, 852, 871, 907]",1476,2.0164158596266115e+18,
2016415859626611439,W109684747,text,,197,"[120, 124, 877, 159]",1478,2.0164158596266115e+18,
2016415859626611440,W109684747,text,"Grundsätzlich ist der Mensch bei allen betriebswirtschaftlichen Leistungen dabei, und je mehr er mitwirkt, desto problematischer wird das Rechnen. Er ist in seinem Handeln frei und daher im wahrsten Sinne des Wortes ,unberechenbar"". Sein Verhalten kann einmal so, das andere Mal so sein. ",197,"[122, 170, 875, 241]",1479,2.0164158596266115e+18,
2016415859626611441,W109684747,text,"In der Wirtschaft tritt der Mensch nicht nur als Verrichtungsträger, als Funktionsträger, sondern auch als Kunde, Lieferant, Konkurrent usw. auf. Die betriebswirtschaftliche Operationsforschung versucht zwar, die menschlichen Beziehungen innerhalb der verschiedenen Personengruppen metrisch zu erfassen, doch scheint es uns, als wäre mit gebotener Vorsicht bei derartigen Berechnungen vorzugehen. Die Materie ist für formalwissenschaftliche Analysen viel zu spröde; selbst Ackoff sagt, daB die Operationsforschung hier erst am Beginn stehe (""Beginnings at mathematical models of aspects of groups and organized behavior have been made') (29). Es ist oben bereits angedeutet worden, daB sich überraschende Wahrscheinlichkeitsverteilungen ergeben können, doch sind die Ergebnisse für betriebswirtschaftliche Entscheidungen nicht unbedingt immer die optimale Maxime. Von unserem Standpunkt aus können beispielsweise quantitative Indizes der zwischenmenschlichen Beziehungen im Betrieb nur sehr beschränkt als geeignete MaBstäbe für personalpolitische MaBnahmen genommen werden. ",197,"[122, 256, 877, 531]",1480,2.0164158596266115e+18,
2016415859626611442,W109684747,text,"Die amerikanische Beratungsfirma Richardson, Bellows, Henry & Co. hat einen Employee-Relations-Index (ERI) (30) ausgearbeitet, der sich aus verschieden gewichteten Komponenten, wie die Häufigkeit des Fernbleibens, die Anzahl der Austritte, die Zahl der Unfälle und Verbesserungsvorschläge, die schriftlichen Beschwerden usw., zusammensetzt. Dieser Index soll wie ein Fieberthermometer angeben, ob das Betriebsklima gut oder schlecht ist, ja er soll sogar in der Lage sein, die Gefahr kommender Streiks vorauszusehen. ",197,"[124, 544, 879, 671]",1481,2.0164158596266115e+18,
2016415859626611443,W109684747,text,"Zweifellos werden sich Korrelationen zwischen den Leistungsgraden eines Teams und ihrem ERI-Wert ergeben; das Merkmal eines guten Meisters wird vielleicht mit einer niedrigen Unfallziffer und auch mit der Arbeitsfreude der Gruppe übereinstimmen; aber abgesehen davon, dab beispielsweise keine Korrelation zwischen dem Indexwert einer Gruppe und dem Grad ihrer Betriebsverbundenheit festgestellt werden konnte, ist der Wert dieses Index überhaupt sehr problematisch. Es ist z. B. ohne weiteres möglich, dab ein Mensch aus Pfichtbewutsein nie von seinem Arbeitsplatz wegbleibt, nie die Abteilung wechselt, durch glückliche Umstände nie einen Unfall gehabt hat, aus Geldgründen jeden dritten Monat einen Verbesserungsvorschlag einbringt, sich aus Schüchternheit niemals beschwert und trotzdem nicht das Gefühl der Betriebsverbundenheit bekommt, einfach deshalb, weil sein Chef ein unangenehmer Mensch ist oder weil er seinen Beruf nur ergriffen hat, um dem Wunsche seiner Eltern nachzukommen. In diesem Falle zeigt der Index falsche Sachverhalte auf. ",197,"[124, 685, 879, 905]",1482,2.0164158596266115e+18,
2016415859626611445,W109684747,text,,198,"[126, 124, 871, 159]",1484,2.0164158596266115e+18,
2016415859626611446,W109684747,text,"Die soziometrischen Bemühungen sind zu bejahen, wenn sie im BewuBtsein der Grenzen quantitativer Analysen durchgeführt werden. Der Betriebswirtschafter bzw. Unternehmer wird bei seinen Entscheidungsproblemen bezüglich der Anwendbarkeit der Indizes der genannten Art jedoch besonders zurückhaltend sein müssen. Er wird deshalb nicht auf die Zahlen verzichten müssen; bei Lohndiskussionen wird er beispielsweise bereitwillig auf Daten, nämlich Punktebewertungssysteme, zurückgreifen, um den Gesprächen eine festere Basis arbeitstechnischer Natur zu geben und um sie damit den bloβ sozialen oder politischen Argumentationen zu entziehen (31). Aber es wird nicht übersehen werden dürfen, daβ sich höherrangige Personalarbeitsleistungen auf jeden Fall einer strengen quantitativen Analyse verschlieBen und daβ bei den Punktesystemen, in denen die Persönlichkeit, die Tätigkeit, die Eignung, die Leistung, das Alter usw. bewertet werden, ja weitgehend oder überhaupt nicht gemessen, sondern geschätzt wird, wodurch trotz gröBter Bemühungen um eine objektive Beurteilung und Einstufung nur grobe Annäherungslösungen möglich werden. Wäre eine vollständige Beschreibung der menschlichen Leistungen sowie der zwischenmenschlichen Beziehungen durchführbar, so gäbe es ja, wie bereits angedeutet, keine sozialen Krisen mehr. ",198,"[124, 173, 873, 503]",1485,2.0164158596266115e+18,
2016415859626611447,W109684747,text,"Nicht viel einfacher dürfte es sein, Probleme der Personalausbildung operationsanalytisch zu behandeln. Hier läBt es sich zwar eher berechnen, wie viele Schulungskurse in welcher Zeit veranstaltet werden müssen, um ein bestimmtes Ausbildungsziel zu erreichen, doch nützt die Anzahl der Kurse nichts, wenn die Kursteilnehmer nicht die Absicht und die Fähigkeit haben, etwas zu erlernen. ",198,"[126, 515, 875, 604]",1486,2.0164158596266115e+18,
2016415859626611448,W109684747,text,"Bezüglich der Einstellung von neuem Personal kann man zwar auch, gestützt auf Statistiken vergangener Perioden, Berechnungen anstellen, doch kann der Abgang von Arbeitskräften eines Jahres Ursachen haben, die sich von jenen vorhergegangener Jahre vollkommen unterscheiden. ",198,"[126, 619, 875, 690]",1487,2.0164158596266115e+18,
2016415859626611449,W109684747,text,"Es wäre zu oberflächlich, sich bei Personalproblemen nur auf Zahlen stützen zu wollen; der Mensch ist nicht nur ein Funktionsträger oder gar nur ein Produktionsfaktor, sondern auch ein Teil der Gesellschaft. Nur mit einer Seite seines Daseins ist er mit dem Betrieb verbunden, und mit vielen anderen Seiten steht er auBerhalb. Weil diese Beziehungen von auBen in den Betrieb hineinwirken, werden nicht nur wirtschaftspolitische, sondern auch sozialpolitische Erwägungen maBgebend sein, und diese bringen die Rechnung erst recht in Unordnung. Im Personalbereich sich nur von einem ,Kostenminimum"" leiten zu lassen ist ein Fehler, der nicht begangen werden darf. Die Begriffe des Teamgeistes, der Arbeitslust, der Firmenanhänglichkeit, des Mitinteresses am Betrieb, des Zusammengehörigkeitsgefühls sind qualitativer Natur und grundsätzlich auch nicht in Indizes einzufangen. Man kann sie auch nicht als biologisch ausgerichtete Regelvorgänge auffassen und dann mittels kybernetischer Prinzipien steuern. Selbst wenn man verschiedene arbeitsphysiologische, arbeitspsychologische und betriebssoziologische AuBerungen kalkülsprachlich ausdrücken kann, so besagt das noch nicht, da man sie auch mathematisch (im weitesten Sinne) verarbeiten kann. Das wird vielleicht noch sehr weitgehend bei arbeitsphysiologischen Problemen möglich sein, denn dort befinden wir uns noch im naturalen Bereich des Lebens, kaum aber bei soziologischen Anliegen, weil hier bereits das Geistige vorherrscht. ",198,"[126, 704, 875, 905]",1488,2.0164158596266115e+18,
2016415859626611451,W109684747,text,,199,"[122, 124, 873, 287]",1490,2.0164158596266115e+18,
2016415859626611452,W109684747,text,"Prüft man die Anwendbarkeit der betriebswirtschaftlichen Operationsforschung an dem von Bouffier verwendeten Begriffspaar Objekt und Subjekt, dann könnte man etwa sagen, daB die betriebswirtschaftliche Operationsforschung bei Problemen des Objektes absolut möglich, bei den Beziehungen zwischen Objekt und Subjekt teilweise möglich und bei den Problemen um das Subjekt nur sehr beschränkt anwendbar ist (32). ",199,"[122, 305, 875, 413]",1491,2.0164158596266115e+18,
2016415859626611453,W109684747,text,"Je freier das Wirtschaftssystem ist, desto unterschiedlicher können die Reaktionen des Menschen sein, und desto schwieriger wird es, sie rechenhaft zu erfassen. Je mehr der Mensch in seiner Entscheidungsfreiheit eingeengt wird, desto weniger kann er ,stören"", und desto geregelter wird das wirtschaftliche Geschehen ablaufen. Wenn es gelingt, ,durch Sachapparat und Befehlsgewalt Abläufe als Dauerabläufe zu stabilisieren, dann ist auch die Bahn frei für eine quantifizierende, rechnerisch-rationale Durchdringung des Wirtschaftsvorganges (33). Diese Stabilisierung darf aber nicht zu teuer erkauft werden. Es wäre bedenklich, wenn gewissermaBen der freie Geist geopfert würde, nur um mittels der gewonnenen Rationalität und Rechenhaftigkeit Sicherheit und Beherrschung zu gewinnen. ",199,"[124, 431, 875, 630]",1492,2.0164158596266115e+18,
2016415859626611454,W109684747,text,"In einer vollkommenen Planwirtschaft wird der Wirtschaftsablauf ruhiger, stetiger, krisenfreier und damit eben mehr und mehr der Berechnung zugänglich. In einem Wirtschaftssystem, das durch eine tiefgreifende Planung aller Vorgänge gekennzeichnet ist, gibt es schlieBlich keine Gebiete mehr, in die der Mensch Unruhe hineinbringen könnte. Die Konkurrenz ist durch Wettbewerbsvorschriften beseitigt, die Lieferanten haben vorgeschriebene Aufgaben, die Mitarbeiter im Betrieb unterliegen einer festen Arbeitsordnung, und der Abnehmer schlieBlich ist nicht mehr die Quelle vieler Sorgen der Verkaufsabteilung, sondern seine Bedürfnisse sind angeordnet, somit bestimmt und kalkulierbar. Die Wirtschaft ist zur ,Ökonomie"" im Sinne eines rechenhaften Bereiches geworden, ist eigentlich keine Wirtschaft im konventionellen Sinne mehr, sondern eine Erzeugungs- und Verteilungstechnik. Im Betrieb hat sich der Mensch nach dem Flieband zu richten, auf dem Markt ist er der auf Grund von Warenzuteilungsquoten Bezugsberechtigte. ",199,"[124, 648, 877, 907]",1493,2.0164158596266115e+18,
2016415859626611456,W109684747,text,"In diesem Zusammenhang ist es auch interessant, auf die Arbeit von Stigler (34) hinzuweisen, dessen Aufgabe darin bestand, die minimalen Lebenshaltungskosten 1939 und 1944 unter Berücksichtigung einer physiologisch gleichwertigen Nahrungsmittelmenge auszurechnen. Dieses Problem ist als ,Diätproblem"" in die Literatur der Operationsforschung eingegangen. Bezeichnenderweise — und auf die Herausstellung dieses Sachverhaltes kommt es uns hier an - sah sich Stigler gezwungen, auf die Schmackhaftigkeit, das Aussehen, den Geruch der Nahrungsmittel zu verzichten (""In order to handle the problem, Stigler was forced to neglect such aesthetic considerations as palatability and variety, which are difficult to measure'). Stigler konnte nur die Nährwerte und den Vitamingehalt, also mebare Akzidenzien der Nahrungsmittel, berücksichtigen; damit stand der Berechnung der Minimallebenshaltungskosten nichts im Wege. Mit Hilfe der Linearplanung konnte das Problem gelöst werden. ",200,"[124, 124, 871, 361]",1495,2.0164158596266115e+18,
2016415859626611457,W109684747,text,"Das Beispiel beweist, daB operationsanalytische Verfahren besonders dann leicht anwendbar sind, wenn ,ästhetische Uberlegungen"" vernachlässigt werden; in dem Wirtschaftssystem, in dem wir gegenwärtig leben, wäre es aber für jeden Verkaufschef einer Unternehmung unmöglich, derartige Uberlegungen auBer acht zu lassen. Der Umsatz würde geradezu mit absoluter Sicherheit zurückgehen. ",200,"[124, 369, 873, 479]",1496,2.0164158596266115e+18,
2016415859626611458,W109684747,text,"Je mehr sich die Wirtschaft von der Marktwirtschaft als dem einen gedanklich konstruierten Extrem zum Güterverteilungsapparat einer Zuteilungswirtschaft als dem anderen Extrem entwickelt, desto gröBer werden die Anwendungsmöglichkeiten der betriebswirtschaftlichen Operationsforschung. Auftragsorientierte Betriebe haben eine bessere Planungsbasis als marktorientierte Betriebe (Gutenberg). Wenn die Kunden keine andere Wahl mehr haben, als ihre Waren in einem bestimmten Kaufhaus zu beziehen, dann kann die Anzahl der Verkäufer mit Hilfe der Warteschlangentheorie ohne weiteres optimal berechnet werden; wenn hingegen der Kunde dahin oder dorthin gehen kann und nicht bereit ist, sich anzustellen, dann wird die vollendetste Berechnung unmöglich. ",200,"[126, 483, 875, 665]",1497,2.0164158596266115e+18,
2016415859626611459,W109684747,text,In einem durch die Betriebskybernetik und die Servomechanismen gekennzeichneten Wirtschaftssystem schlieBlich funktioniert die betriebswirtschaftliche Operationsforschung genauso einwandfrei wie die technische oder naturwissenschaftliche Operationsforschung. ,200,"[126, 672, 875, 745]",1498,2.0164158596266115e+18,
2016415859626611460,W109684747,text,"Da wir weder das eine noch das andere Extrem haben, sondern bezüglich des Wirtschaftssystems irgendwo in der Mitte stehen, ist die betriebswirtschaftliche Operationsforschung nur zum Teil anwendbar. ",200,"[126, 752, 875, 807]",1499,2.0164158596266115e+18,
2016415859626611461,W109684747,title,g)Die Art der Erzeugnisse und ihre Marktlage,200,"[126, 826, 582, 843]",1500,2.0164158596266115e+18,3.0
2016415859626611462,W109684747,text,"Ob die betriebswirtschaftliche Operationsforschung erfolgreich angewendet werden kann, hängt ferner von der Art der Ware ab, die entweder erzeugt oder vertrieben wird, und davon, wie sie im Markte liegt. Wenn es sich um Erzeugnisse handelt, deren Absatz so gut wie bekannt ist, etwa weil keine Konkurrenz gegeben ist, dann können ohne besondere Schwierigkeiten die in Frage stehenden betrieblichen Probleme operationsanalytisch behandelt werden. In diesem Fall ist die ,groBe Unbekannte"", nämlich die AbsatzgröBe, das Verkaufsvolumen, ja bekannt, und daher können alle anderen Betriebsdaten berechnet werden. Ein Beispiel für diese Situation finden wir bei Beisber (35). Bei dem von ihm angeführten Betrieb geht die Produktion zu $90 \%$ an regelmäBig beziehende Elektrizitätswerke, und nur der Rest wird von der Industrie übernommen. Verständlicherweise ist bei einer solchen gesicherten Absatzlage eine Verkaufsplanung weitgehend möglich. ",200,"[126, 850, 875, 905]",1501,2.0164158596266115e+18,
2016415859626611464,W109684747,text,,201,"[124, 124, 873, 306]",1503,2.0164158596266115e+18,
2016415859626611465,W109684747,text,"In der gleichen glücklichen Lage sind z. B. auch die Erzeuger von Kinderpuder, die sich an Hand der Geburtenstatistik den voraussichtlichen Bedarf sehr genau ausrechnen können. ",201,"[124, 314, 873, 367]",1504,2.0164158596266115e+18,
2016415859626611466,W109684747,text,Zieht man die Einteilung Tinbergens in ,201,"[124, 376, 498, 393]",1505,2.0164158596266115e+18,
2016415859626611467,W109684747,text,"a) Reaktionsbeziehungen (Angebot- und Nachfragebeziehungen), die sich auf psychisch bewertete Güter und Dienste beziehen, und   
b) Reaktionsbeziehungen, die sich auf objektiv bewertete Güter und Dienste gründen, ",201,"[122, 397, 875, 473]",1506,2.0164158596266115e+18,
2016415859626611468,W109684747,text,"heran, so könnte man sagen, daB die betriebswirtschaftliche Operationsforschung bei der zweiten Gruppe bedeutend bessere Resultate bringen wird als bei der ersten. Bei dieser nämlich sind nur oder sehr weitgehend sachliche, an objektiven Marktdaten orientierte Überlegungen — beispielsweise eines Unternehmers, der Maschinen für seine Fabrik kauft - ausschlaggebend, bei jener spielen Imponderabilien, beispielsweise beim Kauf eines Hutes, eine groBe Rolle. ",201,"[124, 481, 875, 590]",1507,2.0164158596266115e+18,
2016415859626611469,W109684747,text,"Alles betriebliche Geschehen ist gewissermaBen an der Absatzmenge ,aufgehängt""; ist diese mit genügender Genauigkeit vorgegeben, so sind alle sich anschlieBenden Berechnungen mehr oder weniger eine Angelegenheit der Mathematik, der Technik und des betriebswirtschaftlichen Fachwissens. Alles ergibt sich dann gewissermaen von selbst. ",201,"[124, 599, 877, 690]",1508,2.0164158596266115e+18,
2016415859626611470,W109684747,text,"Wenn die Verkaufsabteilung alle ihr von der Produktionsabteilung angebotenen Erzeugnisse (Leistungen) auf dem Markt absetzen kann, dann ist nach Böhm (36) der Ertragsverlauf sogar linear; treten hingegen Absatzschwierigkeiten auf, dann ist der Ertragsverlauf nichtlinear. ",201,"[124, 697, 877, 769]",1509,2.0164158596266115e+18,
2016415859626611471,W109684747,text,"Die Möglichkeit, die betriebswirtschaftliche Operationsforschung anzuwenden, sinkt, wenn der Absatz der Erzeugnisse starken unregelmäBigen Schwankungen ausgesetzt ist. Während Unternehmungen, welche Waren herstellen, bei denen man mit einem festen Markt rechnen kann, sich sehr weitgehend mit der betriebswirtschaftlichen Operationsforschung beschäftigen können, werden Unternehmungen, welche Modewaren führen, sich kaum der neuen Verfahren bedienen können. ",201,"[124, 778, 877, 907]",1510,2.0164158596266115e+18,
2016415859626611473,W109684747,text,"Ein weiteres Kriterium für die Anwendbarkeit der betriebswirtschaftlichen Operationsforschung ist darin zu sehen, ob es sich um Massenartikel, Serienfabrikate oder Einzelfertigungen handelt. Bei Erzeugnissen der Massenfabrikation wird die betriebswirtschaftliche Operationsforschung leichter angewendet werden können als bei den anderen beiden Warentypen. Das ergibt sich daraus, daβ der Produktionsproze bei einer Massenfabrikation kontinuierlich ablaufen kann, während er bei Kleinserien oder gar Einzelfertigungen ständig unterbrochen wird. ",202,"[124, 124, 873, 269]",1512,2.0164158596266115e+18,
2016415859626611474,W109684747,text,"Ahnliches gilt auf dem Gebiete des Handels für Warenhäuser und GroBversandgeschäfte, die ,,seit Beginn der Verfahrensforschung zu den beliebtesten Betätigungsfeldern"" gehören (37). ",202,"[126, 280, 873, 334]",1513,2.0164158596266115e+18,
2016415859626611475,W109684747,text,"Die Kaufgewohnheiten der Kunden können in solchen Unternehmungen leicht studiert werden, mittels der Kataloge und Bestellkarten kann, insbesondere bei Versandhäusern, die Herkunft der Aufträge ohne weiteres festgestellt werden, und bis zu einem gewissen Grade sind sogar Experimente möglich. Die wichtigsten Informationen sind also quantitativ. Bei diesen GroBbetrieben gilt zweifellos weitgehend die Behauptung, ,,daB für jeden potentiellen Käufer innerhalb eines bestimmten Zeitraums eine festliegende Wahrscheinlichkeit besteht, daB er den bestimmten Artikel kaufen wird"" (38). In derartigen Fällen ist die Gesamtzahl der Verkäufe des Artikels innerhalb einer bestimmten Zeit tatsächlich eine direkte Funktion der Zahl der innerhalb dieser Zeit vorhandenen potentiellen Käufer. ",202,"[124, 345, 875, 544]",1514,2.0164158596266115e+18,
2016415859626611476,W109684747,text,"Bei Levinson (39) findet man interessante Beispiele für die Brauchbarkeit operationsanalytischer Studien in GroBbetrieben des Einzelhandels. So wurde, wie er ausführt, in einem Mail Order House auf Grund von mehreren hunderttausend () Aufträgen festgestellt, daB Verzögerungen in der Versendung der Pakete einen entscheidenden Einflu auf die wahrscheinliche Retournierung der Pakete haben. In einem Warenhaus konnte durch eine gründliche Analyse der Kaufgewohnheiten der Kunden die Frage geklärt werden, ob es zweckmäBig sei, in den Abendstunden geöffnet zu halten, und gleichzeitig konnte mit ziemlicher Sicherheit ausgerechnet werden, auf wieviel Dollar sich die echten, d. h. durch die verlängerte Öffnungszeit bedingten Mehrumsätze beliefen. Ein drittes Beispiel schlieBlich beschäftigt sich mit der Berechnung der Werbewirksamkeit von Anzeigen. ",202,"[124, 557, 877, 775]",1515,2.0164158596266115e+18,
2016415859626611477,W109684747,text,"Selbstverständlich stehen auch verschiedene der zahlreichen ""Super-Market-Operations"" einer operationsanalytischen Behandlung offen, beispielsweise die Einkaufsdisposition, die Lagerhaltung, die Zur-Schaustellung der Waren usw. ",202,"[124, 787, 875, 840]",1516,2.0164158596266115e+18,
2016415859626611478,W109684747,text,"Sind also die Bedürfnisse und somit auch die Güter und Dienste, die ihrer Befriedigung dienen, gleichförmig, uniformiert, dann ist es verhältnismäig einfach, operationsanalytisch zu arbeiten. ",202,"[124, 852, 875, 905]",1517,2.0164158596266115e+18,
2016415859626611480,W109684747,title,XV. Gründe für die Entstehung und Ausbreitung der Operations Research,203,"[168, 185, 827, 235]",1519,,1.0
2016415859626611481,W109684747,text,"Betrachtet man die stürmische Entwicklung der betriebswirtschaftlichen Operationsforschung in den letzten zehn Jahren, so stellt man sich als Betriebswirtschafter die Frage, welches wohl die Ursachen dieses Aufschwunges sein mögen. Selbstverständlich kann die Angabe von Gründen nur eine Vermutung sein, denn nirgends ist gesagt, daB die Operationsforschung deshalb oder darum entstanden ist. ",203,"[122, 250, 875, 360]",1520,2.0164158596266115e+18,
2016415859626611482,W109684747,text,"Grundsätzlich sind die von der betriebswirtschaftlichen Operationsforschung behandelten Probleme nichts Neues. Es wurden ,,lediglich die bereits bestehenden Fragestellungen aufgegriffen und ihre Behandlung intensiviert ..."" (1). Operations Research ist lediglich der neue Name für eine alte Technik der Unternehmungsführung, sagt Johnson (2). (""Operations Research ... is the new name for an old management technique."") ",203,"[124, 366, 875, 476]",1521,2.0164158596266115e+18,
2016415859626611483,W109684747,text,"Dantzig (3) sagt sogar vom Linear Programming, daB es ein Anachronismus sei; logisch hätte es etwa um 1760 aufkommen müssen, d. h. also zu jener Zeit, in der die Ökonomen zum erstenmal begannen, wirtschaftliche Systeme in mathematischer Form zu beschreiben. Für ihn ist bereits das Tableau Economique von Quesnay ein rohes Beispiel eines Modells der Linearplanung. ",203,"[124, 481, 875, 571]",1522,2.0164158596266115e+18,
2016415859626611484,W109684747,text,"Optimalprobleme in der Beschaffung, Lagerung, im Transport usw. und insbesondere die immer wieder diskutierte optimale LosgröBe stehen seit jeher im Mittelpunkt des betriebswirtschaftlichen Interesses. Studiert man die Literatur, so wird man feststellen, daB diese Dinge schon immer behandelt wurden. Das ist verständlich, denn die Optimierung der wirtschaftlichen Leistungserstellung ist in dem Begriff der Wirtschaft impliziert, und Unternehmungen wurden ja in der Vergangenheit genauso geführt wie in der Gegenwart (4). ",203,"[122, 577, 877, 706]",1523,2.0164158596266115e+18,
2016415859626611485,W109684747,text,"Weil die Operationsforschung letzten Endes auch in den angelsächsischen Ländern grundsätzlich nichts Neues war, sondern im Industrial Engineering einen Vorläufer hatte, wurde ihr von seiten des Managements ein gewisses MiBtrauen entgegengebracht. Es ist also nicht so, dab die Unternehmungen in den Vereinigten Staaten und in England die Operationsforschung gewissermaen mit offenen Armen aufgenommen hätten, sondern die Operationsforschung hat sich auch dort erst allmählich durchsetzen können. ",203,"[122, 712, 877, 840]",1524,2.0164158596266115e+18,
2016415859626611486,W109684747,text,"Das Neue an der betriebswirtschaftlichen Operationsforschung ist mit gewissen Einschränkungen die neue Methodik, die Betonung der kausalmechanischen Beziehungen und die sich daraus ergebende Entwicklung neuer Kalkülformen, nicht aber die Problemstellung. Das ist einleuchtend, wenn man bedenkt, da das betriebswirtschaftliche Problem ja nur von der Substanzwissenschaft, also hier der Betriebswirtschaftslehre, und nicht von der Formalwissenschaft (wenn man der Operationsforschung diesen Rang einräumt) beigestellt werden kann. Sachlich kann eine Methodologie nichts Neues bringen. ",203,"[120, 846, 877, 881]",1525,2.0164158596266115e+18,
2016415859626611487,W109684747,text,,204,"[126, 125, 873, 234]",1526,2.0164158596266115e+18,
2016415859626611488,W109684747,text,"Bis zu einem gewissen Grade könnten jene älteren betriebswirtschaftlichen Autoren, die ihre Probleme ebenfalls in Formeln kleiden und ihre Aussagen mathematisch fundieren, und sei es auch nur mit Hilfe der elementaren Arithmetik, ohne weiteres als Vorläufer der betriebswirtschaftlichen Operationsforschung bezeichnet werden. Ihre Formeln entsprechen im Grunde genommen operationsanalytischen Modellen. Die Berechtigung, diese Betriebswirtschafter als Vorläufer der betriebswirtschaftlichen Operationsforschung zu bezeichnen, ergibt sich einfach aus der gleichen Zielsetzung ihrer Analysen. ",204,"[124, 241, 875, 386]",1527,2.0164158596266115e+18,
2016415859626611489,W109684747,text,"1. Auch sie wollen der Unternehmungsleitung Entscheidungsunterlagen zur   
Verfügung stellen.   
2. Diese Entscheidungsunterlagen sind quantitativer Natur.   
3. Es handelt sich ebenfalls um mathematische Auswahlprobleme.   
4. Die optimalen Entscheidungen werden mathematisch berechnet.   
5. Es geht ebenfalls um die Voraussage vermutlicher Entscheidungsauswirkungen. ",204,"[124, 393, 875, 515]",1528,2.0164158596266115e+18,
2016415859626611490,W109684747,text,"Jetzt wird auch die oben gemachte Bemerkung, nämlich jene, dab auch die Methodik nur ,mit gewissen Einschränkungen"" als etwas Neues betrachtet werden könne, verständlich. Nicht nur die Probleme sind alt, sondern auch manche Verfahrenstechniken. Wie könnte es auch anders sein! Es hat eben schon immer eine strategische Planungsrechnung gegeben, nur wurde sie nicht als betriebswirtschaftliche Operationsforschung benannt. Ihre Techniken waren nicht so kompliziert und ausgefeilt, wie dies heute bei den modernen Kalkülformen der Operationsforschung der Fall ist. Sie blieb nicht zuletzt deshalb unentwickelt, weil ihr die Maschinen fehlten, die man zur Durchrechnung der Aufgaben benötigt. ",204,"[124, 522, 877, 704]",1529,2.0164158596266115e+18,
2016415859626611491,W109684747,text,"Im mitteleuropäischen Raum wei man noch nicht so recht, was man mit der betriebswirtschaftlichen Operationsforschung anfangen soll, und diese Behauptung führt gleichzeitig zu der Beantwortung der Frage, wieso es überhaupt zu der Ausbreitung der betriebswirtschaftlichen Operationsforschung gekommen ist. ",204,"[124, 710, 875, 782]",1530,2.0164158596266115e+18,
2016415859626611492,W109684747,title,1. Das Fehlen einer geschlossenen betriebswirtschaftlichen Theorie in den angelsächsischen Ländern,204,"[214, 806, 783, 842]",1531,2.0164158596266115e+18,2.0
2016415859626611493,W109684747,text,"Von klärender Bedeutung erscheint die Tatsache, daB die betriebswirtschaftliche Operationsforschung im angelsächsischen Raum entstanden ist. Sie konnte in denjenigen Ländern, in denen bereits eine ausgebildete Betriebswirtschaftslehre bestand, gar nicht entstehen bzw. diesen Aufschwung nehmen. Hier hatte die nunmehr auch schon nicht mehr junge Betriebswirtschaftslehre einen Fundus von Wissen geschaffen und stand der Wirtschaftspraxis mit ausgebildeten betriebswirtschaftspolitischen Empfehlungen zur Verfügung. In den angelsächsischen Ländern hingegen gab es keine eigenständige Wissenschaft in der Art der kontinentalen Betriebswirtschaftslehre, worüber auch die Existenz einer Business Administration, der Microeconomics und Managerial Economics nicht hinwegtäuschen kann. In der Theorie - nicht in der Praxis!  bildete die Betriebswirtschaft daher gewissermaBen ein Vakuum, und in diesen Raum strömte die Operationsforschung ein. Dabei kam ihr die pragmatische Einstellung der angelsächsischen Managementlehre sehr entgegen, jener Lehre, die ohne theoretische Spekulationen aus der täglichen Arbeit im Betrieb heraus entstanden ist und für die die kombinativen Probleme der Leitung und Steuerung im Mittelpunkt stehen. ",204,"[124, 852, 875, 905]",1532,2.0164158596266115e+18,
2016415859626611496,W109684747,text,,205,"[122, 125, 873, 380]",1535,2.0164158596266115e+18,
2016415859626611497,W109684747,title,"2. Die naturwissenschaftliche, technische und formalwissenschaftliche Orientierung der Operationsforscher",205,"[160, 410, 837, 448]",1536,2.0164158596266115e+18,2.0
2016415859626611498,W109684747,text,"Die betriebswirtschaftliche Operationsforschung wurde - und das zu erwähnen ist vermutlich das Wichtigste - von Technikern, Mathematikern und Statistikern, ursprünglich sogar nur von Mathematikern und Physikern, nicht jedenfalls von Betriebswirtschaftern bzw. Kaufleuten getragen. Jene waren durch keinerlei betriebswirtschaftliche Erkenntnisse behindert und betrachteten die Betriebswirtschaft als ein unbestelltes Pionierland, das aufzuschlieBen eine Aufgabe der Naturwissenschaftler war. ,,Die meisten dieser OR-Wissenschaftler von 1945 waren auf dem Gebiet der Praktiken und der Sprache der Wirtschaft völlig unwissend und wuten vor allem nicht, was von anderen Berufen schon geleistet worden war. Vielleicht waren ein paar auch auf ihre Erfolge im Krieg stolz und, weil sie schlieBlich ja auch Menschen sind, ein biBchen eingebildet"" (5). In Anlehnung an Schmalenbach könnte man sagen, daB sie, weil sie ein Kind getauft haben, der Meinung waren, sie hätten es zur Welt gebracht. ",205,"[124, 458, 875, 694]",1537,2.0164158596266115e+18,
2016415859626611499,W109684747,text,"Sie waren und sind davon überzeugt, dab die Betriebswirtschaftslehre überholt, ja vielleicht sogar etwas rückständig, zumindest aber konventionell sei, und lassen die von Tinbergen vertretene auf den Zustand der qualitativen Wirtschaftstheorie vor dem Aufkommen der Ökonometrie bezogene Auffassung, daB diese ,etwa vergleichbar (war) dem Zustand der Naturwissenschaften im Mittelalter"" (6), überall in ihrer Meinung über das Verhältnis zwischen Betriebswirtschaftslehre und betriebswirtschaftlicher Operationsforschung durchscheinen. Deshalb macht ja Löffelholz den Naturwissenschaftlern im allgemeinen den Vorwurf, daB sie in einen ,,Methoden-Imperialismus"" geraten seien, ,mit der Tendenz, alles an sich zu reiBen, was meBbar ist, und das, was nicht mebar ist, meBbar zu machen (Galilei), es in Quantitäten aufzulösen"" (7). ",205,"[124, 707, 877, 907]",1538,2.0164158596266115e+18,
2016415859626611502,W109684747,text,"Sie machen umgekehrt der Betriebswirtschaftslehre häufig den Vorwurt, sie sei zu unexakt, und wollen, überzeugt von der Rationalität der Phänomene und davon, daβ jeder Vorgang oder Zustand bestimmten Ursachen entspringt, die Unternehmungsführung auf rationale Grundlagen stellen. Die Betriebswirtschaftslehre ist für sie eine exakte Wissenschaft, die Wirtschaft ihrem Wesen nach ein technischer Proze, der sich von den technischen Vorgängen im engeren Sinne nur durch die Exaktheit der MaBstäbe unterscheidet. Die Entwicklung neuer elektronischer Rechengeräte förderte die Auffassung, daB sich die betriebswirtschaftlichen Probleme mittels mathematisch-statistischer Verfahren berechnen lassen, und veranlaBte die Mathematiker, nunmehr auch an die numerische Bearbeitung von Problemen zu denken, die ihnen vorher als aussichtslos erschienen, und sich Anwendungen der Mathematik in einzelnen Bereichen zuzuwenden, an die sie vorher nicht zu denken wagten. Das ist zweifellos in vielen Fällen zu begrüBen; aber selbst Waffenschmidt empfiehlt dem Wirtschafter, sich gegen manche Saturnalien der Mathematiker und Mechaniker zu wehren. ",206,"[124, 124, 871, 399]",1541,2.0164158596266115e+18,
2016415859626611503,W109684747,text,"In sehr konsequenter Weise verschieben sich auch die Berufsbezeichnungen; die betriebswirtschaftlich fundierte Unternehmungsführung wird zum Engineering of Management, zum Operations Engineering, wobei nicht zu übersehen ist, da engineering von engine (Maschine) kommt. ",206,"[126, 409, 873, 481]",1542,2.0164158596266115e+18,
2016415859626611504,W109684747,text,"Weil die Techniker und Mathematiker die Betriebswirtschaftslehre nicht zur Kenntnis genommen hatten, war es möglich, dab neben der Betriebswirtschaftslehre im mitteleuropäischen Sinn überhaupt eine ,zweite"" Betriebswirtschaftslehre, nämlich die betriebswirtschaftliche Operationsforschung, entstehen konnte. Die operationsanalytischen Verfahren wurden auf bestehende Probleme angewendet, ohne besondere Rücksichtnahme darauf, ob auf dem in Frage stehenden Gebiet nicht ohnehin schon in ähnlicher Weise gearbeitet worden war. Darum ist ein Betriebswirtschafter immer wieder erstaunt, Sachverhalte, die er bisher als betriebswirtschaftliche Probleme zu sehen gewohnt war, als zur betriebswirtschaftlichen Operationsforschung gehörig bezeichnet zu finden. Für ihn schuf die neu aufgekommene Betrachtungsweise vorerst nur Verwirrung, und es bedeutete einige Mühe, den systematischen Standort der betriebswirtschaftlichen Operationsforschung festzustellen und damit diese gegenüber der Betriebswirtschaftslehre abzugrenzen. ",206,"[126, 490, 875, 748]",1543,2.0164158596266115e+18,
2016415859626611505,W109684747,text,"Daher ist auch die Empfehlung Pococks (8) berechtigt, alle, die sich mit der betriebswirtschaftlichen Operationsforschung beschäftigen, sollten sich mit der Geschichte und den Errungenschaften der konventionellen Theorie befassen (""should find it useful to consider the history and accomplishments of management consulting ...""). Pocock bezeichnete das mangelnde betriebswirtschaftliche Wissen des durchschnittlichen Operationsanalytikers als ein Hindernis, das die Operationsforschung beseitigen muB (""... obstacle which operations research must hurdle, namely the lack of commercial and business knowledge on the part of the average operations research analyst'). Er meint, daB sich der Operationsforscher vielleicht fragen werde, wozu es gut sei, eine Bilanz lesen zu können, und was das mit der Operationsforschung zu tun habe; nun - so sagt Pocock - kann sich genausogut aber auch der Geschäftsmann die Frage vorlegen, wie ein Operationsforscher, der die Bilanz nicht versteht, annehmen kann, brauchbare Vorschläge für die Führung des Unternehmens geben zu können. ",206,"[126, 758, 875, 905]",1544,2.0164158596266115e+18,
2016415859626611508,W109684747,text,,207,"[122, 125, 871, 234]",1547,2.0164158596266115e+18,
2016415859626611509,W109684747,text,"Die betriebswirtschaftliche Operationsforschung hat ihren Ursprung in den Naturwissenschaften. Deshalb sagt ja Camp (9) auch, daB in der Operationsforschung, wenngleich diese bis zu einem gewissen Grade auch eine spezifische Methodik hat, ,das meiste doch aus Ubertragungen von den Gebieten der technischen und Naturwissenschaften"" stammt. Ihre Vertreter, so stellten wir fest, sind in erster Linie Techniker, Mathematiker und Statistiker. Diese haben, bestärkt durch die groBen Erfolge, welche die technischen Wissenschaften in den letzten zwei Jahrzehnten errungen haben, die feste Uberzeugung, da die naturwissenschaftliche Methode und alle ihre einzelnen mathematischen und statistischen Verfahren auch in der Betriebswirtschaftslehre zu den gleichen Erfolgen führen müBten. Die in den angelsächsischen Ländern im allgemeinen und daher auch bei den Wirtschaftstheoretikern vorherrschende Auffassung von der besonderen Wirksamkeit naturwissenschaftlich-technischer Verfahren, ja davon, daB der Fortschritt der Zivilisation mit den Fortschritten der mathematischen Messung verknüpft sei, hat den neuen Verfahrenstechniken Tür und Tor geöffnet und jene betriebswirtschaftliche Operationsforschung aufkommen lassen, der wir uns heute gegenübersehen. ",207,"[122, 243, 873, 555]",1548,2.0164158596266115e+18,
2016415859626611510,W109684747,text,"Die Betriebswirtschaftslehre wurde gewissermaen von der technischen Seite her aufgerollt; es erfolgte ein Einbruch durch die Technik, wobei, funktionsmäBig gesehen, dieser Eintritt im Produktionsbereich erfolgte. Hier überschneiden sich die Betriebstechnik und die Betriebswirtschaft und lassen Probleme entstehen, von denen man auch in der praktischen Wirtschaft oft nicht so recht weib, ob man sie dem betriebswirtschaftlich geschulten Ingenieur oder dem technisch ausgebildeten Kaufmann übertragen solle. An dieser Nahtstelle zwischen Technik und Betriebswirtschaft entstand auch die Betriebswissenschaft, das Industrial Engineering, nahm die Diskussion über den Wirtschaftsingenieur und den Ingenieurkaufmann ihren Anfang. ",207,"[124, 565, 875, 749]",1549,2.0164158596266115e+18,
2016415859626611511,W109684747,text,"Die Techniker nahmen die Grenze nicht zur Kenntnis und gingen daran, ihre Verfahren auf betriebswirtschaftliche Probleme anzuwenden. Da diese Techniken im Produktionsbereich zu Erfolgen führten und weiterschreitend auch im Transport und in der Lagerung erstaunliche Ergebnisse zeitigten, glaubten sie sich berechtigt und verpflichtet, auch alle anderen Funktionsbereiche mit Hilfe dieser für die Betriebswirtschaft neuen Verfahren bearbeiten zu können. Ja, sie wagten sich sogar mit erfrischendem Mut an die Probleme der obersten Unternehmungsführung heran. ",207,"[126, 759, 879, 905]",1550,2.0164158596266115e+18,
2016415859626611515,W109684747,text,"Die Existenz der betriebswirtschaftlichen Operationsforschung bestätigt auf dem Gebiet der Betriebswirtschaftslehre die von Waffenschmidt aufgezeigte allgemeine Tendenz der Technisierung des Denkbetriebes, die von der Naturwissenschaft in die Kulturwissenschaft eindringt. ",208,"[126, 125, 873, 196]",1554,2.0164158596266115e+18,
2016415859626611516,W109684747,text,"Im Grunde genommen versandete aber der Elan der Techniker in den höherrangigen Leistungsbereichen der Betriebswirtschaft, zum Teil wohl deshalb, weil sie die betriebswirtschaftliche Problematik nicht kannten, und zum anderen, weil die Verfahren eben auf bestimmte Funktionsgruppen beschränkt sind. ",208,"[126, 211, 873, 283]",1555,2.0164158596266115e+18,
2016415859626611517,W109684747,text,"Bezeichnenderweise gingen die Techniker und Mathematiker von industriellen Grobetrieben aus und kümmerten sich nicht um die Klein- und Mittelbetriebe, die, wie ebenfalls bereits erwähnt, von einer Betriebswirtschaftslehre genauso betreut werden müssen wie die Riesenbetriebe. Nun ist es ein Fehler, die in GroBbetrieben gefundenen Ergebnisse zu verallgemeinern und zu behaupten, da sie für alle anderen BetriebsgröBen Geltung hätten. ",208,"[126, 299, 873, 408]",1556,2.0164158596266115e+18,
2016415859626611518,W109684747,text,"Die Techniker sprechen von der Produktionsabteilung als vom Betrieb, doch ist der Begriff des Betriebes nach betriebswirtschaftlicher Auffassung ein anderer. Der Betrieb darf nicht als eine Anhäufung von technischen Betriebsmitteln angesehen werden; er ist nicht nur eine Produktionsstätte mit einigen kaufmännischen Anhängseln, sondern im Gegenteil eine organisatorische Einheit, in der die Produktion nur eine Abteilung ist und funktionsmäBig den Nachrang gegenüber allen anderen Leistungen hat. ",208,"[124, 424, 875, 549]",1557,2.0164158596266115e+18,
2016415859626611519,W109684747,title,3. Der Übergang von der Unternehmer- zur Managerwirtschaft,208,"[182, 584, 817, 603]",1558,2.0164158596266115e+18,2.0
2016415859626611520,W109684747,text,"Ein weiterer Grund dafür, dab die betriebswirtschaftliche Operationsforschung so überraschende Erfolge erzielen konnte, ist darin zu sehen, daB in vielen Betrieben der modernen Wirtschaft der Unternehmer durch den Manager im Sinne eines bloBen Unternehmungsleiters, eines wissenschaftlich geschulten Verwalters (10), abgelöst wurde und dieser sich in seinen Entscheidungen viel stärker als der Unternehmer von rationalen und insbesondere rechenhaften Maximen leiten läBt. Diese Entwicklung, d. h. die zunehmende Ersetzung des klassischen Unternehmers durch den Manager, hat bereits Leitner bedauert, als er von dem Verbeamten sprach. Schmulenbach ging noch einen Schritt weiter und beschwerte sich in seinem Buche ,Der freien Wirtschaft zum Gedächtnis"" darüber, daB es bereits auch in der Wirtschaft von Bürokraten wimmele. ",208,"[124, 616, 875, 817]",1559,2.0164158596266115e+18,
2016415859626611521,W109684747,text,"Die neueren Autoren hingegen haben sich weitgehend mit dieser neuen Situation abgefunden; sie nehmen die Existenz von Unternehmer-Unternehmungen und Geschäftsführer-Unternehmungen einfach zur Kenntnis und meinen, daB nicht die Herrschaft der Manager, sondern die der Technokraten mit ihren technisch perfektionierten Methoden der Wirtschaftsplanung und Wirtschaftsführung heraufziehe (Kuhnke). ",208,"[124, 835, 873, 907]",1560,2.0164158596266115e+18,
2016415859626611524,W109684747,text,,209,"[124, 125, 877, 159]",1563,2.0164158596266115e+18,
2016415859626611525,W109684747,text,"Der Manager will seine Entscheidungen ,möglichst frei von Gefühlen treffen und sich weitgehend durch exakte Daten, Analysen und Untersuchungen leiten lassen"" (11), während der Unternehmer nur zu gerne mit dem Fingerspitzengefühl arbeitet und oft improvisiert. Mit der wachsenden Verantwortung der Entscheidungsverantwortlichen, die über Millionenbeträge zu disponieren haben, nahm der Wunsch nach einer rechenhaften Begründung getroffener MaBnahmen zu. Wenn es einmal um derartig hohe Summen geht, wird man freilich alles tun müssen, d. h. nicht nur erwägen, sondern auch weitgehend berechnen müssen, wenn man nicht Gefahr laufen will, einer leichtfertigen Handlungsweise bezichtigt zu werden. Mit der wachsenden BetriebsgröBe und dem damit verbundenen Fixkostendruck nahm die Angst vor Krisenrückschlägen berechtigt zu und damit gleichzeitig das Bestreben, die Risiken durch Rechnung auszuschalten oder zu verringern. ",209,"[124, 175, 877, 410]",1564,2.0164158596266115e+18,
2016415859626611526,W109684747,title,4. Das zunehmende Interesse für betriebswirtschaftspolitische Fragen,209,"[153, 444, 841, 463]",1565,2.0164158596266115e+18,2.0
2016415859626611527,W109684747,text,"Nicht zuletzt dürfte sich die betriebswirtschaftliche Operationsforschung, die wir als strategische Planungsrechnung definierten, deshalb so entwickelt haben, weil in der betriebswirtschaftlichen Theorie mehr und mehr eine Hinwendung von Problemen der reinen Theorie zu jenen der Unternehmungsführung, also zur Betriebswirtschaftspolitik, festzustellen ist. Planungsprobleme sind in den Vordergrund des Interesses gerückt und verlangen von der Theorie eine entsprechende Behandlung. Das praktische, verantwortungsvolle Handeln muB dem Betriebswirt auf der Seele brennen (Lehmann). Weil die betriebswirtschaftliche Operationsforschung als ein Teil der Betriebswirtschaftspolitik der Unternehmungsführung mehr geben kann als die theoretische Betriebswirtschaftslehre und mehr als die reine Kostentheorie, weil sie die Probleme gewissermaBen aus der Schau des Unternehmers oder Managers sieht, hat sie sich auch so stark ausdehnen können. ",209,"[124, 476, 877, 713]",1566,2.0164158596266115e+18,
2016415859626611528,W109684747,title,5. Die Wissenschaftsgläubigkeit unserer Zeit,209,"[278, 746, 723, 765]",1567,2.0164158596266115e+18,2.0
2016415859626611529,W109684747,text,"Die Zeit, in der wir heute leben, ist durch eine tiefe Wissenschaftsgläubigkeit charakterisiert. Man glaubt, mit Hilfe der Wissenschaft alle die drängenden Probleme des Lebens lösen zu können, und ist um so mehr von einem Fortschritt in der Richtung auf dieses Ziel hin überzeugt, je mehr die wissenschaftliche Betrachtung naturwissenschaftliche Methoden übernimmt. Es ist daher kein Wunder, daB auch auf betriebswirtschaftspolitischem Gebiet den neuen Verfahrenstechniken der Operationsforschung groBes Vertrauen entgegengebracht wird. Man erwartet von ihnen endlich die Lösung jener Fragen, die man bisher nicht beantworten konnte, und in manchen Elaboraten spürt man den optimistischen Glauben an die völlige Loslösung von Wahrscheinlichkeit, Risiko, Unberechenbarkeit, Phantasie und Genialität. Kuhnke (12) hat recht, wenn er behauptet, daB wir in einer allgemein verwissenschaftlichten Welt leben. Wie könnte es beispielsweise sonst möglich sein, daB eine OR-Stelle in den USA beauftragt wurde, die Frage rechnerisch zu lösen, ob die amerikanische Armee die militärische und wirtschaftliche Hilfe an Westeuropa unterstützen solle oder nicht! ",209,"[122, 778, 875, 905]",1568,2.0164158596266115e+18,
2016415859626611533,W109684747,text,,210,"[124, 125, 873, 287]",1572,2.0164158596266115e+18,
2016415859626611534,W109684747,title,6. Das Nachlassen des wirtschaftlichen Wachstums,210,"[249, 314, 750, 332]",1573,2.0164158596266115e+18,2.0
2016415859626611535,W109684747,text,"Ein interessanter Gedanke schlieBlich wird von Ware geäuBert (13), der davon spricht, dab die Wirtschaft bisher in einer ,,phantastisch produktiven Epoche gelebt"" habe, es aber in der vor uns liegenden Zeit nicht mehr genügen werde, irgendwelche Lösungen für bestehende Probleme zu finden, sondern daB es erforderlich sein werde, nach optimalen Lösungen zu suchen, und hierfür sei die Operationsforschung besonders gut geeignet. ",210,"[126, 345, 875, 454]",1574,2.0164158596266115e+18,
2016415859626611538,W109684747,title,XVI. Die Ausbildung auf den Hochschulen und der Einsatz im Betrieb,211,"[201, 185, 796, 235]",1577,,1.0
2016415859626611539,W109684747,title,1. Die Ausbildung auf den Hochschulen,211,"[299, 260, 698, 277]",1578,2.0164158596266115e+18,2.0
2016415859626611540,W109684747,text,"Es dürfte kein Zweifel darüber bestehen, dab die technische Operationsforschung auf die technischen Hochschulen gehört. Weniger klar ist es jedoch, ob die betriebswirtschaftliche Operationsforschung eine Angelegenheit der technischen Hochschulen, der statistischen Lehrstühle oder der Wirtschaftshochschulen bzw. wirtschaftswissenschaftlichen Fakultäten ist. Es steht grundsätzlich nichts im Wege, daB sie überall gelehrt wird; uns interessiert es nur, ob es überhaupt einen Zweck hat, Betriebswirtschafter auf diesem Gebiet auszubilden. ",211,"[122, 290, 875, 418]",1579,2.0164158596266115e+18,
2016415859626611541,W109684747,text,"Gestützt auf die bisherigen Ausführungen, mu diese Frage bejaht werden, allerdings mit dem gleichzeitigen Hinweis darauf, daβ es sinnlos und darüber hinaus undurchführbar wäre, Betriebswirtschafter im Rahmen ihres normalen Studiums zu Mathematikern machen zu wollen. ",211,"[124, 429, 879, 502]",1580,2.0164158596266115e+18,
2016415859626611542,W109684747,text,"Was Tinbergen über das Verhältnis von Ökonometrie und Wirtschaftstheorie sagt, gilt auch hier. Es würde ,entweder viel Zeit (beanspruchen) oder mit unzulänglicher Ausbildung der Forscher in einem der beiden Gebiete"" enden (1). Mit der Empfehlung, operationsanalytische Verfahren in das Vorlesungsprogramm einzubauen, wird auch gleichzeitig der hin und wieder geäuBerten Forderung Genüge getan, der jungen Generation von Wirtschaftswissenschaftlern nicht den Weg zur Mathematik genauso zu versperren, wie er der älteren Generation verbaut wurde (2). Das Leben in den Betrieben der Wirtschaft wird bald das Urteil darüber fällen, welche Verfahren brauchbar sind und welche nur im Hörsaal gedeihen. ",211,"[126, 512, 879, 694]",1581,2.0164158596266115e+18,
2016415859626611543,W109684747,text,"Gegenwärtig spielt die betriebswirtschaftliche Operationsforschung auf den deutschsprachigen Hochschulen keine sehr groBe Rolle. Sie ist, sagt Sagoroff, in den Betrieben, aber nicht ,in den Lehrstätten der Wissenschaft"" (3) zu Hause. In den Vereinigten Staaten haben nur zwei oder drei Universitäten regelrechte Vorlesungen über das Gebiet der Operationsforschung, und einige andere veranstalten Einführungskurse, insbesondere über das Programmieren und über die verschiedenen Verfahrenstechniken. Das Massachusetts Institute of Technology dürfte wohl das erste Institut auf Universitätsebene gewesen sein, das Vorlesungen über die Operationsforschung in sein Programm aufgenommen hat. Das war im Jahre 1948. Es folgten London 1949, Birmingham 1950, The ",211,"[128, 707, 881, 890]",1582,2.0164158596266115e+18,
2016415859626611544,W109684747,text,"Case Institute of Technology 1951, die Columbia Universität und die John Hopkins Universität 1952. ",212,"[124, 124, 871, 159]",1583,2.0164158596266115e+18,
2016415859626611545,W109684747,text,"Da es sich bei der betriebswirtschaftlichen Operationsforschung um wirtschaftliche Probleme handelt, fordert Inzinger mit Recht, daB ,,die Beziehungen zwichen der Mathematik und den Wirtschaftswissenschaften bei aller gebotenen Wahrung ihrer Eigenständigkeit systematisch zu fördern"" seien (4). ",212,"[126, 170, 873, 243]",1584,2.0164158596266115e+18,
2016415859626611546,W109684747,text,"Wenn Adam bemerkt, daB sich der moderne Betriebswirt genötigt sieht, ,,sich mit Disziplinen auseinanderzusetzen, die an unseren Hochschulen heute noch kaum oder nur in beschränktem MaBe gelehrt werden"" (5), so bezieht sich dies auch auf die betriebswirtschaftliche Operationsforschung. ",212,"[126, 254, 873, 325]",1585,2.0164158596266115e+18,
2016415859626611547,W109684747,text,"Die Folge davon, dab sich die wirtschaftswissenschaftlichen Fakultäten bisher nicht intensiver mit der betriebswirtschaftlichen Operationsforschung beschäftigt haben, war die, daB sich andere Fakultäten dieses Wissenszweiges angenommen haben. Wittmann sagt dazu: ,Solange sich die Betriebswirtschaftslehre allerdings nicht mit diesen Fragen intensiver beschäftigt, ist es durchaus gerechtfertigt, wenn auch für uns nicht erfreulich ..., daB die Entwicklung neben oder auBerhalb unseres Faches in eigenen Forschungsinstituten, Zeitschriften und möglicherweise später auch auf eigenen Lehrstühlen ihren Standort hat"" (6). ",212,"[126, 335, 875, 484]",1586,2.0164158596266115e+18,
2016415859626611548,W109684747,text,"Auch Illetschko bedauert, daB die bisherige Zurückhaltung auf akademischem Boden dazu geführt hat, daB jene Kenntnisse und Fertigkeiten, welche die Betriebe heute brauchen, ,in der Regel nicht in den Händen der akademisch geschulten Diplomkaufleute liegen, sondern in den Händen angelernter Mathematiker, welche im Dienst von Wirtschaftsberatungs- und Organisationsmittelfirmen stehen"". Er meint daher, daB es notwendig sei, eine umfassende betriebliche Verrechnungslehre auszubauen, wenn die Betriebswirtschaftslehre nicht Gefahr laufen will, praktisch bedeutsame Sachkomplexe an die angewandte Mathematik bzw. Statistik zu verlieren (7). ",212,"[126, 492, 875, 655]",1587,2.0164158596266115e+18,
2016415859626611549,W109684747,text,"Waffenschmidt geht noch weiter und meint in bezug auf die neuen Techniken: ,Wenn die Betriebs- und Volkswirte nichts bieten, werden die Techniker sich selbst helfen, und das hat später auch für die Betriebswirte Folgen"" (8). Allerdings bezieht sich die AuBerung Waffenschmidts nur indirekt auf die Operationsforschung. ",212,"[126, 667, 875, 758]",1588,2.0164158596266115e+18,
2016415859626611550,W109684747,text,"Es ist interessant, zu lesen, daB an der Fünften Internationalen Konferenz über die Ausbildung und Schulung betrieblicher Führungskräfte in Baden-Baden 1958 von 120 Teilnehmern aus dem deutschen Sprachgebiet nur drei Vertreter des Hochschulfaches Betriebswirtschaftslehre anwesend waren. ",212,"[126, 768, 875, 840]",1589,2.0164158596266115e+18,
2016415859626611551,W109684747,text,"Nun kommt es nicht darauf an, Fachleute heranzubilden, deren Denken und Sinnen so trainiert ist, daB sie bei einem gegebenen Problem sofort die quantitativen Verknüpfungen klar vor sich sehen, auch nicht darauf, dab die Betriebswirtschafter selbst mathematische Analysen vornehmen, sondern vielmehr darauf, den Betriebswirtschaftler mit den operationsanalytischen Berechnungsverfahren so weit vertraut zu machen, daB er erstens die Sprache der Mathematiker, Statistiker und Techniker versteht, da er zweitens - worauf es besonders ankommt — in der Phase der Modellkonstruktion ,,mitreden"" kann und daB er drittens den Aussagewert der von den Mathematikern und Statistikern vorgelegten Ergebnisse zu beurteilen in der Lage ist. ",212,"[124, 850, 875, 905]",1590,2.0164158596266115e+18,
2016415859626611554,W109684747,text,,213,"[124, 124, 875, 251]",1593,2.0164158596266115e+18,
2016415859626611555,W109684747,text,"Es ist schon an einer früheren Stelle bemerkt worden, dab die Bildung eines betriebswirtschaftlichen Modells auf keinen Fall dem Techniker oder dem Formalwissenschaftler allein überlassen bleiben sollte, sondern daB der Betriebswirtschafter hinzugezogen werden müBte. Nur er kann bestimmen, welche Bedingungen und Einflüsse berücksichtigt werden müssen und welche vernachlässigt werden können. Er muB aber in der Lage sein, seine betriebswirtschaftlichen Anliegen so vorzubringen, daB ihrer Übersetzung in die Kalkülsprache — sofern diese überhaupt möglich ist - nichts im Wege steht. Die betriebswirtschaftliche Operationsforschung ist nicht nur eine Sache des Wirtschaftsingenieurs, sondern auch des Kaufmanns. ",213,"[124, 267, 877, 448]",1594,2.0164158596266115e+18,
2016415859626611556,W109684747,text,"Frenckner behauptet, daB die positive Mitarbeit betriebswirtschaftlicher Forscher vor allem bei der Ausarbeitung solcher mathematischer und statistischer Methoden nicht zu entbehren sei, die zur Lösung betriebswirtschaftlicher Probleme unmittelbar beitragen sollen (9). Er vertritt die Meinung, daB die bisherigen Erfahrungen bewiesen haben, ,,daB die Verfahrensforschung für ihre Weiterentwicklung ... betriebswirtschaftlich geschulter Forscher notwendigerweise bedarf"". Die Vertreter der betriebswirtschaftlichen Theorie könnten "",ein vermittelndes Glied zwischen den ,operationsanalytischen' Mathematikern und Statistikern einerseits und den wirtschaftlich oder technisch ausgebildeten Praktikern in den Unternehmungen andererseits bilden"". ",213,"[126, 461, 879, 642]",1595,2.0164158596266115e+18,
2016415859626611557,W109684747,text,"Es ist nicht so, daB nur die Betriebswirtschafter die Nehmenden sind, sondern auch die betriebswirtschaftliche Operationsforschung bedarf dringend der Unterstützung durch die Betriebswirtschaftslehre. ",213,"[128, 657, 879, 710]",1596,2.0164158596266115e+18,
2016415859626611558,W109684747,text,"Da nun die betriebswirtschaftliche Operationsforschung kein selbständiges Wissensgebäude ist, sondern als strategische Planungsrechnung einen Teil der Betriebswirtschaftslehre bzw. -politik darstellt, kann sie bzw. können ihre Verfahrenstechniken ohne Schwierigkeiten in das Gebiet der Planungsrechnung eingebaut werden. Auf diesem Gebiet des Rechnungswesens öffnet sich dem Betriebswirtschafter durch die neuen Verfahren ein weites Feld der Betätigung, das zu betreten er nicht zögern sollte. Es könnte der Typus eines Planungsrechners geschaffen werden, der neben dem Buchhalter und Kostenrechner stehen würde. Seine Aufgabe bestünde vorwiegend darin, die ökonomischen Ausgangssituationen einer Rechnung eindeutig klarzulegen. Ob es zweckmäBig ist, auf den Wirtschaftshochschulen Kurse über die Technik des Programmierens abzuhalten, oder welche der von Adam (10) vorgeschlagenen Fächer ",213,"[128, 723, 881, 905]",1597,2.0164158596266115e+18,
2016415859626611561,W109684747,text,,214,"[118, 124, 869, 160]",1600,2.0164158596266115e+18,
2016415859626611562,W109684747,text,"a) höhere Mathematik, speziell auch die Wahrscheinlichkeitsrechnung,   
Matrizenkalkül,   
c) mathematische Logik,   
d) lineare Algebra,   
e) Spieltheorie,   
f) spezielle numerische Rechenmethoden,   
g) Methoden der Datenverarbeitung,   
h) Programmieren,   
i) Statistik und Metrien,   
j) Informations- und Kommunikationstheorie,   
Kybernetik ",214,"[122, 164, 783, 364]",1601,2.0164158596266115e+18,
2016415859626611563,W109684747,text,"auch in einer betriebswirtschaftlichen Fakultät berücksichtigt werden müBten, kann nicht so ohne weiteres beantwortet werden und hängt von den zur Verfügung stehenden Lehrkräften ab. Wichtig ist nur, daB es überhaupt Lehrveranstaltungen gibt, in denen zukünftige Planungsrechner ausgebildet werden, und daB diese Vorlesungen nicht nach statistischen und mathematischen Erfordernissen aufgebaut werden, sondern davon ausgehen, daB es sich um die Ausbildung von Betriebswirtschaftern und nicht um die Schulung von Formalwissenschaftlern handelt. Zweifellos ist die Beschäftigung mit den neuen Kalkülformen unerläBlich. ",214,"[124, 370, 875, 534]",1602,2.0164158596266115e+18,
2016415859626611564,W109684747,text,"Es gilt abzuwarten, ob Käfer mit seiner Behauptung recht behalten wird, nach der es gewiB ist, daB - und ,mögen zur Zeit auch die rein mathematisch und naturwissenschaftlich vorgebildeten Verfahrensforscher überwiegen"" - ,bald die notwendige Korrektur eintreten"" werde (11). ",214,"[126, 539, 875, 612]",1603,2.0164158596266115e+18,
2016415859626611565,W109684747,text,"Wenngleich gesagt wurde, da der Betriebswirtschafter nicht zum Mathematiker ausgebildet werden solle, so heit das nicht, daB er sich nicht mit gewissen bisher in der Betriebswirtschaftslehre nicht verwendeten Rechenoperationen, beispielsweise mit dem Matrizenkalkül, vertraut machen müBte; andererseits wird es kaum nötig sein, da er sich den Kopf darüber zerbricht, ob beispielsweise in der Linearplanung die Simplex- oder die Multiplexmethode angewendet werden soll. Dafür ist der Mathematiker zuständig. ",214,"[126, 617, 877, 745]",1604,2.0164158596266115e+18,
2016415859626611566,W109684747,title,2. Der Einsatz im Betrieb,214,"[370, 768, 632, 785]",1605,2.0164158596266115e+18,2.0
2016415859626611567,W109684747,text,"Die betriebswirtschaftliche Operationsforschung ist durch eine Teamarbeit gekennzeichnet. Da sie betriebswirtschaftliche, mathematische und statistische Kenntnisse verlangt und eine einzelne Person das erforderliche Wissen nur in seltenen Fällen in sich vereinigt, bleibt für die praktische Arbeit gar keine andere Möglichkeit als die der Arbeitsaufteilung auf mehrere Fachleute der verschiedenen Disziplinen. ",214,"[126, 795, 877, 905]",1606,2.0164158596266115e+18,
2016415859626611570,W109684747,text,"Die Teamarbeit setzt sich in der Führung gröBerer Unternehmungen immer mehr durch, und es hat den Anschein, als würden Gruppenbeschlüsse tatsächlich, so wie es Lindner behauptet, ,die Ausweglösung von morgen"" werden (12). Auch wer diese Meinung in bezug auf die oberste Unternehmungsleitung nicht teilen kann, muB zugeben, daB in den Stabsstellen der Geschäftsführungen vorwiegend Teamarbeit geleistet wird, ja die Gesamtheit aller bestehenden Stabsabteilungen bereits ein Team darstellt. ",215,"[122, 124, 871, 251]",1609,2.0164158596266115e+18,
2016415859626611571,W109684747,text,"Hier interessiert bezüglich der betriebswirtschaftlichen Operationsforschung weniger der Wert der Gruppenarbeit auf emotionalem Gebiet, auch nicht der Umstand, daB Gruppenmitglieder, die an einer Entscheidung mitwirken dürfen, bei der Durchführung der beschlossenen MaBnahmen auch gröBere Initiative entwickeln werden, sondern vielmehr der Umstand, daB bei bestimmten Problemen eine Gemeinschaftsleistung oft besser ist als die Durchschnittsleistung von Einzelpersonen. ",215,"[124, 264, 875, 392]",1610,2.0164158596266115e+18,
2016415859626611572,W109684747,text,"Die Teamarbeit in der betriebswirtschaftlichen Operationsforschung beginnt bereits im Stadium der Problembestimmung. Gleichgültig, ob im konkreten Fall ein innerbetriebliches Operationsforschungsteam oder eine Gruppe auBenstehender Fachleute an die zu lösende Aufgabe herangeht, immer wird es erforderlich sein, daB das Problem (z. B. Aufstellung eines optimalen Belieferungsprogramms der im ganzen Land verstreuten Filialbetriebe) gemeinsam mit der Geschäftsleitung und allen betroffenen Abteilungen besprochen wird. Insbesondere erscheint es wichtig, ständig mit der Geschäftsleitung in Kontakt zu bleiben. Eine ,mangelhafte Verständigung zwischen denjenigen, welche die quantitativen Methoden konstruieren, ... und denjenigen, welche ... Beschlüsse fassen ..."" (13), führt früher oder später zu MiBverständnissen. ",215,"[124, 403, 875, 603]",1611,2.0164158596266115e+18,
2016415859626611573,W109684747,text,"Die Mitglieder der OF-Gruppe, deren Kern die ausgebildeten Formalwissenschaftler, also Statistiker und Mathematiker, bilden, müssen Zutritt zu allen Betriebsabteilungen haben, und alle Zahlen und Informationen müssen ihnen jederzeit zur Verfügung stehen. Nur dann wird die OF-Abteilung in der Lage sein, ihrer Aufgabe gerecht zu werden, nur dann wird sie aus der Fülle der inner- und auBerbetrieblichen Informationen brauchbare Entscheidungsunterlagen für die Unternehmungsführung zusammenstellen können. ",215,"[126, 617, 877, 745]",1612,2.0164158596266115e+18,
2016415859626611574,W109684747,text,"Die richtige Zusammensetzung des Arbeitsteams ist nicht immer leicht zu erreichen; Churchman, Ackoff, Arnoff warnen in humorvoller Weise davor, Wissenschaftler in das Team aufzunehmen — sie sprechen in ihrem Beispiel von "",physical scientists"" -, deren Haltung so engstirnig ist, daB sie die Stirn runzeln, wenn ihnen zugemutet wird, mit einem Ingenieur zusammenzuarbeiten, die bei dem Gedanken der Assoziierung mit einem Wirtschafter schaudern und schon bei der bloBen Vorstellung einer Kollaboration mit einem Psychologen oder Soziologen aufheulen (14). Genauso wichtig wie die wissenschaftlichen ",215,"[126, 759, 879, 905]",1613,2.0164158596266115e+18,
2016415859626611577,W109684747,text,"Fähigkeiten ist der Respekt, den die einzelnen Teammitglieder einander entgegenbringen müssen. ",216,"[122, 125, 871, 160]",1616,2.0164158596266115e+18,
2016415859626611578,W109684747,text,"Die OF-Abteilung als ein Referat der Informationsgewinnung und -veredelung hat im Organisationsaufbau der Unternehmung eine reine Stabsfunktion. Ihr Leiter sollte, wenn man sich nicht für eine kollegiale Leitung (1 Betriebswirtschafter und 1 Formalwissenschaftler) entscheidet, ein Betriebswirtschafter sein; er müBte den Weg bestimmen. Das ergibt sich einfach daraus, daB es sich um betriebswirtschaftliche Probleme handelt, die operationsanalytisch zu klä- ren sind. Ein Betriebswirtschafter an der Spitze einer derartigen Stabsabteilung - allerdings müBte er auch mathematisch geschult sein - würde auch eher als ein Formalwissenschaftler darauf achten, dab die von der OF-Gruppe für die Geschäftsführung verfaBten SchluBberichte in einer verständlichen Sprache abgefat würden. Das ist ein sehr wichtiges Erfordernis, wenn nicht die Mühen und Arbeiten operationsanalytischer Untersuchungen wirkungslos verpuffen sollen. Der Operationsforscher mu auf jeden Fall imstande sein, ,,seine hochtechnische Sprache in die der Ausführenden zu übersetzen, eine Sprache, die klar und einfach Wert, Wirksamkeit und Kosten verschiedener zukünftiger Arbeitsrichtungen enthält"" (15), und er begeht einen ernsten Fehler, wenn er das übersieht. Es ist unzureichend, der Unternehmungsleitung einige wenige Formeln als Ergebnis der vorhergegangenen Analysen anzubieten. Vielmehr muB das Resultat in die Sprache des Wirtschafters übersetzt werden, muB so formuliert sein, daB es von denen, die damit arbeiten sollen, leicht verstanden wird. Jede mathematisch-statistische Kabbalistik ist zu vermeiden (16). ",216,"[124, 164, 875, 567]",1617,2.0164158596266115e+18,
2016415859626611579,W109684747,text,"Herrmann und Magee sagen sogar, daB, je erfahrener die Operationsforscher sind, sie desto mehr erkennen werden, daB die Erläuterungen von Forschungsergebnissen genauso wichtig sind wie die Konklusionen selbst (17). ",216,"[124, 570, 875, 623]",1618,2.0164158596266115e+18,
2016415859626611580,W109684747,text,"Obwohl der Operationsforscher im Interesse der Sache auch die Durchführung der von ihm empfohlenen Handlungen weiterhin verfolgen wird, vielleicht auch deshalb, weil er befürchten muB, daB seine Lösungsvorschläge von den entscheidenden Personen falsch ausgelegt und in abgeänderter Form realisiert werden, so ist er doch grundsätzlich für betriebswirtschaftliche Entscheidungen unzuständig; er ist nur Berater, empfiehlt, bestimmte Wege einzuschlagen, gibt Ratschläge, trifft aber selbst keine Manahmen. Er ist kein Mann der unternehmerischen Tat, ,,denn er handelt nicht gern, wenn er der UngewiBheit gegenübersteht"" (18). Man kann tatsächlich sogar behaupten, daB die Anforderungen an den Entscheidungsverantwortlichen und die Erfordernisse, die an einen Operationsforscher gestellt werden, bis zu einem gewissen Grade antagonistisch sind. Er kann aber für die Arbeit desjenigen, der die Entscheidungen trifft, der handelt, wertvolle Dienste leisten. Mehr will und soll er auch gar nicht. Er überschreitet niemals die Grenze des Wissens, das Handeln überläBt er dem Betriebswirt. ",216,"[124, 629, 875, 904]",1619,2.0164158596266115e+18,
2016415859626611583,W109684747,title,XVII. Nachwort,217,"[386, 185, 615, 209]",1622,,1.0
2016415859626611584,W109684747,text,"Je mehr Artikel, Aufsätze und Bücher man über das Gebiet der Operationsforschung liest, je tiefer man in die einschlägige Literatur eindringt, desto öfter findet man, daB die Autoren aus den verschiedenen Lagern unterschiedliche Vorstellungen vom Wesen des Betriebes haben, desto mehr verdichtet sich das Gefühl, daB letzten Endes der Betriebswirtschafter (oder müBte man nicht, um jedes MiBverständnis auszuschalten, Kaufmann sagen?) unter dem ,,Betrieb"" etwas ganz anderes versteht als der Techniker und mit diesem die Mathematiker und viele Statistiker. ",217,"[124, 224, 875, 369]",1623,2.0164158596266115e+18,
2016415859626611585,W109684747,text,"Für den einen ist der Betrieb die Produktionsabteilung einer Unternehmung, für den anderen weit mehr. Man kommt — so absurd das klingen mag - zu dem SchluB, daB die Bemühungen zweier Generationen von Betriebswirtschaftern nicht zu einer allgemeinen, auch von den Technikern akzeptierten Definition des Ausdruckes ,Betrieb"" geführt haben und daB es nach einem halben Jahrhundert wissenschaftlicher Arbeit nötig ist, sich wieder mit der Terminologie der Grundbegriffe auseinanderzusetzen. Der anscheinend längst beigelegte Streit um den Begriff ,Betrieb"" ist neu entflammt. Man hat sich wohl im betriebswirtschaftlichen Lager der Handelshochschulen und Wirtschaftsfakultäten weitgehend geeinigt, aber die neuen Schriften der von der Technik und insbesondere Betriebswissenschaft sowie von der Mathematik und Statistik kommenden Autoren fordern zu einer Prüfung der anscheinend allgemein angenommenen Terminologie heraus. ",217,"[124, 382, 875, 617]",1624,2.0164158596266115e+18,
2016415859626611586,W109684747,text,"Die neuerliche Beschäftigung mit diesem Grundbegriff unserer Wissenschaft wird aber notwendig sein, denn die endgültige Antwort, d. h. die eindeutige Klärung des Begriffes, die allgemein anerkannte Definition wird auch den Schlüssel zum Methodenproblem geben. ",217,"[126, 629, 875, 701]",1625,2.0164158596266115e+18,
2016415859626611587,W109684747,title,Anmerkungen,218,"[409, 206, 571, 227]",1626,,1.0
2016415859626611588,W109684747,title,Zu Abschnitt I,218,"[126, 243, 272, 257]",1627,2.0164158596266117e+18,2.0
2016415859626611589,W109684747,text,"(1Frenckner, T.P.,,Betriebswirtschaftslehre und Verfahrensforschung"" in ,,Zeitschrift für Handelswissenschaftliche Forschung"", Westdeutscher Verlag, Köln-Opladen 1957, S. 89.   
(2) Kregeloh, H., in einer Rezension über ""Operations Research for Management"" in ,Arbeitswissenschaftlicher Auslandsdienst"", Darmstadt, Mai 1958, Heft 2, S. 47. Ahnlich Kosiol, E., ,,Wissenschaftliche Betriebsführung"" in ,,Zeitschrift 1957, Heft 10, S. 585.   
(3) Adam, A., ,Zur betrieblichen Regelung"", in ,Zeitschrift Unternehmensforschung"", Physica-Verlag, Würzburg 1956. I/1, S. 27.   
(4) Illetschko, L. L., ,Zur Entwicklung moderner Formen der betrieblichen Verrechnungslehre"" in ,,Betriebswirtschaftliche Forschung ""und Praxis"", Herne-Berlin, Heft 4, April 1959, S. 196 u. 198.   
(5) Meier, F., und Billeter, E. P., ,Wendepunkt der Betriebsführung"" in ,,Zeitschrift für Betriebswirtschaft"", Betriebswirtschaftlicher Verlag Dr. Th. Gabler, Wiesbaden 1958, Nr. 1, S. 35.   
(6) Rago, L. I. v., "",Operations Research, ein neuer Weg zur Lösung alter Probleme"" in ,Rationalisierung"", Carl Hanser-Verlag, München, November 1958, S. 277. Derselbe: ,Eine wahrhaft ,wissenschaftliche Betriebsführung' ist ohne Operations Research-Methoden nicht mehr wissenschaftlich."" ,Die Anwendung des Operations Research im betrieblichen Wirtschaftsleben"" in ,Unternehmensforschung Physica-Verlag, Würzburg 1960, IV/2, S. 79.   
(7) Zitiert bei Böhm,H.H., _,Lineare Programmplanung als Spezialproblem der Planung interner Verrechnungspreise"" in ,Neue Wege zur Fortführung der Automation"", Deutscher Betriebswirte-Verlag GmbH, Berlin 1957, S. 78.   
(8) Pocock, J. W., ""Management consulting and Operations Research"", in ""Operations Research for Manage ment"", Vol. I, The Johns Hopkins Press Baltimore 1954, S. 92.   
(9) ,,Operations Research  ,Unternehmensforschung'"" in ,,Zeitschrift für Betriebswirtschaft"", Betriebswirtschaftlicher Verlag Dr. Th. Gabler, Wiesbaden 1959, Nr. 6, S. 41 ff.   
10 Böhm, H. H., wie I (7), S. 78.   
(11 Gutenberg,E.,Zum,Methodenstreit"""", in ,Zeitschrift für Handelswissenschaftliche Forschung"", Westdeutscher Verlag, Köln-Opladen 1953, S. 327 ff, insb. 334. ",218,"[126, 263, 484, 910]",1628,2.0164158596266117e+18,
2016415859626611590,W109684747,text,,218,"[507, 243, 864, 454]",1629,2.0164158596266117e+18,
2016415859626611591,W109684747,title,Zu Abschnitt II,218,"[511, 471, 663, 486]",1630,2.0164158596266117e+18,2.0
2016415859626611592,W109684747,text,"(1) Schönpflug, F., ,Betriebswirtschaftslehre"", 2. Auflage, C. E. Poeschel Verlag, Stuttgart 1954, S. 22.   
(2) Pocock, J. W., ,,Eine Aufgabe der Unternehmensführung"" in Operations Research"", Girardet Verlag, Essen 1958, S. 17.   
(3) Morse, Ph. M., ""Statistics and Operations Research"" in ""Operations Research"" ""The Journal of the Operations Research Society of America"", 1956, Band I, S. 2: ""Workers in the related fields want to know why it should be differentiated from their own field . .."".   
④ a) Kosiol, E., ,,Wissenschaftliche Betriebsführung"" in ,,Zeitschrift für Betriebswirtschaft"", Betriebswirtschaftlicher Verlag Dr. Th. Gabler, Wiesbaden 1957, Nr. 10. Käfer, K., ,,Betriebswirtschaftliche Verfahrensforschung im Dienste der Unternehmungsführung"" in ,,Gedenkschrift für A. Walther"", Bern, S. 109. Henzel, F., ,Die Betriebswirtschaftslehre als angewandte Wissenschaft und ihre Aufgaben für die Praxis"" in ,Zeitschrift für Betriebswirtschaft"", Betriebswirt schaftlicher Verlag Dr. Th. Gabler, Wiesbaden 1957, Nr. 12, S. 665. ",218,"[511, 496, 869, 911]",1631,2.0164158596266117e+18,
2016415859626611593,W109684747,text,"Wittmann, W., ,,Betriebswirtschaftslehre und Operations Research"" in ,Zeitschrift für Handelswissenschaftliche Forschung"",Westdeutscher Verlag, Köln-Opladen 1958, S. 285. Meier, F., Billeter, E. P., wie I (5). Frenckner, T. P., wie I (1). ",219,"[168, 125, 486, 228]",1632,2.0164158596266117e+18,
2016415859626611594,W109684747,text,"(5) Adam, A., _,Probleme und Methoden einer Betriebsökonometrie"" in ,,Statistische Vierteljahresschrift"", 1956, IX, Heft $\pmb { 3 } / 4$ (Manz'sche Verlags- und und Universitätsbuchhandlung, Wien). ",219,"[135, 231, 486, 293]",1633,2.0164158596266117e+18,
2016415859626611595,W109684747,text,"(8) Ackoff, R. L., ""The Development of Operations Research as a Science"" in ""Operations Research"" ""The Journal of the Operations Research Society of America"", 1956, S. 265 ff. ",219,"[135, 327, 486, 389]",1634,2.0164158596266117e+18,
2016415859626611596,W109684747,text,"(9) Wittmann, W., wie II (4d), S. 295. ",219,"[135, 392, 451, 405]",1635,2.0164158596266117e+18,
2016415859626611597,W109684747,title,Zu Abschnitt III,219,"[135, 424, 291, 439]",1636,2.0164158596266117e+18,2.0
2016415859626611598,W109684747,text,"(1) a) Wittmann, W., wie II (4d), S. 285. Käfer, K., wie II (4b), S. 109. Trefethen, F. N., ""A History of Operations Research"" in ""Operations Research for Management"", The Johns Hopkins Press Baltimore, Vol. I, 1954.   
(2) Johnson, E. A., ""The Application of Operations Research to Industry"" in ""Operations Research Office"", Chevy Chase 1955, S. 30.   
(3) RKW, ,Ablauf- und Planungsforschung/Operations Research"", Carl Hanser Verlag, München 1958, Heft 56 der Reihe RKW - Auslandsdienst, S. 17 ",219,"[135, 450, 488, 643]",1637,2.0164158596266117e+18,
2016415859626611599,W109684747,title,Zu Abschnitt IV,219,"[135, 664, 291, 678]",1638,2.0164158596266117e+18,2.0
2016415859626611600,W109684747,text,"in fields as widely separated as agriculture and railways are much more common than might, at first, be obvious, simply because one is always dealing with systems involving people."" ",219,"[546, 125, 866, 199]",1639,2.0164158596266117e+18,
2016415859626611601,W109684747,text,"(1) Camp, G. D., ,Die wissenschaftliche Methode - Strategie oder Taktik"" in ""Operations Research"", Girardet Verlag, Essen 1958, S. 130. ",219,"[135, 688, 486, 739]",1640,2.0164158596266117e+18,
2016415859626611602,W109684747,text,"(2) Morse, Ph. M., ""It is to be expected that such general laws, governing operation, if discovered, will be statistical in nature"", in ""Proceedings of the first international Conference on Operational Research"", Oxford 1957, The English Universities Press Ltd., London, S. 6. ",219,"[135, 740, 488, 837]",1641,2.0164158596266117e+18,
2016415859626611603,W109684747,text,"(3) Goodeve, Ch., ""Operational Research as a Science"" in ""Operations Research for Management"" The Johns Hopkins Press Baltimore, Vol. I, 1954, S. 50. ""... the underlying causes of action ",219,"[135, 842, 488, 903]",1642,2.0164158596266117e+18,
2016415859626611604,W109684747,text,"(4) Die Operationsforschung ist weder eine Methode noch eine Technik; sie ist eine Wissenschaft oder ist zumindest dabei, eine zu werden. Ackoff, R. L., wie II (8), S. 265.   
Sagoroff, W., ,Zum Geleit"" in ,Unternehmensforschung"", Physica-Verlag, Würzburg 1956, Bd. I/1, S. 2.   
(6) ,,Daher ist es ... nicht richtig, in der Verfahrensforschung ... eine eigene Wissenschaft sehen zu wollen."" Wittmann, W., wie II (4d), S. 290.   
(7) Wittmann, W., wie II (4d), S. 287.   
8a) Gutenberg, E., ,,Betriebswirtschaftslehre als Wissenschaft"", Kölner Universitätsreden Nr. 18, Scherpe Verlag, Krefeld 1957, S. 26. Schönpflug, F., wie II (1), S. 1.   
(9) Morse, Ph. M., und Kimball, C. E., ""Methods of Operations Research"", The Technology Press of Massachusetts Institute of Technology and John Wiley & Sons, Inc., New York 1950, S. 1.   
(10) Koopmans, T. C., ""Activity Analyses of production and allocation"", Cowles Commissions Monograh, 13 New York 1951, John Wiley & Sons Inc.   
(11) Morse, Ph. M., wie II (3), S. 6.   
(12) Johnson, E. A., ""The Executive, the Organization, and Operations Research"" in ""Operations Research for Management"", Vol. 1, 1954, S. XII.   
(13) Le Coutre, W., "",Zum Werke Erich Gutenbergs"" in ,"",Zeitschrift für Betriebswirtschaft"","" Betriebswirtschaftlicher Verlag Dr. Th. Gabler, Wiesbaden 1957, Nr. 11, S. 605.   
(14) Kosiol, E., wie II (4a), S. 586.   
(15) Gutenberg, E., wie IV (8a), S. 37 u. 26.   
Zu Abschnitt V   
(1) Wittmann, W., wie II (4d), S. 287.   
() Allen, R. G. D., ,Mathematik für Volks- und Betriebswirte"", Duncker & Humblot, Berlin 1956, S. 2.   
Camp, G. D., wie IV (1), S. 133.   
( Walther, A., ,,Einführung in die Wirtschaftslehre der Unternehmung"", Bd. 1, Zürich 1955, Schulthess & Co. AG, S. 5.   
(5) ""How is Planning, possible?"" in ""Operations Research for Management"", Vol. II, 1956, The Johns Hopkins Press Baltimore, S. 411.   
() v. Neumann, J., u. Morgenstern, O., ""Theory of Games and Economic Behavior"", 2. Auflage, Princeton University Press 1947, S. 2. ""Even in sciences which are far more advanced than economics like physics, there is no universal system available at present.   
(7) Heinrich, W., ,Wirtschaftspolitik"", Bd. I, Verlag A. Sexl, Wien 1948, S. 52 u. S. 137.   
(8) Sandig, C., ,Die Führung des Betriebes Betriebswirtschaftspolitik"", C. E. Poeschel Verlag, Stuttgart 1953, S. 52.   
(9) Churchman, C. W., Ackoff, R. L., Arnoff, E. L., ""Introduction to Operations Research"", John Wiley & Sons, New York, and Chapman & Hall, London 1957, S. 107.   
(10) Sandig, C., wie V (8), S. 19.   
(11) Illetschko, L. L., ,Management und Betriebswirtschaft"", Band 6 der Veröffentlichungen des Instituts für Organisation und Revisionswesen an der Hochschule für Welthandel, Wien 1955, S. 3 u. 5.   
(12) In Anlehnung an Heinrich, W., wie V (7), S. 117. Löffelholz, J. ,Betriebswirtschaftspolitik"" in ,,Zeitschrift für Betriebswirtschaft"","" Betriebswirtschaftlicher Verlag Dr. Th. Gabler, Wiesbaden 1955, S. 117.   
(13) Henzel, F., wie II (4c), S. 665. Sandig, C., C. E. Poeschel, Stuttgart 1953.   
(14) Walther, A., ,,Einführung in die Wirtschaftslehre der Unternehmung"", Bd. I, Schulthess & Co., Zürich 1955, S. 1.   
(15) Lehmann, M. R., "",Allgemeine Betriebswirtschaftslehre, 3. Auflage, Betriebswirtschaftlicher Verlag Dr. Th. Gabler, Wiesbaden 1956, S. 306.   
(16) Illetschko, L. L., ,Automation und Betriebswirtschaft"", Band 8 der ,Veröffentlichungen des Instituts für Organisation und Revisionswesen"", Manzsche Verlags- und Universitätsbuchhandlung, Wien 1957, S. 5. Illetschko, L. L., wie V (11), S. 12u. 13.   
(17Seyffert,R.,,Betriebswirtschaftslehre"" im ,,Handwörterbuch der Betriebswirtschaft"", 3. Auflage, C. E. Poeschel, Stuttgart 1956, S. 988; und ,, Geschichte der Betriebswirtschaftslehre im ",219,"[507, 176, 873, 784]",1643,2.0164158596266117e+18,
2016415859626611605,W109684747,text,,219,"[517, 794, 875, 905]",1644,2.0164158596266117e+18,
2016415859626611608,W109684747,text,,220,"[122, 92, 490, 910]",1647,2.0164158596266117e+18,
2016415859626611609,W109684747,text,",,Handwörterbuch der Betriebswirtschaft"", 3.Auflage, C.E. Poeschel Verlag, Stuttgart 1956, S. 998 u. 1010. () Heinrich,WWirtschaftspolitik B. I/2, Verlag A. Sexl, Wien 1954, S. 200. (19) Wittmann, W., wie II (4d), S. 287. (20) Frenckner, T. P., wie I (1), S. 89. (21) Menges, G., "",Ökonometrische Diskussion eines Produktionsmodells"" in ,Zeitschrift für Handelswissenschaftliche Forschung"", Westdeutscher Verlag, Köln-Opladen 1958, S. 302. (22) Tinbergen, J., ,Einführung in die Ökonometrie"", Humboldt-Verlag, Wien-Stuttgart 1952, Bd. 31. (23) Tinbergen, J., wie vor, S. 13. (24) Winkler, W., ,Grundfragen der Ökonometrie, Springer - Verlag, Wien 1951, S. 1. (25) Adam, A., wie II (5). () So auch Gutenberg, E., wie IV (8a), S. 9, der im übrigen auch die Betriebswissenschaft mit der Arbeitswissenschaft gleichsetzt. Ebenfalls Walther, A., wie V (14): ,,Vom wissenschaftlichen Standpunkt aus ist eine Gleichsetzung von Betriebswirtschaftslehre und Betriebswissenschaften ganz entschieden abzulehnen, denn die Betriebswirtschaftslehre besitzt einen einheitlichen, wirtschaftlichen Gesichtspunkt, während die Betriebswissenschaften mehrere, verschiedene Gesichtspunkte anwenden und daher nicht als einheitliche, selbständige Wissenschaft betrachtet werden können."" S. 64, 65. (27) Keachie, E. C., ,Der Stand der ökonomisch-technischen Betriebsführung (Industrial Engineering) in Deutschland"" in ,,Zeitschrift für Handelswissenschaftliche Forschung"";, Westdeutscher Verlag, Köln-Opladen 1958, S. 673. (28) Bredt, O., ,Die Krise der Betriebswirtschaftslehre"", Verlagsbuchhandlung des Instituts für Wirtschaftsprü- fer Ges. m. b. H., Düsseldorf 1956, S. 189. Um die Krise der Betriebswirtschaftslehre zu überwinden, ,,mu die Betriebswirtschaftslehre in Verbindung mit den Betriebswissenschaften aus ihrer bisherigen Enge heraus.. (29) Witte, I. M., im Vorwort zu ,,Planungsforschung"", Rationalisierungsbriefe Nr. 13/14, Berlin ohne Datum, S. 4. (30) Johnson, E. A., wie III (2). (31) Frenckner, T. P., wie I (1), S. 89. ",220,"[507, 105, 875, 916]",1648,2.0164158596266117e+18,
2016415859626611612,W109684747,title,Zu Abschnitt VI ,221,"[135, 125, 291, 140]",1651,,1.0
2016415859626611613,W109684747,text,"(1) Herrmann, C. C., und Magee, J. F., ""Operations Research for Manage ment"" in ""Harvard Business Review"", Harvard University 1953, Vol. 31, No. 4, S. 101 ff.   
() Kalussis, D., ,Der Betriebsvergleich im Handel"", in der Neuen Folge der ,,Schriftenreihe des Instituts für Welthandelslehre"" a. d. Hochschule für Welthandel, Heft 1, Wien 1949, S. 11.   
a) Adam, A., wie II (5), S. 115. Thüring, B., ,Allgemeine Programmierung von Abläufen des industriellen, administrativen und kaufmännischen Rechnungswesens"" in ,,Unternehmensforschung"", Physica-Verlag, Würzburg 1956/57, I/3, spricht ebenfalls von einem ,,industriellen, administrativen, kaufmännischen Rechnungswesen"".   
(4) Adam, A., ,Messen und Regeln in der Betriebswirtschaft Physica-Verlag Würzburg 1959, S. 134.   
(5) Adam, A., ,,Betriebliche Verfahrensforschung (Operations Research) und Informationswesen""  in ,Führungsentscheidungen und ihre Dispositionshilfen"", Deutscher Betriebswirte-Verlag Ges. m. b. H., Berlin, S. 44.   
() Illetschko, L. L., ,Die Wirtschaftsrechnung als Leistungsrechnung"" in ,,Betriebswirtschaftliche  Schriftenreihe des Instituts für industrielle Betriebslehre und Kleingewerbliche Forschung"", Heft 3, Manzsche Verlagsund Universitätsbuchhandlung, Wien 1950, S. 17.   
(7) Zimmermann, R. E., ""A Monte Carlo Model for Military Analysis"" in Operations Research for Management"", Vol. I1/195, The Johns Hopkins Press Baltimore, S. 380.   
(8) Churchman, C. W., Ackoff, R. L., Arnoff, E. L., wie V (9), S. 174.   
(9) Morse, Ph. M., wie II (3), S. 6.   
(10) Wittmann, W., wie II (4d), S. 294.   
(11) LaBmann, G., ,Die Produktionsfunktion und ihre Bedeutung für die betriebswirtschaftliche Kostentheorie"", Westdeutscher Verlag Köln-Opladen 1958, S. 154.   
(12) Billeter, E. P., ,Elektronische Rechenautomaten im Dienste der industriellen Unternehmungsforschung"", in ,Unternehmensforschung"" hysica-Verlag, Würzburg 1958, II/1.   
(13) wie V (9), S. 330334.   
(14) Andere Möglichkeiten nach Harrison, J. O. (jr), ""Linear Programming and Operations Research"" in ""Operations Research for Management"", Vol. I/ 1954, The Johns Hopkins Press Baltimore, S. 235 u. 236. 1. The method of Fictitious Plays 2. The Relaxation Method 3. The Solution of a System of Ordinary Differential Equations.   
(15)wie V (9), S. 283 ff.   
(16) Winkel, H., .,Dynamische Planungsrechnung"" in ,Zeitschrift für Betriebswirtschaft"", Betriebswirtschaftlicher Verlag Dr. Th. Gabler, Wiesbaden 1959, Nr. 5, S. 266.   
(17) Shephard, R. W., ,Wiener Arbeitsseminar über Operations Research"" März 1960, EPA-Projekt ${ \bf 6 } / { \bf 0 2 } { \bf - A _ { 1 } }$ :   
(18) a) Pichler, O., ,Kostenrechnung und Kostenflu"" ""in ,,Neue Wege zur Fortführung der Automation"", Deutscher Betriebswirte Verlag Ges. m. b. H., Berlin 1957, S. 67. MTW-Mitteilungen,Jg.4Nr.6,S.362 Jg.5 Nr.1,S.19 Jg.5 Nr.2,S.57 Adam, A., wie VI (4), S. 152. d) Pichler, O., ,Matrizenrechnen in der Betriebswirtschaft"", in ,, Unternehmensforschung"", Physica-Verlag, Würzburg 1956/57, I/2, S. 94. Pichler, O., ,,Wirtschaftliche Produktionsgestaltung"" in ,, Zeitschrift Unternehmensforschung"", Physica-Verlag, Würzburg 1956, 1/1, S. 4. ",221,"[135, 137, 486, 626]",1652,2.0164158596266117e+18,
2016415859626611614,W109684747,text,,221,"[505, 99, 871, 871]",1653,2.0164158596266117e+18,
2016415859626611615,W109684747,title,Zu Abschnitt VII ,221,"[135, 641, 297, 657]",1654,,1.0
2016415859626611616,W109684747,text,"(1) Kosiol, E., wie II (4a), S. 505.   
(2) Billeter, E. P., ,,Hauptprobleme der Unternehmensforschung"" in ,,Unternehmensforschung"", Physica-Verlag, Würzburg 1956/57, I/4, S. 150.   
(3) Johnson, E. A., wie III (2), S. 19.   
(4) Eberl,W.,,Planungsforschung""(Operational Research) in ,Statistische Vierteljahresschrift"" Bd. VIII, Manzsche Verlags- und Universitätsbuchhandlung, Wien 1955, S. 66.   
(5) Morse, P. M., u. Kimball, G. E., ""Methods of Operations Research"", The Technology Press of Massachusetts Institute of Technology and John Wiley & Sons Inc., New York 1950, S. 116.   
Betriebswirtschaftlicher Verlag Dr. Th. Gabler, Wiesbaden 1959, S. 46. ",221,"[133, 665, 486, 904]",1655,2.0164158596266117e+18,
2016415859626611617,W109684747,text,"(19) Wetzel, W., ,Bemerkungen zur Rationalisierung "" betriebswirtschaftlicher Entscheidungen mit Hilfe elektronischer Datenverarbeitungsmaschi-",221,"[507, 868, 871, 905]",1656,2.0164158596266117e+18,
2016415859626611620,W109684747,text,,222,"[166, 125, 490, 175]",1659,2.0164158596266117e+18,
2016415859626611621,W109684747,text,"nen"" in , Unternehmensforschung"", Physica-Verlag, Würzburg 1956/57, I 3, S. 133.   
(20) Pichler, O., wie VII (18a), S. 67.   
(21) Wenke, K., ,Kostenanalysen mit Matrizen"" in ,Zeitschrift für Betriebswirtschaft"","" Betriebswirtschaftlicher Verlag Dr. Th. Gabler, Wiesbaden 1956, S. 562.   
(22) Frenckner, T. P., wie I (1), S. 79.   
(23) Munz, M., ,Das Problem der Warteschlangen"""" in ,Betriebswirtschaftliche Forschung und Praxis"", Verlag Neue Wirtschaitsbriefe, Herne-Berlin, 1959 5, S. 275 ff.   
(24) Marshall, B. O., ""Queuing Theory"" in ""Operations Research for Manage ment"", Vol. I. The Johns Hopkins Press Baltimore, 1954, S. 145 ff.   
(25) Morgenstern, O., u. von Neumann, J., ""Theory of Games and Economic Behavior"", 2nd Edition, Princeton University Press 1947.   
(26) Henn, R., ,Strategische Spiele und unternehmerische Entscheidungen"" in ,,Zeitschrift für Betriebswirtschaft"", Betriebswirtschaftlicher VerlagDr. Th. Gabler, Wiesbaden 1958, Nr. 5, S. 279. Weitere Beispiele siehe Burger, E., ,Einführung in die Theorie der Spiele"", W. Degruyter & Co., Berlin 1959, S. 21-24.   
(27) Die Rationalität der Handlungen ist eine grundlegende Annahme. Morgenstern u. von Neumann, wie VII (25), S. 47, stellen ausdrücklich fest:""... we ascribe to all players an exclusively monetary profit motive"".   
(28Hertz, D. B., u. Miller, D. W., ,Operations Research bei der Zuteilung von Betriebsmitteln"" in ""Operations Research"", Girardet Verlag, Essen 1958, S. 61 ff. ",222,"[124, 137, 488, 698]",1660,2.0164158596266117e+18,
2016415859626611622,W109684747,title,Zu Abschnitt VIII ,222,"[135, 712, 305, 726]",1661,,1.0
2016415859626611623,W109684747,text,"(1) Inzinger, R., ,,Moderne Rechentechnik"" in ,,Wirtschaftlichkeit"", ÖKW, Wien 1958, Nr. 7/8, S. 149.   
(2) Morse, Ph. M., ""Progress in Operations Research"" in ""Operations Research for Management"", Vol. I, 1954, S. 114.   
(3) Illetschko, L. L., wie V (16), S. 38.   
(4) Woitschach, M., ,,Aus der Praxis der linearen Planungsrechnung"" in ,,Zeitschrift für Organisation"", Gesellschaft für Organisation, Frankfurt 1958, Heft 3, S. 121.   
(5) Klaus, G., ,Elektronengehirn contra Menschengehirn?"", Leipzig-Jena, Urania-Verlag 1957, S. 1921, Zemanek, H., ,,Kybernetik"" in ,MTW-Mitteilungen"" der Technischen Hochschule, Wien, Teil I 1957/IV-5, S. 281 ff. Teil II 1957/IV-6, S. 371 ff.   
(6) Cushen, W. E., ""Symbolic Logic in Operations Research"" in ""Operations Research for Management"", Vol. I, 1954, S. 188 ff.   
(7) Wenke, K., ,,Kommerzielle Einsatzmöglichkeiten von elektronischen Groanlagen"" in ,,Unternehmensforschung"", Physica-Verlag, Würzburg, Bd. I/3, 1956/57, S. 113. ",222,"[135, 736, 490, 907]",1662,2.0164158596266117e+18,
2016415859626611624,W109684747,text,,222,"[517, 125, 873, 329]",1663,2.0164158596266117e+18,
2016415859626611625,W109684747,title,Zu Abschnitt IX ,222,"[515, 341, 675, 356]",1664,,1.0
2016415859626611626,W109684747,text,"(1) Wittmann, W.,UngewiBheit und Planung"" in ,, Zeitschrift für Handelswissenschaftliche Forschung"", Westdeutscher Verlag, Köln-Opladen 1958, S. 502. ",222,"[515, 364, 871, 425]",1665,2.0164158596266117e+18,
2016415859626611627,W109684747,text,"() Adam, A., ,, Industrielle Systemforschung"" in ,, Unternehmensforschung"", Physica-Verlag, Würzburg 1958, II/3, S. 107. Siehe auch Adam, A., ,,Unternehmensforschung - Operations Research"" in , Unternehmensforschung"", Physica-Verlag, Würzburg 1956, I, 1. Ferner Illetschko, L. L., ,,Die rationalen Grundlagen der Führungsentscheidungen im Betrieb"", Vortrag gegehalten am Deutschen Betriebswirtschaftlertag, Berlin 1957, abgedruckt als Anhang im ,Bericht über die 5. Internationale Konferenz über die Ausbildung und Schulung betrieblicher Führungskräfte"", Maschinenmanuskript, Wien 1958.   
(3) Zemanek, H., ,,Informationstheorie"" in ,,Unternehmensforschung"", Physica-Verlag, Würzburg 1956, I/1, S. 31.   
(4) Zemanek, H., wie vor, S. 32.   
(5) Slepian, D., ""Information Theory"" in ""Operations Research for Manage ment"". Vol. I/1954, S. 150. ",222,"[517, 419, 873, 732]",1666,2.0164158596266117e+18,
2016415859626611628,W109684747,title,Zu Abschnitt X ,222,"[517, 749, 669, 764]",1667,,1.0
2016415859626611629,W109684747,text,"(1) a) Angermann, A., auf der wissenschaftlichen Tagung des Verbandes der Hochschullehrer für Betriebswirtschaft e. V. 1958. Modelle sind ,,gedankliche Hilfsmittel zur übersichtlichen Darstellung von unanschaulichen Objekten und komplexen Vorgängen"" aus,, Der Österreichische Betriebswirt"", Manzsche Verlags- und Universitätsbuchhandlung, Wien 1958, Heft 4, S.210. ",222,"[519, 769, 873, 907]",1668,2.0164158596266117e+18,
2016415859626611633,W109684747,text,"Henzel, F., wie II (4c), S. 677. ,,Abstrahieren gehört nun einmal notwendig zur wissenschaftlichen Arbeit - auch gelegentlich, wo es sinnvoll ist, in mathematischer Darstellung. ",223,"[170, 125, 488, 199]",1672,2.0164158596266117e+18,
2016415859626611634,W109684747,text,"Waffenschmidt, G., ,,Technik und Wirtschaft der Gegenwart"", Springer-Verlag Berlin-Göttingen-Heidelberg 1952, S. 100. ,In beiden Gebieten, in der Volkswirtschaftslehre und der Betriebswirtschaftslehre, sind ... Formen und Prinzipien, etwa der Gütererzeugung, identisch und präsentieren sich in gemeinsamen geometrischen Modellen und mathematischen Formeln."" Ackoff, R. L., wie II (8), S. 271. (2) Morgenstern, O., u. von Neumann, J., wie V (6), S. 2, 32. (3Ackoff, R. L., wie II (8), S. 286. (④ Tinbergen, J., wie V (22), S. 260. Siehe auch Böhm, H. H., ,,Mathematik und Betriebswirtschaft""""in ,Zeitschrift für Betriebswirtschaft"", Betriebswirtschaftlicher Verlag Dr. Th. Gabler, Wiesbaden 1955, S. 567. (5) Frenckner, T. P., wie I (1), S. 71. 6) Angermann, A., wie X (1a). (7 Förstner, K., und Henn, R., ,Dynamische Produktionstheorie und Lineare Programmierung"", A. Hain, Meisenheim 1957, S. 11. (8) Gutenberg, E., ,,Betriebswirtschaftslehre als Wissenschaft"", Kölner Universitätsreden Nr. 18, Scherpe Verlag, Krefeld 1957, S. 28. (9) Anderson, O., ,,Probleme der statistischen Methodenlehre in den Sozialwissenschaften"", Physica-Verlag, Würzburg 1954, S. 19, 20. (10) Tinbergen, J., wie V (22), S. 23, 24; die statistische Methode ist nicht etwa unbrauchbar, aber ,das von ihr gebotene Bild der Wirklichkeit ist freilich etwas ärmer"" (11) Herrmann, C. C., und Magee, J. F., wie VI (1), S. 103. (12) Günther, R., ,Das Problem der Analogie zwischen wirtschaftlichen und elektrotechnischen Vorgängen"" in ,Statistische Vierteljahresschrift"", Bd.""10, Wien 1957, S. 114 ff. (13) Earl of Halsbury in Vorwort zu ""Operations Research for Management"", Vol. II/1956, S. XXII. (14) Frenckner, T. P., wie I (1), S. 76. ",223,"[122, 196, 488, 914]",1673,2.0164158596266117e+18,
2016415859626611635,W109684747,text,"(15) Hitch, Ch., und Mc Kean, R., ""Suboptimization in Operations Research"" in ""Operations Research for Management"", Vol. I/1954, S. 181. (""Ratios are particularly treacherous as operation criteria."")   
(16) Oberparleiter, K., ,,Der Leistungsgedanke in der Betriebswirtschaftslehre"" in ,,Die Ganzheit in Philosophie und Wissenschaft"" - Gedenkschrift für O. Spann, Braumüller, Wien 1950, S. 151.   
(17) Beck, M.,Die besondere Methode der kausalen Folge in der Betriebswirtschaftslehre"" in ,,Zeitschrift für Betriebswirtschaft"","" Betriebswirtschaftlicher Verlag Dr. Th. Gabler, Wiesbaden 1957, Nr. 7/8, S. 402.   
(18) Anderson, O., wie X (9), S. 22, 305.   
(19) Oberparleiter, K., wie X (16), S. 150.   
(20) Illetschko, L. L., ,Bericht über die fünfte Internationale Konferenz über die Ausbildung und Schulung betrieblicher Führungskräfte"", Maschinenmanuskript, Wien 1958, S. 45.   
(21) a) Gutenberg, E., ,Grundlagen der Betriebswirtschaftslehre"", Bd. I, 3. Auflage, Springer-Verlag, Berlin - Göttingen - Heidelberg 1957, S. 214. Engelmann, K., ,Zeitschrift für Betriebswirtschaft"", Betriebswirtschaftlicher Verlag Dr. Th. Gabler, Wiesbaden 1959, S. 167.   
(22) Waffenschmidt, W. G., ,Technik und Wirtschaft der Gegenwart"", Springer-Verlag, Berlin-Göttingen-Heidelberg 1952, S. 270.   
(23) Allen, R. G. D., ,Mathematik für Volks- und Betriebswirte"", Duncker & Humblot, Berlin 1956, S. 2 u. 10.   
(24) RKW, wie III (3), S. 69.   
(25) Adam, A., wie IX (2), S. 108.   
(26) Adam, A., wie VI (4), S. 116117. Adam, A., wie VI (5), S. 36, 37.   
(27) Schneider, E., im Geleitwort zu Tinbergen, J., wie V (22).   
(28) Oberparleiter, K., wie X (16), S. 51.   
(29) Tinbergen, J., wie V (22), S. 218.   
(30) Allen, R. G. D., wie X (23), S. 113.   
(31) Gutenberg, E., ,Grundlagen der Betriebswirtschaftslehre"", Bd. I, 3. Auflage, Springer-Verlag, Berlin - Göttingen - Heidelberg 1957, S. 190.   
(32) Anderson, O., wie X (9), S. 13 ff.   
(33) Anderson, O., wie X (9), S. 13. ,,Diese a. o. vereinfachende, simplifizierende Eigenschaft der statistischen Modelle ",223,"[503, 62, 875, 927]",1674,2.0164158596266117e+18,
2016415859626611638,W109684747,text,"kann nicht genug unterstrichen werden, denn aus ihr ergeben sich einerseits die Begrenzungen der Anwendbarkeit der Methode .... ",224,"[164, 125, 486, 176]",1677,2.0164158596266117e+18,
2016415859626611639,W109684747,text,"(34) Waffenschmidt, W. G., wie X (1c), S. 104. ,Es steht aber dann nichts Wirtschaftliches oder Technisches im Wege, auch die Unternehmertätigkeit ganz oder zum Teil unter diesen Faktor Arbeit zu rechnen."" ",224,"[122, 179, 486, 254]",1678,2.0164158596266117e+18,
2016415859626611640,W109684747,text,"(35) Ottel, F., ,Technik und Wirtschaft der Gegenwart, Bemerkungen zu W. Waffenschmidts Buch"" in ,Zeitschrift für Betriebswirtschaft"", "" Betriebswirtschaftlicher Verlag Dr. Th. Gabler, Wiesbaden 1954, S. 113. ",224,"[124, 257, 486, 332]",1679,2.0164158596266117e+18,
2016415859626611641,W109684747,text,"(36) Mellerowicz, K., ,Betriebswirtschaftslehre am Scheidewege?"" in ,,Zeitschrift für Betriebswirtschaft"", Betriebswirtschaftlicher Verlag Dr. Th. Gabler, Wiesbaden 1953, S. 271. ",224,"[124, 335, 488, 399]",1680,2.0164158596266117e+18,
2016415859626611642,W109684747,text,"(37) Böhm, H. H., ,,Mathematik und Betriebswirtschaft"" in ,, Zeitschrift für Betriebswirtschaft"", Betriebswirtschaftlicher Verlag Dr. Th. Gabler, Wiesbaden 1955, S. 562 ff. ",224,"[124, 402, 488, 464]",1681,2.0164158596266117e+18,
2016415859626611643,W109684747,text,"(38) d'Abranyi, M., ""Use and Interpretation of Quantitative Data its impact on management as a field of learning"", Baden-Baden, Conference 9.-12. April 1958, OEEC, Paris, EPA-Projekt 409, ""Manager dealt with less accurate measurements ..."". ",224,"[126, 468, 488, 554]",1682,2.0164158596266117e+18,
2016415859626611644,W109684747,text,"(39) Tinbergen, J., wie V (22), S. 72. ",224,"[126, 560, 430, 573]",1683,2.0164158596266117e+18,
2016415859626611645,W109684747,text,"(40) Oberparleiter, K., wie X (16), S. 155. ",224,"[130, 574, 474, 589]",1684,2.0164158596266117e+18,
2016415859626611646,W109684747,text,"(41) Hogben, L., verknüpft den Fortschritt der Zivilisation mit den Fortschritten in der mathematischen Messung. Zitiert in ""Proceeding of the first international Conference on Operational Research"", Oxford 1957, The English Universities Press Ltd., London, S. 11. ",224,"[128, 590, 488, 687]",1685,2.0164158596266117e+18,
2016415859626611647,W109684747,text,"(42) Frenckner, T. P., ,,Bestimmung des Produktionsprogramms als Anwendungsbeispiel der Linearplanung"" in ,Zeitschrift für Handelswissenschaftliche Forschung"", Westdeutscher Verlag, Köln-Opladén 1958, S. 590. ,,Wenn man die einschlägige Literatur etwas näher studiert, erstaunt besonders die Tatsache, in wie geringem MaBe diese Literatur die Problematik der Unzulänglichkeit der Daten ... bisher berührt hat."" ",224,"[128, 691, 488, 839]",1686,2.0164158596266117e+18,
2016415859626611648,W109684747,text,"(43) Sagoroff, S., ,Die Anwendung der Statistik in der Nationalökonomie und der Physik"" in ,,Statistische Vierteljahresschrift"", Bd. VIII, Wien 1955, S. 160, 161. ",224,"[128, 843, 490, 907]",1687,2.0164158596266117e+18,
2016415859626611649,W109684747,text,"(44) Hertz, D. B., u. Feeney, G. J., ""Operational Organization"" in ""Operations Research for Management"", Vol. II, 1956, S. 294. ",224,"[507, 125, 869, 175]",1688,2.0164158596266117e+18,
2016415859626611650,W109684747,text,"(45) Albach, H., ,,Lineare Planungsrechnung"" in ,Zeitschrift für Handelswissenschaftliche Forschung"", Westdeutscher Verlag, Köln-Opladen, NF. 11. Jahrg. Rezension über M. J. Beckmanns ,,Lineare Planungsrechnung— Linear Programming"", S. 482 ff. ",224,"[509, 180, 871, 267]",1689,2.0164158596266117e+18,
2016415859630804992,W109684747,text,"(46) Wittmann, W., ,Lineare Programmierung und traditionelle Produktionstheorie"" in ,Zeitschrift für Handelswissenschaftliche Forschung"", Westdeutscher Verlag, Köln-Opladen 1960, S. 3 ff. ",224,"[509, 272, 871, 345]",1690,2.0164158596266117e+18,
2016415859630804993,W109684747,text,"(47) Linder, A., ,,Statistische Methoden"", Lehrbücher und Monographien aus dem Gebiete der Exakten Wissenschaften. Math. Reihe, Bd. III, 2. Auflage, Verlag Birkhäuser, Basel 1951, S. 48, 55. ",224,"[507, 351, 873, 425]",1691,2.0164158596266117e+18,
2016415859630804994,W109684747,text,"(48) Thüring, B., wie VI (3b), S. 135, 136. ",224,"[509, 429, 852, 442]",1692,2.0164158596266117e+18,
2016415859630804995,W109684747,text,"(49) Tinbergen, J., wie V (22), S. 24. ",224,"[511, 447, 819, 460]",1693,2.0164158596266117e+18,
2016415859630804996,W109684747,text,"(50) Adam, A., wie IX (2), S. 112. ",224,"[509, 463, 794, 477]",1694,2.0164158596266117e+18,
2016415859630804997,W109684747,text,"(51) Löffelholz, J., ,,Mathematik und Betriebswirtschaft"" in ,,Zeitschrift für Betriebswirtschaft"" Betriebswirtschaftlicher Verlag Dr. Th. Gabler, Wiesbaden 1955, S. 386 ff. ",224,"[509, 481, 875, 544]",1695,2.0164158596266117e+18,
2016415859630804998,W109684747,text,"(52) Churchman, C. W., Ackoff, R. L., Arnoff, E. L., wie V (9), S. 577, 578. ",224,"[509, 549, 873, 575]",1696,2.0164158596266117e+18,
2016415859630804999,W109684747,text,"(53) Menges, G., wie V (21), S. 302. ",224,"[509, 578, 808, 591]",1697,2.0164158596266117e+18,
2016415859630805000,W109684747,text,"(54) Wittmann, W., ,,Unternehmung und unvollkommene Information"", Westdeutscher Verlag, Köln-Opladen 1959, S. 144. ",224,"[509, 597, 875, 646]",1698,2.0164158596266117e+18,
2016415859630805001,W109684747,text,"(55) Frenckner, T. P., wie I (1), S. 70. ",224,"[511, 652, 831, 667]",1699,2.0164158596266117e+18,
2016415859630805002,W109684747,text,"(56) Ackoff, R. L., wie II (8), S. 285. ",224,"[511, 671, 825, 685]",1700,2.0164158596266117e+18,
2016415859630805003,W109684747,text,"(57) Cushen, W. E., ""Operational Gaming in Industry"" in ""Operations Research for Management"", Vol. II, 1956, S. 375. ""Real situations are full of instances in which the crucial issue lies in the interweaving of these 'independent variables' ",224,"[509, 690, 877, 777]",1701,2.0164158596266117e+18,
2016415859630805004,W109684747,text,"(58) Käfer, K., wie II (4b), S. 113. ",224,"[513, 782, 800, 795]",1702,2.0164158596266117e+18,
2016415859630805005,W109684747,text,"(59) Frenckner, T. P., wie I (1), S. 70. ",224,"[515, 800, 833, 814]",1703,2.0164158596266117e+18,
2016415859630805006,W109684747,text,"(60) Kosiol, E., wie II (4a), S. 591. ",224,"[511, 819, 800, 833]",1704,2.0164158596266117e+18,
2016415859630805007,W109684747,text,"(61) Hitch, Ch., u. McKean, R., ""Suboptimization in Operations Research"" in ""Operations Research for Management"", Vol. I, 1954, S. 171 ff. ",224,"[511, 837, 877, 888]",1705,2.0164158596266117e+18,
2016415859630805008,W109684747,text,"(62) LaBmann, G., wie VII (11), S. 187. ",224,"[511, 892, 841, 905]",1706,2.0164158596266117e+18,
2016415859630805012,W109684747,text,"(63) Tinbergen, J., wie V (22), S. 45. ,,Wenn man sich näher anschaut, was wirklich auf einem Markt vorgeht ... so wird es häufig vorkommen, da der Anbieter den Preis nicht als Grundlage für seine Entscheidung darüber, wieviel zu produzieren sei, verwendet.   
(64) Churchman, C. W., Ackoff, R. L., Arnoff, E. L., wie V (9), S. 165.   
(65) Dantzig, G. B., ""Concepts, Origins and Use of Linear Programming"" in ""Proceedings of the first international conference on Operational Research"", Oxford 1957, The English Universities Press Ltd. London, S. 101.   
(66) Koopmans, T. C., zitiert bei Dantzig, G. B., wie X (65), S. 103.   
(67) Dantzig, G. B., wie X (65), S. 101.   
(68) Böhm, H. H., ,,Die Wertzurechnung der nichtlinearen Programmplanung in ,Zeitschrift für Betriebswirtschaft"", Betriebswirtschaftlicher VerlagDr. Th. Gabler, Wiesbaden 1959, S. 131.   
(69) Löffelholz, J., ,Der Stand der methodologischen Forschung in der Betriebswirtschaftslehre"" in ,,Zeitschrift für Betriebswirtschaft"", "" Betriebswirtschaftlicher Verlag Dr. Th. Gabler, Wiesbaden 1957, Nr. 9, S. 481.   
(70) RKW, wie III (3), S. 93.   
(71) Käfer, K., ,Die Planungsrechnung als Mittel zur Gestaltung des Produktionsprogramms"" in ,Planungsrechnung und Unternehmensführung in europäischer Sicht"", Betriebswirtschaitlicher Verlag Dr. Th. Gabler, Wiesbaden 1957, S. 13.   
(72) Frenckner, T. P., wie I (1), S. 98.   
(73) Wittmann, W., wie IX (1), S. 507.   
(74) d'Abranyi, M., wie X (38), S. 19.   
(75) Morse, Ph. M., wie VIII (2), S. 114.   
(76) Platt, W. J., u. Maines, N. R., ""Pretest Your Long-Range Plans"" in ""Harvard Business Raview"", Jän.-Febr. 1959, Vol. 37, Nr. 1, S. 120.   
(77) Tinbergen, J., wie V (22), S. 15.   
(78) Frenckner, T. P., ,,Bestimmung des Produktionsprogramms als Anwendungsbeispiel der Linearplanung"" in ,,Zeitschrift für Handelswissenschaftliche Forschung"", Westdeutscher Verlag, Köln-Opladen 1958, S.586, 587.   
(79) Waffenschmidt, W. G., im Geleitwort zu Förstner, K., u. Henn, R., ,,Dynamische Produktionstheorie und Lineare Programmierung"". A. Hain, Meisenheim 1957, S. 7. ",225,"[124, 81, 490, 908]",1710,2.0164158596266117e+18,
2016415859630805013,W109684747,title,Zu Abschnitt VI,225,"[517, 125, 679, 140]",1711,2.0164158596266117e+18,2.0
2016415859630805014,W109684747,text,"(1) Nürck, R., ,Unternehmensführung — ein Regelungsproblem"" in ,,Betriebswirtschaftliche Forschung und Praxis"" 1960, Heft 4, S. 230 ff.   
(2) Adam, A., wie IX (2), S. 108, und VI (4), S.' 66.   
(3) Löffelholz, J., ,Der Stand der methodologischen Forschung in der Betriebswirtschaftslehre"" in ,,Zeitschrift für Betriebswirtschaft"", "" Betriebswirtschaftlicher Verlag Dr. Th. Gabler, Wiesbaden 1957, S. 553.   
(4) Zuse, K., ,,Gedanken zur Automation und zum"" Problem der technischen Keimzelle"" in ,Unternehmensforschung"", Physica-Verlag, Würzburg 1956/57, I/4, S. 160 ff. ",225,"[517, 147, 873, 371]",1712,2.016415859630805e+18,
2016415859630805015,W109684747,title,Zu Abschnitt VII,225,"[517, 393, 688, 408]",1713,2.0164158596266117e+18,2.0
2016415859630805016,W109684747,text,"(a) Koopmans, T. C., ""Analysis of Production as an Efficient Combination of Activities"" in ""Activity Analyses of Production and Allocation"", wie IV (10), S. 35. ""An activity consists of the combination of certain ... commodities in fixed quantitative ratios as 'inputs' to produce as 'outputs' certain other commodities in fixed quantitative ratios to the input"". b) Dantzig, G. B., wie X (65), S. 100. LaBmann, G., wie VII (11), S. 164. Wittmann, W., ,Lineare Programmierung und traditionelle Produktionstheorie"" wie X (46). ",225,"[517, 416, 873, 622]",1714,2.016415859630805e+18,
2016415859630805017,W109684747,text,"(2) Oberparleiter, K., wie X (16), S. 141.",225,"[519, 626, 854, 641]",1715,2.016415859630805e+18,
2016415859630805018,W109684747,text,"(Gutenberg, E., wie X (31), S. 188. ,, Wir suchen also ... nach dem Gesetz der Kombination oder, da dieser Proze ja nicht durch sich selbst geschieht, nach den Regeln, welche darüber Aufschlu geben, in welchen Proportionen diejenigen Mengen stehen sollen, mit denen die Produktionsfaktoren im Produktionsproze verwendet werden.""   
(4) Oberparleiter, K., ,Funktionen und Risiken des Warenhandels"", 2. Auflage, Wien, Springer-Verlag, 1955, S. 8.   
(5) Bouffier, W., .,Betriebswirtschaftslehre als Funktionen- und Leistungslehre"" in ,Funktionen- und Leistungsdenken in der Betriebswirtschaft"", Manzsche Verlags- und Universitätsbuchhandlung, Wien 1956, S. 24.   
(6) Adam, A., wie VI (4), S. 116.   
7Walther, A., ,Einführung in die Wirtschaftslehre der Unternehmung"" Schulthess & Co. AG, Zürich 1953, Bd. II, S. 239.   
(8) Bouffier, W., wie XII (5), S. 34.   
(9) Oberparleiter, K., wie X (16), S. 140.   
(10) Oberparleiter, K., wie XII (4).   
(11) Kuhnke, H. H., ,Inhalt und Grenzen einer wirtschaftswissenschaftlichen Fundierung der Unternehmungsführung"" in ,Zeitschrift für Handelswissenschaftliche Forschung"", 1960, S. 112.   
(12) Löffelholz, J., wie X (69), S. 476.   
(13) Rago, L. I. v., wie I (6), S. 277.   
(14) Waffenschmidt, W. G., wie X (1c), S. 99.   
(15) Hahn, A., ,Wirtschaftswissenschaft des gesunden Menschenverstandes"", Fritz Knapp Verlag, Frankfurt/M., 2.Auflage, 1955. Die zitierte Bemerkung ist gegen die Keynesianer und ihre Voraussagen gerichtet. S. 261, 262.   
(16) Mellerowicz, K., ,Betriebswirtschaftslehre am Scheidewege?"" in ,Zeitschrift für Betriebswirtschaft"", Betriebswirtschaftlicher Verlag Dr. Th. Gabler, Wiesbaden 1953, S. 273.   
(17) Adam, A., wie VI (5), S. 36.   
(18) Mattesich, R., $\mathrm { , } z \mathrm { u }$ Ischboldins Kritik der mathematischen Methode"" in ,Zeitschrift für Handelswissenschaftliche Forschung"", 1960, S. 550.   
(19) Löffelholz, J., wie X (69).   
(20) Waffenschmidt, W. G., wie X(1c),S.273.   
(21 Gutenberg, E., ,Betriebswirtschaftslehre als Wissenschaft"", Kölner Universitätsreden Nr. 18, Scherpe Verlag, Krefeld 1957, S. 10.   
(22) Waffenschmidt, W. G., ,Zur Wirtschaftstheorie ist folgendes zu sagen"" in ,,Zeitschrift für Betriebswirtschaft"", Betriebswirtschaftlicher Verlag Dr. Th. Gabler, Wiesbaden 1956, S. 710.   
(23) Zemanek, H.,Kybernetik"" in ,MTW-Mitteilungen"", Mathematisches Labor der Technischen Hochschule Wien, Teil I, 1957-5/S. 281 ff, Teil II 1957-6/ S. 371 ff.   
(24) LaBmann, G., wie VII (11).   
(25) Gutenberg, E., wie I (11), S. 333.   
(26) Lehmann, M. R., wie V (15), S. 285.   
(27) Beck, M., ,Die besondere Methode der kausalen Folge in der Betriebswirtschaftslehre"" in ,,Zeitschrift für Betriebswirtschaft"","" Betriebswirtschaftlicher Verlag Dr. Th. Gabler, Wiesbaden 1957, Nr. 7/8, S. 404.   
(28) a) Adam, A., wie VI (5), S. 36. ",225,"[517, 641, 875, 904]",1716,2.016415859630805e+18,
2016415859630805021,W109684747,text,,226,"[124, 117, 490, 917]",1719,2.016415859630805e+18,
2016415859630805022,W109684747,text,"b) Wenke, K., ,Mathematische Modelle in der Betriebswirtschaft"" in ,,Zeitschrift für Betriebswirtschaft"", Betriebswirtschaftlicher Verlag Dr. Th. Gabler, Wiesbaden 1956, S. 49. (29) Morgenstern, O., u. Neumann, J. v., wie V (6), S. 3. (30) Winkler, W., ,,Grundfragen der Ökonometrie"", Springerverlag, Wien 1951, S. 3. (31) Walther, A., wie V (14), S. 64. (32) Mellerowicz, K., wie X (36), S. 268, 269. (33) Kuhnke, H. H., wie XII (11), S. 110. (34) Gutenberg, E., wie I (11), S. 333. (35) Mattesich, R., wie XII (18), S. 552. ",226,"[509, 125, 873, 335]",1720,2.016415859630805e+18,
2016415859630805023,W109684747,title,Zu Abschnitt VIII,226,"[515, 342, 692, 356]",1721,2.0164158596266117e+18,2.0
2016415859630805024,W109684747,text,"( Platt, W. J., u. Maines, N. R., ""Pretest your Long-Range Plans"" in ""Harvard Business Review"" Jan-Febr. 1959, Vol. 37, No. 1, S. 120, und Johnson, E. A., wie III (2), S. 22.   
(2) ,,Kybernetik und betriebliche Führungslehre"" in ,Betriebswirtschaftliche Forschung und Praxis"", 1959, S. 267.   
(3) Mertz, H. P. J., ,Arbeitseinsatz und Gesamterträge"" in ,Unternehmensforschung"", Physica-Verlag, Würzburg 1958, Bd. II/I, S. 33.   
(4) Frenckner, T. P., wie I (1), S. 94 ff.   
(5) Churchman, C. W., Ackoff, R. L., Arnoff, E. L., wie V (9), S. 116 ff.   
(6) Bender, K., ,Die Führungsentscheidung im Betrieb"", C. E. Poeschl-Verlag, Stuttgart 1957, S. 34 ff.   
(7Leavitt, H. J., u. Whisler, T. L., ""Management in the 1980's""'in ""Harvard Business Review"", Nov.-Dez. 1958.   
(8) Illetschko, L. L., ,,Die rationalen Grundlagen der Führungsentscheidungen im Betriebe"": Vortrag, gehalten am Deutschen Betriebswirtschaftlertag, Berlin 1957, abgedruckt als Anhang im ,,Bericht über die 5. Internationale Konferenz über die Ausbildung und Schulung betrieblicher Führungskräfte"", S. 68.   
(9) Sandig, C., wie V (8), S. 95.   
10 Bender, K., wie XIII (6), S. 211.   
11) Oberparleiter, K., wie X (16), S. 144, 145.   
12) Wittmann, W., wie X (55), S. 158. Siehe auch Adam, A., der betont, da ,,das Betreiben einer aktiven Ökonometrie nicht in allen Fällen den optimalen Gestaltungsprinzipien, insbesondere im Hinblick auf die Betriebssoziologie entspricht""; wie II (5), S. 123.   
(13) Ackoff, R. L., wie II (8), S. 270.   
(14) Pocock, J. W., wie I (8), S. 83.   
(15) Wittmann, W., ,,Unternehmung und unvollkommene Information"", Westdeutscher Verlag, Köln-Opladen 1959, S. 157.   
(16) Heinrich, W., ,Wirtschaftspolitik"", Bd. I, Verlag A. Sexl, Wien 1948, S. 116, 117.   
(17) Bouffier, W., "",Betriebswirtschaftslehre als Leistungslehre"". Inaugurationsrede 1949, Manzsche Verlags- und Universitätsbuchhandlung. Schriftenreihe des Institutes für Kleingewerbliche Forschung an der Hochschule für Welthandel, Wien, Heft 2, S. 7.   
(18) Käfer, K., ,Die Planungsrechnung als Mittel zur Gestaltung des Produktionsprogramms"" in ,Planungsrechnung und Unternehmensführung in europäischer Sicht"", Betriebswirtschaftlicher Verlag Dr. Th. Gabler, Wiesbaden, 1957, S. 16, und Frenckner, T. P., wie I (1), S. 97.   
(19) Mayer, P. W., ,,Marktforschung, ihre Möglichkeiten und Grenzen"", Econ Verlag, Düsseldorf 1957, S. 247.   
(20) Morse, Ph. M., Kimball G. E., ""Methods of Operations Research"", The Technology Press of Massachusetts Institute of Technology and John Wiley & Sons, Inc., New York 1950, S. 1. It is the prerogative and responsibility of the executive officer to add these factors to the quantitative basis provided by the operations research group, to reach the final decision"". (Mit ""factors"" sind die Moral, Tradition, Politik usw. gemeint.)   
(01) T xffolhol T urio YT 72) S 552 554 ",226,"[517, 358, 875, 908]",1722,2.016415859630805e+18,
2016415859630805027,W109684747,text,,227,"[122, 125, 488, 645]",1725,2.016415859630805e+18,
2016415859630805028,W109684747,text,"(22)a) Morse, Ph. M., wie VIII (2), S. 116. Levinson, H. C., ""Experiences in Commercial Operations Research"", in ""Operations Research for Management"", Vol. I/1954, S. 265 ff. ""The executive decision will ... be based partly on the operations research solution, partly on other data produced by the company, and partly on the judgement and intuition of management."" ",227,"[126, 654, 488, 793]",1726,2.016415859630805e+18,
2016415859630805029,W109684747,text,"Abt, S. T. R., ""Opportunities for Operations Research in Supermarkets"", in ""Operations Research for Management"", Vol. I/1954, S. 304. ""Management will make its decisions on the basis of a complex of factors, in which those which are numerical, though of great importance, cannot stand alone."" ",227,"[170, 793, 488, 903]",1727,2.016415859630805e+18,
2016415859630805030,W109684747,text,"d) Johnson, E. A., wie III (2), S. 22. ""... the science of decision can never replace the executive who is involved in all aspects of decision, whether probabilistic, deterministic, intuitive, or axiomatic."" )Herrmann, C. C., u. Magee, J. F., wie VI (1), S. 111. (23) Ackoff, R. L., wie II (8), S. 267. (24) Levinson, H. C., wie XIII (22b), S. 265. (25) Käfer, K., wie XIII (18), S. 11. (26) Ferschl, F., ,,Entscheidungsproblem und Strategische Spiele"", in "",Unternehmensforschung"""", Physica-Verlag, Würzburg 1958, II/2, S. 52. (27) Förstner, K., u. Henn, R., _,Die Anwendung ökonometrischer Verfahren in der Unternehmungsplanung"" in ,,Zeitschrift für Betriebswirtschaft"", Betriebswirtschaftlicher Verlag Dr. Th. Gabler, Wiesbaden 1956, S. 708. (28) Frenckner, T. P., wie I (1), S. 94. ",227,"[509, 124, 871, 419]",1728,2.016415859630805e+18,
2016415859630805031,W109684747,title,Zu Abschnitt IX,227,"[517, 435, 692, 450]",1729,2.0164158596266117e+18,2.0
2016415859630805032,W109684747,text,"(1) Zitiert in d'Abranyi, M., wie X (38), S. 41.   
(2) Pocock, J. W., wie II (2), S. 30.   
(3) Ackoff, R. L., wie II (8), S. 271 führt insgesamt sieben Probleme an.   
(4) Oberparleiter, K., wie XII (4).   
(5) Spann, O., ,Fundament der Volkswirtschaftslehre"", 4. Aufl., G. Fischer, Jena 1929, S. 173.   
() Mittenecker, E., ,Zur Entwicklung exakter Modelle ""in der psychologischen Lerntheorie"" in "", Unternehmensforschung"", Physica-Verlag, Würzburg 1958, Bd. II/2, S. 86. Die groBen Hoffnungen wurden ,,bis jetzt noch nicht annähernd erfüllt"". "",Die bisherigen Ergebnisse betreffen fast nur die Vorhersage und Steuerung einfachster Lernvorgänge, wie sie bei Tieren und Menschen, meist Kindern, in bestimmten, sehr reduzierten Aufgabesituationen beobachtet werden..."".   
(7) Illetschko, L. L., ,,Betriebswirtschaftliche Grundfragen"", Band 3 der Veröffentlichungen des Instituts für Organisation und Revisionswesen, Manzsche Verlags- und Universitätsbuchhandlung, Wien 1953, S. 2 ff.   
(8Käfer, K., wie XIII (18), S. 40.   
(9) Leinweber, P., ,Mathematisch-Statistische Verfahren im Fabrikbetrieb"", Deutscher Normenausschu, Beuth Vertrieb, Berlin 1951, S. 7.   
(10) Frenckner, T. P., wie I (1), S. 66.   
(11) Knödel, W., ,Ein Transportproblem"" in ,,MTW-Mitteilungen"" Mathematisches Labor der Technischen Hochschule Wien, 1958, Nr. 2, S. 71 ff.   
Beisber, M. F., ,Die Kontrolle der Fertigfabrikate und des Absatzes"" in ,,Operations Research"", Girardet Verlag, Essen 1958, S. 161 ff.   
(13) Robinson, P. J., ,Die Technik der Operations Research in der Absatzforschung"" in ""Operations Research"", Girardet Verlag, Essen 1958, S. 149.   
(1 Knippenberg, H. ,Produktionsaufteilung und Arbeitsplanung für mehrere Werke durch Operations Research"" in ""Operations Research"", Girardet Verlag, Essen 1958, S. 75.   
(15) Meier, W., ,,Gesamtbebauungsplan mit Standortwahl nach Faktorenbewertung"" in ,, Unternehmensforschung"", Physica-Verlag, Würzburg 1958, Bd. II/3, S. 148.   
(16) Baumol, W. J., "",Besseres Marketing durch Operations Research"" in ,Zeitschrift für Betriebswirtschaft"""" 1960, Nr. 9, S. 572.   
(17) RKW, wie III (3), S. 44.   
(18) Oberparleiter, K., in , Einführung in die Betriebswirtschaftliche Verkehrslehre"", I. Teil, Warenhandel, Springer Verlag, Wien 1947, S. 1.   
(19) Morgenstern, O., u. von Neumann, J., wie V (6) . . the zero-sum restriction weakens the connection between games and economic problems quite considerably"" (S. 504). ""The fictitious player is no player at all, but only a formal device for a formal purpose"" (S. 507). ,Der fiktive Spieler wird eingeführt"" "",to make the sum of the amounts obtained by the players equal to zero"" (S. 507). Der fiktive Spieler ""is assumed to lose the amount which the totality of the other n-real-players wins and vice versa"" (S. 506).   
(20) Morse, Ph. M., wie VIII (2), S. 109. ""In this mathematical model the elements of competition ... are reduced to their simplest elements"".   
(21) D'Abranyi, M., wie X (38), S. 11. ""Even if wie cannot yet use any 'gametheory' models for management purposes we might nevertheless find this type of systematisation the different variables in a management decision very helpful"".   
(22) Illetschko, L. L., wie XIV (7), S. 1 ff.   
(23) Gutenberg, E., wie X (31), S. 2.   
(24) Daenzer, W. F., ,Probleme der Betriebsführung"", Vortrag, gehalten auf der Fachtagung für Betriebsführungs-, Organisations- und Planungsfragen am 7./8. März 1958 in Stuttgart. Aus ZfO, Gesellschaft für Organisation, Frankfurt 1958, Jg. 27/3, S. 120.   
(25) Wittmann, W., wie X (54), S. 144.   
(6) LaBmnn, G., wie VII (1), S. 153.   
(27) Pocock, J. W., wie I (8), S. 95.   
(28) Gutenberg, E., wie X (31), S. 6. ,,Dieser ganz besonderen kombinativen Funktion wegen sollen daher die Arbeitsleistungen der mit der Geschäftsund Betriebsführung betrauten Personen aus dem Elementarfaktor ,Arbeit' ausgegliedert und dem vierten ,dispositiven Faktor', der Geschäftsund Betriebsleitung zugewiesen werden.""   
(29) Ackoff, R. L., wie II (8), S. 268.   
(30) RKW, wie III (3), S. 51.   
(31) Müller, K., ,,Die Profil/Rangreihenmethode zum Aufbau der Gehaltsordnung von Kaderfunktionen"" in Unternehmensforschung"", Physica Verlag, Würzburg 1959, Bd. III/1, S. 30.   
(32) Bouffier, W., ,Die allgemeine Betriebswirtschaftslehre an der Hochschule für Welthandel"" in ,50 Jahre Hochschule für Welthandel in Wien"", Carl Ueberreutersche Buchdruckerei und Verlag, 1948, S. 33.   
(33)Illetschko, L. L., wie XIV (7), S. 59, 60.   
(34) Stigler, G. F., ""The cost of Subsistance"", ""Journal of Farm Economics"", Vol. 27 (May 1945) pp. 303314, zitiert bei Harrison, J. O. jr., wie VII (14), S. 226.   
(35) Beisber, M. F., wie XIV (12), S. 159.   
(36) Böhm, H. H., wie I (7), S. 78.   
(37) Käfer, K., wie XIII (18), S. 43.   
(38) Hertz, D. B., u. Miller, D. W., wie VII (28), S. 67.   
(39) Levinson, H. C., ""Experiences in Commercial Operations Research"" in ""Operations Research for Manage ment"", Vol. I, 1954, S. 268 ff. ",227,"[517, 457, 875, 908]",1730,2.016415859630805e+18,
2016415859630805035,W109684747,text,,228,"[122, 118, 490, 921]",1733,2.016415859630805e+18,
2016415859630805036,W109684747,text,,228,"[507, 128, 873, 787]",1734,2.016415859630805e+18,
2016415859630805037,W109684747,title,Zu Abschnitt X,228,"[515, 788, 683, 801]",1735,2.0164158596266117e+18,2.0
2016415859630805038,W109684747,text,"(1) Wittmann, W., wie II (4d), S. 289.   
( Johnson, E. A., wie III (2), S. 3.   
(3) Dantzig, G. B., wie X (65), S. 102.   
(④) a) Herrmann, C. C., u. Magee, J. F., wie VI (1), S. 100. ""Indeed, one vice president of a leading company remarked that if his division heads ",228,"[517, 808, 875, 905]",1736,2.016415859630805e+18,
2016415859630805041,W109684747,text,"did not practice it every day, they would not last long. To others it ",229,"[193, 125, 486, 211]",1739,2.016415859630805e+18,
2016415859630805042,W109684747,text,"is just another and perhaps more comprehensive term for existing activities like market research, quality control, or industrial engineering."" b) Pocock, J. W., wie I (8), S. 80 u. 81. ""Problem areas susceptible to inquiry through operations research techniques to-day are also areas in which the management consultant has traditionally been active trough many years.""   
(5) Camp, G. D., ,Ein Ausblick: Neue Entwicklungen und Anwendungsmöglichkeiten"" in ""Operations Research"", Girardet Verlag, Essen 1958, S. 272 u. 273. (6) Tinbergen, J., wie V (22), S. 11. (7) Löffelholz, J., wie X (69), S. 476. (8) Pocock, J. W., wie I (8), S. 8095.   
(9) Camp, G. D., wie XV (5), S. 275.   
(10) Oberparleiter, K., ,Das Unternehmerproblem"" in ,,Betriebswirtschaftliche Forschungen des Wirtschaftsverkehrs"", Heft 3, Verlag Institut für Welthandelslehre an der Hochschule für Welthandel in Wien / Inaugurationsrede 1951, S. 11. ,In diesem sich vom bloBen Unternehmungsleiter abhebenden Sinne kann als Unternehmer derjenige gelten, der erfüllt von seiner Erkenntnis des Wirtschaftlichen oder Wirtschaftlicheren den Wagemut, die organisatorischen Fä- higkeiten und den unbeugsamen Willen aufbringt, sie kraft seiner Dispositionsgewalt zur dynamischen Entfaltung der von ihm geführten Unternehmung durchzusetzen.""   
(11) Danert, G., ,Zur Vorbereitung von unternehmerischen Entscheidungen"" in ,Zeitschrift für Handelswissenschaftliche Forschung"", Westdeutscher Verlag, Köln-Opladen 1958/10, S. 311.   
(12) Kuhnke, H. H., wie XII (11), S. 110.   
(13) Ware, T. M., ,Die Anerkennung der Unternehmensleitung für Operations Research mu gewonnen werden"" in ""Operations Research"", Girardet Verlag, Essen 1958, S. 46, 47. ",229,"[122, 146, 488, 794]",1740,2.016415859630805e+18,
2016415859630805043,W109684747,title,Zu Abschnitt XI,229,"[133, 803, 307, 819]",1741,2.0164158596266117e+18,2.0
2016415859630805044,W109684747,text,"(1) Tinbergen, J., wie V (22), S. 9.   
(2) Mattesich, R., ,Zu Ischboldins Kritik der mathematischen Methode"" in ,,Zeitschrift für Handelswissenschaftliche Forschung"", Westdeutscher Verlag, Köln-Opladen 1960, S. 550. ",229,"[133, 824, 488, 903]",1742,2.016415859630805e+18,
2016415859630805045,W109684747,text,"(3) Sagoroff, S., wie IV (5), S. 1. ",229,"[517, 125, 785, 138]",1743,2.016415859630805e+18,
2016415859630805046,W109684747,text,"() Inzinger, R., wie VIII (1), S. 150. Siehe auch Illetschko, L. L., wie X (20), S. 21. ... es müssen daher Lehrer und Forscher auf dem Gebiet der Betriebswirtschaftslehre aktiv an der Anwendung von auf anderen Gebieten entwickelten quantitativen Methoden auf ihre eigenen Probleme arbeiten. Das heit aber, da eine stärkere Betonung von Statistik und Mathematik bei der Ausbildung von Betriebsführungskräften notwendig wird. Die konventionelle betriebswirtschaftliche Theorie scheint neben einer Systematisierung der wirtschaftlichen Erfahrungen zu sehr auf nicht geprüfte Hypothesen, also MutmaBungen, zu beruhen. ",229,"[517, 143, 869, 363]",1744,2.016415859630805e+18,
2016415859630805047,W109684747,text,"(5) Adam, A., wie I (3), S. 27. ",229,"[515, 369, 767, 383]",1745,2.016415859630805e+18,
2016415859630805048,W109684747,text,"(6) Wittmann, W., wie II (4d), S. 291. ",229,"[517, 387, 837, 400]",1746,2.016415859630805e+18,
2016415859630805049,W109684747,text,"(7) Illetschko, L. L., wie I (4), S. 197. ",229,"[515, 406, 829, 419]",1747,2.016415859630805e+18,
2016415859630805050,W109684747,text,"(8) Waffenschmidt, W. G., ,,Betriebswirtschaftslehre am Scheideweg?"" in ,,Zeitschrift für Betriebswirtschaft"", Betriebswirtschaftlicher VerlagDr. Th. Gabler, Wiesbaden 1952, Nr. 6. S. 321. ",229,"[515, 425, 873, 484]",1748,2.016415859630805e+18,
2016415859630805051,W109684747,text,"(10) Adam, A., wie VI (4), S. 127. ",229,"[511, 505, 785, 518]",1749,2.016415859630805e+18,
2016415859630805052,W109684747,text,"(11) Käfer, K., wie XIII (18), S. 45. ",229,"[511, 523, 804, 536]",1750,2.016415859630805e+18,
2016415859630805053,W109684747,text,"(12) Lindner, T., ,Einzelentscheidung oder Mehrheitsbeschlu"" in ,Unternehmensforschung"", Physica - Verlag, Würzburg 1958, II/1, S. 34, 35. ",229,"[509, 542, 873, 594]",1751,2.016415859630805e+18,
2016415859630805054,W109684747,text,"(13) Frenckner, T. P., wie I (1), S. 70. ",229,"[511, 600, 829, 613]",1752,2.016415859630805e+18,
2016415859630805055,W109684747,text,"(14) Churchman, C. W., Ackoff, R. L., Arnoff, E. L., wie V (9), S. 628. ""... the physical scientist who frowns on the notion of working with engineers, shudders at the thought of associating with economists, and howls at the idea of working with a psychologist or sociologist."" ",229,"[509, 619, 875, 720]",1753,2.016415859630805e+18,
2016415859630805056,W109684747,text,"(15) Kregeloh, H., wie I (2), S. 47. ",229,"[511, 727, 796, 740]",1754,2.016415859630805e+18,
2016415859630805057,W109684747,text,"(16)Eberl, W., wie VII (4), S. 69. ",229,"[513, 746, 785, 759]",1755,2.016415859630805e+18,
2016415859630805058,W109684747,text,"(17) Herrmann, G. C., u. Magee, J. F., wie VI (1), S. 112. ",229,"[511, 765, 873, 791]",1756,2.016415859630805e+18,
2016415859630805059,W109684747,text,"(18)a) Camp, C. D., wie IV (1), S. 123. McCloskey, J. F., u. Coppinger, J. M., ""Operations Research for Management"", The Johns Hopkins Press Baltimore, Vol. II/1956. ""Operations Research is an advisory function; its job is to influence decisions, not to make them"", S. 19. ",229,"[507, 797, 875, 903]",1757,2.016415859630805e+18,
2016415859630805062,W109684747,title,Zu Abschnitt XII,230,"[384, 186, 611, 205]",1760,2.0164158596266117e+18,2.0
2016415859630805063,W109684747,text,"Abt, S. T. R.: Opportunities for Operations Research in Supermarkets, in ""Operations Research for Management"", Vol. I/1954, hrsg. von McCloskey, J. F., und Trefethen, F. N., The Johns Hopkins Press, Baltimore, S. 289 ff.   
Ackoff, R. L.: Statistics in Operations Research and Operations Research in Statistics, in ""Operations Research for Management"", Vol. I/1954, hrsg. von McCloskey, J.F., u. Trefethen. F.N., The Johns Hopkins Press, Baltimore, S. 117 ff.   
Ackoff, R. L.: The Development of Operations Research as a Science, in ""Operations Research"" The Journal of the Operations Research Society of America, 1956, S. 265 ff.   
Adam, A.: Betriebliche Verfahrensforschung (Operations Research) und Informationswesen, in ,,Führungsentscheidungen und ihre Dispositionshilfen"", Deutscher Betriebswirte Verlag Ges. m.b.H., Berlin, S. 44.   
Adam, A.: Industrielle Systemforschung, in , Unternehmensforschung"", Physica-Verlag, Würzburg 1958, II/3, S. 105 ff.   
Adam, A: Messen und Regeln in der Betriebswirtschaft, Physica-Verlag, Würzburg 1959.   
Adam, A.: Probleme und Methoden einer Betriebsökonometrie, in "",Statistische Vierteljahresschrift"", 1956, IX, Heft 3/4, Manzsche Verlags- und Universitätsbuchhandlung, Wien.   
Adam, A.: Unternehmensforschung Operations Research, in , Unternehmensforschung"", Physica-Verlag, Würzburg 1956, I/1, S. 43.   
Adam, A.: Zur betrieblichen Regelung, in ,Unternehmensforschung"", Physica-Verlag, Würzburg 1956, I/1, S. 27.   
Agplan: Planungsrechnung und Unternehmensführung in europäischer Sicht, ,Arbeitsgemeinschaft Planungsrechnung e.V. Betriebswirtschaftlicher Verlag Dr. Th. Gabler, Wiesbaden 1957.   
Albach, H.: Lineare Planungsrechnung Rezension des Buches ,,Lineare Planungsrechnung - Linear Programming' von M. J. Beckmann, in ,Zeitschrift fü Handelswissenschaftliche Forschung Westdeutscher Verlag, Köln-Opladen 11. Jg. NF, S. 482 ff.   
Albach, H.: Lineare Programmierung als Hilfsmittel betrieblicher Investitionsplanung, in ,Zeitschrift für Handelswissenschaftliche Forschung"", Westdeutscher Verlag, Köln-Opladen 1960, S. 526 ff.   
Alberts, W. E.: Operations Research bei der Flugzeuginstandhaltung, in ""Operations Research"", Hrsg. American Management Association, Deutsche Ausgabe W. W. Elwenspoek, Girardet Verlag, Essen 1958, S. 112.   
Allen, R. G. D.: Mathematik für Volksund Betriebswirte, Duncker & Humblot, Berlin 1956.   
American ManagementAssociation:Operations Research, Deutsche Ausgabe W. W. Elwenspoek, Girardet Verlag, Essen 1958.   
Anderson, O.: Probleme der statistischen Methodenlehre in den Sozialwissenschaften, Physica-Verlag, Würzburg 1954.   
Andlinger, G. R.: Business Games, in ""Harvard Business Review"", 1958, No. 2, S. 115 ff.   
Angermann, A.: Auf der wissenschaftlichen Tagung des Verbandes der Hochschullehrer für Betriebswirtschaft e.V. 1958, erschienen in ,,Der Österreichische Betriebswirt"", Manzsche Verlags- und Universitätsbuchhandlung, Wien 1958, Heft 4, S. 210.   
Angermann, A.: Kybernetik und betriebliche Führungslehre, in ,,Betriebswirtschaftliche Forschung und Praxis"", Verlag Neue Wirtschafts-Briefe, Herne/Berlin 1959, Heft 5, S. 257 ff. ",230,"[122, 227, 488, 918]",1761,2.016415859630805e+18,
2016415859630805064,W109684747,text,,230,"[509, 224, 875, 710]",1762,2.016415859630805e+18,
2016415859630805065,W109684747,text,"Baumol, W. J.: siehe Deyhle, A. ",230,"[515, 723, 790, 736]",1763,2.016415859630805e+18,
2016415859630805066,W109684747,text,"Becher, J.: Besprechungsaufsatz ,,Die Produktionsfunktion und ihre Bedeutung für die Kostentheorie"" von G. Lassmann, in ,,Zeitschrift für Handelswissenschaftliche Forschung"", Westdeutscher Verlag, Köln-Opladen, 11. Jg. NF, S. 646 ff. ",230,"[515, 740, 875, 814]",1764,2.016415859630805e+18,
2016415859630805067,W109684747,text,"Beck, M.: Die besondere Methode der kausalen Folge in der Betriebswirtschaftslehre, in ,,Zeitschrift für Betriebswirtschaft"", Betriebswirtschaftlicher Verlag Dr. Th. Gabler, Wiesbaden 1957, Nr. 7/8, S. 401 ff. ",230,"[515, 819, 875, 894]",1765,2.016415859630805e+18,
2016415859630805068,W109684747,text,"Beisber, M. F.: Die Kontrolle der Fertigfabrikate und des Absatzes, in ""Operations Research"", Hrsg. American Management Association, Deutsche Ausgabe W. W. Elwenspoek, Girardet Verlag, Essen 1958, S. 159 ff.   
Bender, K.: Die Führungsentscheidung im Betrieb, C. E. Poeschel Verlag, Stuttgart 1957.   
Bernhard, A.: Betriebsabrechnung und Kalkulation des Hotels, Verlag Paul Haupt, Bern 1948.   
Betriebswirtschaftertag, 11. Deutscher: Führungsentscheidungen und ihre Dispositionshilfen, Deutscher Betriebswirteverlag, Berlin.   
Betriebswirtschaftliche Forschung und Praxis: Verlag Neue Wirtschaftsbriefe, Herne/Berlin, früher Heckner, Wolfenbüttel, ab 1953.   
Billeter, E. P.: Elektronische Rechenautomaten im Dienste der industriellen Unternehmungsforschung, in ,,Unternehmensforschung"", Hrsg. Sagoroff, S., und Adam, A. Physica-Verlag, Würzburg 1958, II/1, S. 1.   
Billeter, E. P.: Hauptprobleme der Unternehmensforschung, in ,,Unternehmensforschung"". Hrsg. Sagoroff, S., u. Adam, A., Physica-Verlag, Würzburg 1956/57, I/4, S. 150 ff.   
Blackwell, D. H.: Game Theory, in ""Operations Research for Management"", Hrsg. McCloskey, J. F., und Trefethen, F. N., The Johns Hopkins Press Baltimore, Vol. I/1954, S. 238 ff.   
Böhm, H. H.: Die Wertzurechnung der nichtlinearen Programmplanung, in ,Zeitschrift für Betriebswirtschaft"", Betriebswirtschaftlicher Verlag Dr. Th. Gabler, Wiesbaden 1959, S. 129ff.   
Böhm, H. H.: Lineare Programmplanung als Spezialproblem der Planung interner Verrechnungspreise, in ,,Neue Wege zur Fortführung der Automation"", Deutscher Betriebswirte-Verlag Ges. m.b.H., Berlin 1957.   
Böhm, H. H.: Mathematik und Betriebswirtschaft, in ,Zeitschrift für Betriebswirtschaft"", Betriebswirtschaftlicher Verlag Dr. Th. Gabler, Wiesbaden 1955, S. 562 ff.   
Bouffier, W.: Betriebswirtschaftslehre als Funktionen- und Leistungslehre, in ,,Funktionen- und Leistungsdenken in der Betriebswirtschaft"", Manzsche Verlags- und Universitatsbuchhandlung, Wien 1956.   
Bouffier, W.: Betriebswirtschaftslehre als Leistungslehre, Inaugurationsrede 1949, Manzsche Verlags- und Universitätsbuchhandlung. Schriftenreihe des Instituts für Kleingewerbliche Forschung an der Hochschule für Welthandel, Wien, Heft 2.   
Bouffier, W.: Die allgemeine Betriebswirtschaftslehre an der Hochschule für Welthandel, in ,50 Jahre Hochschule für Welthandel in Wien"", C. Ueberreutersche Buchdruckerei und Verlag, Wien 1948.   
Bredt, O.: Die Krise der Betriebswirtschaftslehre, Verlagsbuchhandlung des Instituts für Wirtschaftsprüfer Ges. m.b.H., Düsseldorf 1956.   
Bundeskammer der Gewerblichen Wirtschaft - Wirtschaftsförderungsinstitut: Informations- und Arbeitstagung über die Anwendung exakter (quantitativer) Methoden zur Lösung von Betriebsführungsaufgaben, Linz 6.7.IV. 1959.   
Burger, E.: Einführung in die Theorie der Spiele, W. De Gruyter & Co., Berlin 1959.   
Burgmeister, G., und Müller, K.: Die Kostenrechnung als Führungsmittel, in "",Unternehmensforschung"", Physica-Verlag, Würzburg 1960, Bd. 4.   
Caminer, J. J., und Andlinger, G. R.: Operations Research Roundup, in ""Harvard Business Review"", No. 6, 1954.   
Camp, G. D.: Die wissenschaftliche Methode - Strategie oder Taktik, in ""Operations Research"", Hrsg. American Management Association, Deutsche Ausgabe W. W. Elwenspoek, Girardet Verlag, Essen 1958, S. 129 ff.   
Camp, G. D.: Ein Ausblick: Neue Entwicklungen und Anwendungsmöglichkeiten, in ""Operations Research"", Hrsg. American Management Association, Deutsche Ausgabe W. W. Elwenspoek, Girardet Verlag, Essen 1958, S. 271 ff.   
Chester, T. E.: The Importance of the quantitative Method for Management, in ""European Productivity"", No. 29, 1958.   
Churchman, C. W.: How is Planning possible?, in ""Operations Research for Management"", Hrsg. McCloskey, J. F. und Coppinger, J. M., The Johns Hopkins Press Baltimore, Vol. II/1956.   
Churchman, C. W., Ackoff, R. L., und Arnoff, E. L.: Introduction to Operations Research, John Wiley & Sons, New York and Chapman & Hall, London 1957.   
Crane, R. R.: Analysis of a Railroad Classification Yard, in ""Operations Research for Management"", Hrsg. McCloskey, J. F. u. Coppinger, J. M. The Johns Hopkins Press Baltimore, Vol. II/1956, S. 146 ff.   
Crawford, R. W.: Die Wahrscheinlichkeitsplanung - eine neue Konzeption der Unternehmensführung, in ""Operations Research"", Hrsg. American Management Association, Deutsche Ausgabe W. W. Elwenspoek, Girardet Verlag, Essen 1958, S. 177 ff.   
Cushen, W. E.: Operational Gaming in Industry, in ""Operations Research for Management"", Hrsg. McCloskey, J. F., und Coppinger, J, M., The Johns Hopkins Press Baltimore, Vol. II/1956, S. 358 ff.   
Cushen, W. E.: Symbolic Logic, in ""Operations Research for Management"", Hrsg. McCloskey, J. F., und Trefethen, F. N., The Johns Hopkins Press Baltimore, Vol. I/1954, S. 187.   
D'Abranyi, M.: Use and Interpretation of Quantitative Data its impact on management as a field of learning, Baden-Baden-Conference 9.-12. April 1958, OEEC, Paris, EPA-Projekt 409.   
Daenzer, W. F.: Probleme der Betriebsführung, Vortrag, gehalten auf der Fachtagung für Betriebsführungs-, Organisations- und Planungsfragen am 7./8. III. 1958 in Stuttgart, in ZfO, Gesellschaft für Organisation, Frankfurt 1958, Jg. 27/3, S. 120.   
Daeves, K.: Rationalisierung durch Grozahlenforschung, Verlag Stahleisen, Düsseldorf 1952.   
Danert, G.: Zur Vorbereitung von unternehmerischen Entscheidungen, in ,Zeitschrift für Handelswissenschaftliche Forschung""; Westdeutscher VVerlag, Köln-Opladen 1958/10, S. 311.   
Dantzig, G. B.: Concepts, Origins and Use of Linear Programming, in ""Proceedings of the first international conference on Operational Research"", Oxford 1957, The English Universities Press Ltd. London.   
Deyhle, A.: Besseres Marketing durch Operations Research, W. J. Baumol, Bericht über dasSeminar des HIB, in ,,Zeitschrift für Betriebswirtschaft"", Betriebswirtschaftlicher Verlag Dr. Th. Gabler, Wiesbaden 1960, Nr. 9, S. 572.   
Deyhle, A.: Die GauBsche Normalverteilung - betriebswirtschaftlich gewürdigt, Bericht über das Seminar des HIB, in Z triebswirtschaftlicher Verlag Dr. Th. Gabler, Wiesbaden 1960, Nr. 2, S. 124.   
Eberl, W.: Planungsforschung (Operational Research), in ,Statistische Vierteljahresschrift"", Bd. ""VIII, Manzsche Verlagsund Universitätsbuchhandlung, Wien 1955, S. 65 ff.   
Eckner, K.: Das Berichtswesen industrieller Betriebe, Betriebswirtschaftlicher Verlag Dr. Th. Gabler, Wiesbaden 1960.   
Engelmann, K.: Die Betriebswirtschaftslehre an der Wende, in ,Zeitschrift für Betriebswirtschaft"", Betriebswirtschaftlicher Verlag Dr. Th. Gabler, Wiesbaden 1957, Nr. 1.   
Falkenberg, H.: Moderne Unternehmungsführung und Elektronik, in ,Wirtschaftlichkeit"", Osterreichisches Kuratorium für Wirtschaftlichkeit, Wien 1958, Nr. 77/8.   
Fasching, G.: Betriebswissenschaft, in ,MTW-Mitteilungen"" Mathematisches Labor der Technischen Hochschule Wien, 1957, IV/2, S. 89 ff.   
Fasching, G.: Eine Anwendung der Methode der kleinsten Quadrate in der Marktforschung, in ,,Unternehmensforschung Physica-Verlag, Würzburg 1956/57, I/4.   
Ferschl, F.: Entscheidungsproblem und Strategische Spiele, in ,,Unternehmensforschung"", Physica-Verlag, Würzburg 1958, II/2, 'S. 49 ff.   
Fettel, J.: Betriebswirtschaftslehre als Geisteswissenschaft, in ,,Zeitschrift für Betriebswirtschaft"", Betriebswirtschaftlicher Verlag Dr. Th. Gabler, Wiesbaden 1958, Nr. 4, Redaktionelles Vorwort, S. 209 ff.   
Flood, M. M.: The Travelling-Salesman Problem, in ""Operations Research for Management"", Hrsg. McCloskey, J. F., und Coppinger, J.M., The Johns Hopkins Press Baltimore, Vol. II/1956, S. 340 ff.   
Förstner, K.: Die Lösung von Entscheidungsaufgaben bei der Papierherstellung, in ,Zeitschrift für Betriebswirtschaft"", Betriebswirtschaftlicher Verlag Dr. Th. Gabler, Wiesbaden 1959, S. 693 ff und S. 756 ff.   
Förstner, K., und Henn, R.: Die Anwendung ökonometrischer Verfahren in der Unternehmungsplanung, in ,, Zeitschrift für Betriebswirtschaft"", Betriebswirtschaftlicher Verlag Dr. Th. Gabler, Wiesbaden 1956, S. 77 ff.   
Förstner, K., und Henn, R.: Dynamische Produktionstheorie und Lineare Programmierung, A. Hain, Meisenheim 1957.   
Frenckner, T. P.: Bestimmung des Produktionsprogrammes als Anwendungsbeispiel der Linearplanung, in ,Zeitschrift fur Handelswissenschaftliche Forschung"", Westdeutscher Verlag, Köln-Opladen 1958, S. 565 ff.   
Frenckner, T. P.: Betriebswirtschaftslehre und Verfahrensforschung, in ,Zeitschrift fur Handelswissenschaftliche Forschung"", Westdeutscher Verlag, Köln-Opladen 1957, S. 65 ff.   
Gervey, P. J. Mc: Die Integrierung der Erzeugnisentwicklung mit den langfristigen Plänen des Unternehmens, in ""Operations Research"", Hrsg. American Management Association, Deutsche Ausgabe W. W. Elwenspoek, Girardet Verlag, Essen 1958, S. 191 ff.   
Goodeve, Ch.: Operational Research as a Science, in ""Operations Research for Management"", Hrsg. McCloskey, J. F., u. Trefethen, F. N., Vol. I/1954, S. 49 ff.   
Günther, R.: Das Problem der Analogie zwischen wirtschaftlichen und elektrotechnischen Vorgängen, in ,,Statistische Vierteljahresschrift"", Bd. 10, Wien 1957, S.114 ff.   
Gutenberg, E.: Betriebswirtschaftslehre als Wissenschaft, Kölner Universitätsreden Nr. 18, Scherpe Verlag, Krefeld 1957.   
Gutenberg, E.: Grundlagen der Betriebswirtschaftslehre, Bd. I, 3. Aufl., Springer Verlag, Berlin - Göttingen - Heidelberg 1957.   
Gutenberg, E.: Zum _,Methodenstreit"", in ,Zeitschrift für Handelswissenschaftliche Forschung"", Westdeutscher Verlag, Köln-Opladen 1953, S. 327 ff.   
Haertel, R.: Methoden des Operations Research in der Industrie, in ,,Zeitschrift für Betriebswirtschaft"", Betriebswirtschaftlicher Verlag Dr. Th. Gabler, Wiesbaden 1960, Nr. 2. S. 255 ff.   
Hahn, A.: Wirtschaftswissenschaft des gesunden Menschenverstandes, Fritz Knapp Verlag, Frankfurt/Main, 2. Aufl., 955   
Halsbury, Earl of: In Vorwort zu ""Operations Research for Management"", Hrsg. McCloskey, J. F., und Coppinger, J. M., The Johns Hopkins Press Baltimore, Vol. II/1956.   
Harrison, J. O. (jr): Linear Programming and Operations Resarch, in ""Operations Research for Management"", McCloskey, J. F., und Trefethen, F. N., The Johns Hopkins Press Baltimore, Vol. I/1954.   
Hartmann, B.: Mathematik und Betriebswirtschaft, in ,,Zeitschrift für Betriebswirtschaft"" Betriebswirtschaftlicher Verlag Dr. Th. Gabler, Wiesbaden 1953, Nr. 2. S. 73 ff.   
Hax, K.: Betriebswirtschaftslehre, Betriebswissenschaft und Rationalisierung, in _,Zeitschrift für Handelswissenschaftliche Forschung"", Westdeutscher Verlag, Köln-Opladen 1950, S. 184.   
Hax, K.: Das Rechnungssystem Otto Bredts im Rahmen einer Lehre von der Dynamik des Betriebes und der Wirtschaft; Rezension des Werkes ,Die Krise der Betriebswirtschaftslehre"", in ,,Zeitschrift für Handelswissenschaftliche Forschung"", Westdeutscher Verlag, Köln-Opladen 1958, S. 546 ff.   
Heinrich, W.: Die einzelwirtschaftlichen Funktionen in gesamtwirtschaftlicher Sicht, in ,,Funktionen- und Leistungsdenken in der Betriebswirtschaft"" Manzsche Verlags- und Universitätsbuchhandlung, Wien 1956.   
Heinrich, W.: Die Verfahrenslehre als Wegweiser für die Wissenschaften und die Kultur, in ,Die Ganzheit in Philosophie und Wissenschaft"" (O. Spann zum 70. Geburtstag), hrsg. von W. Heinrich, W. Braumüller, Wien 1950.   
Heinrich, W.: Wirtschaftspolitik, Bd. I, Verlag A. Sexl, Wien 1948.   
Heinrich, W.: Wirtschaftspolitik, Band II/1 und 2, Verlag A. Sexl, Wien 1954.   
Hendrikson, K. H., Stehlik, A., und Link, H. J.: Finanzplanung im Betrieb, in ,Zeitschrift für Betriebswirtschaft"", Betriebswirtschaftlicher Verlag Dr.' Th. Gabler, Wiesbaden 1957, Nr. 4.   
Henn, R.: Strategische Spiele und unternehmerische Entscheidungen, in ,,Zeitschrift für Betriebswirtschaft"","" Betriebswirtschaftlicher Verlag Dr. Th. Gabler, Wiesbaden 1958, Nr. 5.   
Henzel, F.: Die Betriebswirtschaftslehre als angewandte Wissenschaft und ihre Aufgaben für die Praxis, in ,,Zeitschrift für Betriebswirtschaft"", Betriebswirtschaftlicher Verlag Dr. Th. Gabler, Wiesbaden 1957, Nr. 12.   
Herber, M.: Lineare Planungsrechnung und Simplexmethode als Instrumente betriebswirtschaftlicher Planung, in ,Zeitschrift für Handelswissenschaftliche Forschung"", Westdeutscher Verlag, Köln-Opladen 1960, S. 578 ff.   
Herrmann C. C., und Magee, J. F.: Operations Research for Management, in ""Harvard Business Review"", 1953, Vol. 31. No. 4, S. 100 ff.   
Herrmann, K.: Betriebliche Verfahrensforschung und Informationswesen, in ,Der Industriebetrieb"" VEB-Verlag Technik, Berlin, 6. Jg., Heft 4, S. 193.   
Hertel, W.: Produktivitätsmessung in der traditionellen Produktionstheorie und der linearen Planungsrechnung, in ,Zeitschrift für Betriebswirtschaft"","" Betriebswirtschaftlicher Verlag Dr. Th. Gabler, Wiesbaden 1960, Nr. 8, S. 494 ff.   
Hertz, D. B.: OR in der langfristigen Planung von Erweiterungen, in ""Operations Research"", Hrsg. American Management Association, Deutsche Ausgabe W. W. Elwenspoek, Girardet-Verlag, Essen 1958, S. 197 ff.   
Hertz, D. B., und Feeney, G. J.: Operational Organization, in ""Operations Research for Management"", Hrsg. Mc-Closkey, J. F., und Coppinger, J. M., The Johns Hopkins Press Baltimore, Vol. II/1956, S. 293 ff.   
Hertz, D. B., und Miller, D. W.: Operations Research bei der Zuteilung von Betriebsmitteln, in ""Operations Research"", Hrsg. American Management Association, Deutsche Ausgabe W. W. Elwenspoek, Girardet Verlag, Essen 1958, S. 59 ff.   
Hitch, Ch., und McKean, R.: Suboptimization in Operations Problems, in ""Operations Research for Management"", Hrsg. McCloskey, J. F., und Trefethen, F. N., The Johns Hopkins Press Baltimore, Vol. I/1954, S. 168 ff.   
Hoffmann, O. A.: Operations Research in einem technischen Laboratorium, in ""Operations Research"", Hrsg. American Management Association, Deutsche Ausgabe W. W. Elwenspoek, Girardet Verlag, Essen 1958, S. 99 ff.   
Hopkins, Johns Magazine: A Hospital Exam: Subject, The Hospital, June 1958, No. 8, Vol. IX, S. 2 ff.   
Illetschko, L. L.: Automation und Betriebswirtschaft, Band 8 der _,Veröffentlichungen des Instituts für Organisation und Revisionswesen"", Manzsche Verlags- und Universitätsbuchhandlung, Wien 1957.   
Illetschko, L. L.: Bericht über die 5. Internationale Konferenz über die Ausbildung und Schulung betrieblicher Führungskräfte,Maschinenmanuskript,Wien 1958.   
Illetschko, L. L.: Betriebswirtschaftliche Grundfragen, Band 3 der Veröffentlichungen des Instituts für Organisation und Revisionswesen"", Manzsche Verlags- und Universitätsbuchhandlung, Wien 1953, S. 45.   
Illetschko, L. L.: Die rationalen Grundlagen der Führungsentscheidungen im Betriebe; Vortrag, gehalten am Deutschen Betriebswirtschaftertag, Berlin 1957, abgedruckt als Anhang im ,,Bericht über die 5. Internationale Konferenz über die Ausbildung und Schulung betrieblicher Führungskräfte"".   
Iletschko, L. L.: Die Wirtschaftsrechnung als Leistungsrechnung, in ,,Betriebswirtschaftliche Schrirtenreihe des Instituts für industrielle Betriebslehre und Kleingewerbliche Forschung"", Heft 3, Manzsche Verlags- und Universitätsbuchhandlung, Wien 1950.   
Illetschko, L. L.: Die wissenschaftliche Vorbereitung der Entscheidungen - Einsatz- und Planungsforschung, in,, Wirtschaftlichkeit"" ÖKW, Wien 1957, Nr. 1/2, S. 13.   
Illetschko, L. L.: Management und Betriebswirtschaft, Band 6 der _,Veröffentlichungen des Instituts für Organisation und Revisionswesen"" an der Hochschule für Welthandel, Wien 1955.   
Illetschko, L. L.: Zur Entwicklung moderner Formen der betrieblichen Verrechnungslehre, in ,Betriebswirtschaftliche Forschung und Praxis', Verlag Neue Wirtschartsbriefe, Herne Berlin, Heft 4, April 1959, S. 193 ff.   
Industrielle Organisation, Hrsg. Betriebswissenschaftlicnes institut der Eidgenössischen Technischen Hochschule in Zürich, Jg. 1957 und 1958.   
Inzinger, R.: Moderne Rechentechnik, in ,Wirtschaftlichkeit"", ÖKW, Wien 1958, Nr. 7/8, S. 148 ff.   
Ischboldin, B.: Zur Kritik der mathematischen Methode in den Wirtschaftswissenschaften, in ,Zeitschrift für Handelswissenschaftliche Forschung"", Wetdeutscher Verlag, Köln-Opladen 1960, S. 209 ff.   
Jenny, R.: Die Ermittlung der Zeitanteile der verschiedenen Tätigkeiten beim Zusammenstellen der Sendungen eines Engrosbetriebes mittels Multimomentstudien, in ,,Industrielle Organisation"", Nr. 7, 1958, S. 196 ff.   
Johnson, E. A.: The Application of Operations Research to Industry, in ""Operations Research Office"", Chevy Chase 1955.   
Johnson, E. A.: The Executive, the Organization, and Operations Research, in ""Operations Research for Management"", Hrsg. McCloskey, J. F., und Trefethen, F. N., The Johns Hopkins Press Baltimore, Vol. I/1954, S. XI ff.   
Käfer, K.: Betriebswirtschaftliche Verfahrensforschung im Dienste der Unternehmungsführung, in ,,Gedenkschrift für A. Walther"", Bern ""1957, Verlag Paul Haupt.   
Käfer, K.: Die Planungsrechnung als Mittel zur Gestaltung des Produktionsprogramms, in ,,Zeitschrift für Betriebswirtschaft"" Betriebswirtschaftlicher Verlag Dr. Th. Gabler, Wiesbaden 1957, S. 65 ff.   
Kalussis, D.: Der Betriebsvergleich im Handel, in der neuen Folge der ,Schriftenreihe des Instituts für Welthandelslehre"" an der Hochschule für Welthandel, Heft 1, Wien 1949.   
Keachie, E. C.: Der Stand der ökonomischtechnischen Betriebsführung (Industrial Engineering) in Deutschland, in ,Zeitschrift für Handelswissenschaftliche Forschung"" Westdeutscher Verlag, Köln-Opladen 1958, S. 672 ff.   
Kerschagl, R.: Die Grenzen der Leistungsrechnung in der Volkswirtschaft, in ,Funktionen- und Leistungsdenken in der Betriebswirtschaft"", Hrsg. W. Bouffier, Manzsche Verlags- und Universitätsbuchhandlung, Wien 1956.   
Klanke, H.: Betriebswissenschaft, in ,Zeitschrift für Betriebswirtschaft"", Betriebswirtschaftlicher Verlag Dr. Th. Gabler, Wiesbaden 1954, S. 193 ff.   
Klaus, G.: Elektronengehirn contra Menschengehirn?, Leipzig-Jena, Urania-Verlag 1957.   
Klingst, A.: Optimale Lagerhaltung bei bekanntem Jahresgang des Bedarfs, in , Unternehmensforschung"", Physica-Verlag, Würzburg 1956/57, I/4.   
Klingst, A.: Optimale Lagerhaltung bei bekannter Verteilung des Bedarfs und unter der Voraussetzung, daB diese Verteilung einen Jahresgang aufweist, in ,,Unternehmensforschung"", Physica Verlag, Würzburg 1958, II/3.   
Knayer, M.: Grundsätze der Ablauf- und Planungsforschung, in ,,Zeitschrift für wirtschaftliche Fertigung"", Heft 6/7, 1959, S. 203.   
Knayer, M.: Planungsforschung im Mittel- und Kleinbetrieb, in ,,Planungsforschung"", Rationalisierungsbriefe Nr. 13/ 14, Hrsg. Witte, J. M., und Bredt, O., Berlin, o. J., S. 5 ff.   
Knippenberg, H.: Produktionsaufteilung und Arbeitsplanung für mehrere Werke durch Operations Research, in ""Operations Research"", Hrsg. American Management Association, Deutsche Ausgabe W. W. Elwenspoek, Girardet Verlag, Essen 1958, S. 73 ff.   
Knödel, W.: Ein Transportproblem, in ,MTW-Mitteilungen"", Mathematisches Labor der Technischen Hochschule Wien, 1958, Nr. 2, S. 71 ff.   
Knödel, W.: Mehrplatzarbeit, in ,,Unternehmensforschung"", Physica - Verlag, Würzburg 1956, I/1.   
Koch, H., Uber einige Grundfragen der Betriebswirtschaftslehre, in ,,Zeitschrift für Handelswissenschaftliche Forschung"", Westdeutscher Verlag, Köln-Opladen 1957.   
Koch, H.: Zur Diskussion in der UngewiBheitstheorie, in,,Zeitschrift für Handelswissenschaftliche Forschung"", Westdeutscher Verlag, Köln-Opladen 1960, S. 49 ff.   
Koopman, B. O.: Combinatorial Analysis of Operations, in ""Proceedings of the first international conference on Operational Research"", Oxford 1957, The English Universities Press Ltd., London.   
Koopmans, T. C.: Activity Analyses of production and allocation, Cowles Commission Monograph, 13, New York 1951, John Wiley & Sons Inc.   
Koopmans, T. C.: Analysis of Production as an Efficient Combination of Activities, in ""Activity Analyses of Production and Allocation"" Cowles Commission Monograph, 13, New York 1951, John Wiley & Sons Inc.   
Kosiol, E.: Plankostenrechnung als Instrument moderner Unternehmungsführung, Duncker & Humblot, Berlin 1956.   
Kosiol, E.: Wissenschaftliche Betriebsführung, in _,Zeitschrift für Betriebswirtschaft"", Betriebswirtschaftlicher Verlag Dr. Th. Gabler, Wiesbaden 1957, Nr. 10.   
Krasensky, H.: Betriebspädagogik, Manzsche Verlags- und Universitätsbuchhandlung, Wien 1952.   
Krasensky, H.: Elemente der wirtschaftlichen Dynamik, Verlag für Geschichte und Politik, Wien, Heft 4 der Reihe ,,Die Wirtschaft geht jeden an"", 1955.   
Kregeloh, H.: Analogrechner und ihre Anwendung auf ein volkswirtschaftliches Modell, in ,, Unternehmensforschung"", Physica-Verlag, Würzburg 1956/57, I/3.   
Kregeloh, H.: Rezension über ""Operations Research for Management"", in ,,Arbeitswissenschaftlicher Auslandsdienst"", Darmstadt, Mai 1958, Heft 2, S. 46/47.   
Krelle, W., und Künzi, H. P.: Lineare Programmierung, Zürich 1958.   
Kuhnke, H. H.: Inhalt und Grenzen einer wirtschaftswissenschaftlichen Fundierung der Unternehmensführung, in ,Zeitschrift für Handelswissenschaftliche Forschung"", Westdeutscher Verlag, Köln-Opladen 1960, S. 98 ff.   
Kuner, K.: Mathematische Methoden zur Lösung betriebswirtschaftlicher Probleme, III. Teil, Die Ermittlung optimaler Bestellstückzahlen, in ,,Bürotechnik und Organisation"", Baden-Baden 1959, Märzheft.   
Künzi, H. P.: Die Simplexmethode zur Bestimmung einer Ausgangslösung bei bestimmten linearen Programmen, in "",Unternehmensforschung"", Physica-Verlag, Würzburg 1958, II/2.   
Künzi, H. P., und Krelle, W.: siehe Krelle, W.   
Lassmann, G.: Die Produktionsfunktion und ihre Bedeutung für die betriebswirtschaftliche Kostentheorie, Westdeutscher Verlag, Köln-Opladen 1958.   
Leavitt, H. J., und Whisler, T. L.: Management in the 1980's, in ""Harvard Business Review"", November/Dezember 1958.   
Le Coutre, W.: Zum Werke Erich Gutenbergs, in _,Zeitschrift für Betriebswirtschaft"", Betriebswirtschaftlicher Verlag Dr. Th. Gabler, Wiesbaden 1957, Nr. 11.   
Lehmann, M. R.: Allgemeine Betriebswirtschaftslehre, 3. Aufl., Betriebswirtschaftlicher Verlag Dr. Th. Gabler, Wiesbaden 11956.   
Leinweber, P.: Mathematisch-Statistische Verfahren im Fabrikbetrieb, Deutscher NormenausschuB, Beuth Vertrieb, Berlin 1951.   
Levinson, H. C.: Experiences in Commercial Operations Research, in ""Operations Research for Management"", Hrsg. Mc-Closkey, J. F., und Trefethen, F. N., The Johns Hopkins Press Baltimore, Vol. I/1954, S. 265 ff.   
Lewis, M. C.: Operations Research als Abteilung innerhalb des Unternehmens, in ""Operations Research"", Hrsg. American Management Association, Deutsche Ausgabe W. W. Elwenspoek, Girardet Verlag, Essen 1958, S. 32 ff.   
Linder, A.: Die methodischen Grundlagen der Operations Research, in ,, Industrielle Organisation"", Betriebswirtschaftliches Institut der Eidgenössischen Technischen Hochschule in Zurich, 1958, Nr. 7.   
Linder, A.: Statistische Methoden, Lehrbücher und Monographien aus dem Gebiete der Exakten Wissenschaften. Math. Reihe, Bd. III, 2. Auf., Verlag Birkhäuser, Basel 1951.   
Lindner, T.: Einzelentscheidung oder MehrheitsbeschluB?, in ,, Unternehmensforschung"", Physica-Verlag, Würzburg 1958, II/1, S. 27 ff.   
Löffelholz, J.: Betriebswirtschaft am Scheidewege?, in ,Zeitschrift für Betriebswirtschaft"", Betriebswirtschaftlicher Verlag Dr. Th. Gabler, Wiesbaden 1952, S. 387 ff.   
Löffelholz, J.: Betriebswirtschaftspolitik, in ,,Zeitschrift für Betriebswirtschaft"", Betriebswirtschaftlicher Verlag Dr. Th. Gabler, Wiesbaden 1955, S. 116 ff.   
Löffelholz, J.: Der Stand der methodologischen Forschung in der Betriebswirtschaftslehre, in,Zeitschrift für Betriebswirtschaft"", Betriebswirtschaftlicher Verlag Dr. Th. Gabler, Wiesbaden 1957, Nr. 10, S. 543, und Nr. 9, S. 473.   
Löffelholz, J.: Erich Schneider und die Betriebswirtschaftslehre, in,,Zeitschrift für Betriebswirtschaft"", Betriebswirtschaftlicher Verlag Dr. Th. Gabler, Wiesbaden 1960, S. 766 ff.   
Löffelholz, J.: Mathematik und Betriebswirtschaft, in ,Zeitschrift für Betriebswirtschaft"", Betriebswirtschaftlicher Verlag Dr. Th. Gabler, Wiesbaden 1955, S. 385.   
Magee, J. F.: The Effect of Promotional Efforts on Sales, in ""Operations Research for Management"", Hrsg. McCloskey, J. F., und Trefethen, F. N., The John Hopkins Press Baltimore, Vol. I/1954, S. 305 ff.   
Marshall, B. O., Queuing Theory, in ""Operations Research for Manage ment"", Hrsg. McCloskey, J. F., und Trefethen, F. N., The Johns Hopkins Press Baltimore, Vol. I/1954, S. 134 ff.   
Mattesich, R.: Zu Ischboldins Kritik der mathematischen Methode, in ,,Zeitschrift für Handelswissenschaftliche Forschung"", Westdeutscher Verlag, Köln-Opladen 1960, S. 550 ff.   
Mayer, P. W.: Marktforschung, ihre Möglichkeiten und Grencen, Econ Verlag, Düsseldorf 1957.   
McCloskey, J. F., und Coppinger, J. M.: Operations Research for Management, The Johns Hopkins Press Baltimore, Vol. II/1956.   
McCloskey, J. F., und Trefethen, F. N., Operations Research for Management, The Johns Hopkins Press Baltimore, Vol. I/1954.   
Meier, F., und Billeter, E. P.: Wendepunkt der Betriebsführung, in ,,Zeitschrift für Betriebswirtschaft"", Betriebswirtschaftlicher Verlag Dr. Th. Gabler, Wiesbaden 1958, Nr. 1.   
Meier, W.: Gesamtbebauungsplan mit Standortwahl nach Faktorenbewertung, in ,,Unternehmensforschung"", Physica-Verlag, Würzburg 1958, II/3.   
Mellerowicz, K.: Betriebswirtschaftslehre am Scheidewege?, in ,Zeitschrift für Betriebswirtschaft"", Betriebswirtschaftlicher Verlag Dr. Th. Gabler, Wiesbaden 1953, S. 265 ff.   
Menges, G.: Ökonometrische Diskussion eines Produktionsmodells, in ,Zeitschrift für Handelswissenschaftliche Forschung"", Westdeutscher Verlag, Köln-Opladen 1958, S. 297.   
Mertz, H. P. J.: Arbeitseinsatz und Gesamterträge,  in ,Unternehmensforschung"", Physica-Verlag, Würzburg 1958, II/1.   
Mittenecker, E.: Zur Entwicklung exakter Modelle in der psychologischen Lerntheorie, in ,Unternehmensforschung"", Physica-Verlag, Würzburg 1958, II/2.   
Molsner, H.: Zeitrafferaufnahmen als Hilfsmittel der Unternehmensführung, in , Unternehmensforschung"", Physica-Verlag, Würzburg 1958, II/3, S. 136.   
Morse, Ph. M.: Die Beziehungen zwischen militärischer und industrieller Operations Research, in ""Operations Research"", Hrsg. American Management Association, Deutsche Ausgabe W. W. Elwenspoek, Girardet Verlag, Essen 1958, S. 137 ff.   
Morse, Ph. M.: Operations Research is also Research, in ""Proceedings of the first international Conference on Operational Research"", Oxford 1957, The English Universities Press Ltd., London.   
Morse, Ph. M.: Progress in ""Operations Research, in Operations Research for Management"", Hrsg. McCloskey, J. F., und Trefethen, F. N., The Johns Hopkins Press Baltimore, Vol. I/1954, S. 99 ff.   
Morse, Ph. M.: Statistics and Operations Research, in ""Operations Research"", The Journal of the Operations Research Society of America, 1956, I/2.   
Morse, Ph. M., und Kimball, G.E.: Methods of Operations Research, The Technology Press of Massachusetts Institute of Technology and John Wiley & Sons Inc., New York 1950.   
MTW-Mitteilungen, Mathematisches Labor der Technischen Hochschule Wien, ab Jg. 1955.   
Müller, K.: Die Profil/Rangreihenmethode zum Aufbau der Gehaltsordnung von Kaderfunktionen, in , Unternehmensforschung"", Physica-Verlag, Würzburg 1959, III/1, S. 30 ff.   
Müller, K.: siehe Burgmeister, G.   
Munz, H.: Das Problem der Warteschlangen, in ,,Betriebswirtschaftliche Forschung und Praxis"", Verlag Neue Wirtschaftsbriefe, Herne/ Berlin 1959/5, S. 268 ff.   
Munz, M.: Technik und Anwendungsmöglichkeiten der dynamischen Planungsrechnung, in ,Zeitschrift für Betriebswirtschaft"", Betriebswirtschaftlicher Verlag Dr. Th. Gabler, Wiesbaden 1959, Nr. 6, S. 357 ff.   
Neeb, F.: Aufbau von Schichtwechselplä- nen für Betriebe mit kontinuierlicher Arbeit, in ,,Unternehmensforschung"", Physica-Verlag, Würzburg 1956/57, I/4.   
Neumann, J. v., und Morgenstern, O.: Theory of Games and Economic Behavior, 2nd Edition, Princeton University Press, 1947.   
Nitsche, J. A., und Liebel, E. F.: Optimale Produktionsprogramme, in ,,Unternehmensforschung"", Physica-Verlag, Würzburg 1958, II/2, S. 70 ff.   
Nürck, R.: Unternehmensführung - Ein Regelungsproblem, in ,""Betriebswirtschaftliche Forschung und Praxis"", Verlag Neue Wirtschaftsbriefe, Herne/Berlin 1960, Heft 4.   
Oberparleiter, K.: Das Unternehmerproblem, in ,,Betriebswirtschaftliche Forschungen "" des Wirtschaftsverkehrs"", Heft 3, Verlag Institut für Welthandelslehre a. d. Hochschule für Welthandel in Wien/Inaugurationsrede 1951.   
Oberparleiter, K.: Der Leistungsgedanke in der Betriebswirtschaftslehre, in ,,Die Ganzheit in Philosophie und Wissenschaft"" - Gedenkschrift für O. Spann, Braumüller, Wien 1950, S. 154.   
Oberparleiter, K.: Die Verkehrslehre, in ,50 Jahre Hochschule für Welthandel in Wien"", C. Ueberreutersche Buchdruckerei und Verlag, Wien 1948, S. 49 ff.   
Oberparleiter, K.: Einführung in die Betriebswirtschaftliche Verkehrslehre, I. Teil, Warenhandel, Springerverlag, Wien 1947.   
Oberparleiter, K.: Funktionen und Risiken des Warenhandels, 2. Aufl, Wien, Springerverlag, 1955   
Operations Research, The Journal of the Operations Research Society of America, ab 1950. ",231,"[122, 76, 488, 918]",1766,2.016415859630805e+18,
2016415859630805069,W109684747,text,,231,"[507, 92, 875, 905]",1767,2.016415859630805e+18,
2016415859630805072,W109684747,text,,232,"[122, 79, 492, 911]",1770,2.016415859630805e+18,
2016415859630805073,W109684747,text,,232,"[509, 115, 875, 905]",1771,2.016415859630805e+18,
2016415859630805076,W109684747,text,,233,"[124, 107, 486, 904]",1774,2.016415859630805e+18,
2016415859630805077,W109684747,text,,233,"[505, 99, 873, 911]",1775,2.016415859630805e+18,
2016415859630805080,W109684747,text,,234,"[124, 124, 488, 913]",1778,2.016415859630805e+18,
2016415859630805081,W109684747,text,,234,"[507, 117, 873, 907]",1779,2.016415859630805e+18,
2016415859630805084,W109684747,text,,235,"[124, 111, 488, 913]",1782,2.016415859630805e+18,
2016415859630805085,W109684747,text,,235,"[505, 112, 873, 905]",1783,2.016415859630805e+18,
2016415859630805088,W109684747,text,,236,"[120, 125, 492, 913]",1786,2.016415859630805e+18,
2016415859630805089,W109684747,text,,236,"[509, 125, 875, 454]",1787,2.016415859630805e+18,
2016415859630805090,W109684747,text,,236,"[511, 484, 879, 910]",1788,2.016415859630805e+18,
2016415859630805093,W109684747,text,,237,"[124, 104, 490, 907]",1791,2.016415859630805e+18,
2016415859630805094,W109684747,text,,237,"[505, 94, 875, 905]",1792,2.016415859630805e+18,
2016415859630805097,W109684747,text,"Operations Research - ,Unternehmensforschung"", in ,Zeitschrift für Betriebswirtschaft"", Betriebswirtschaftlicher Verlag Dr. Th. Gabler, Wiesbaden 1959, Nr. 6, S. 41 ff. und Nr. 7, S. 49 ff. ",238,"[122, 125, 488, 186]",1795,2.016415859630805e+18,
2016415859630805098,W109684747,text,"Ottel, F.: Technik und Wirtschaft der Gegenwart, Bemerkungen zu W. Waffenschmidts Buch, in ,,Zeitschrift für Betriebswirtschaft"", Betriebswirtschaftlicher Verlag Dr. Th. Gabler, Wiesbaden 1954, S. 111. ",238,"[120, 192, 488, 267]",1796,2.016415859630805e+18,
2016415859630805099,W109684747,text,"Pfanzagl, J.: Statistische Qualitätskontrolle, in ,Unternehmensforschung"" Physica-Verlag, Würzburg 1956/57, I/2. ",238,"[122, 290, 488, 328]",1797,2.016415859630805e+18,
2016415859630805100,W109684747,text,"Philipp, F.: Betriebswirtschaftslehre, Betriebswirtschaft und Mathematik, in ,,Zeitschrift für Betriebswirtschaft"", Betriebswirtschaftlicher Verlag Dr. Th. Gabler, Wiesbaden 1960, S. 540 ff. ",238,"[122, 332, 488, 395]",1798,2.016415859630805e+18,
2016415859630805101,W109684747,text,"Pichler, O.: Kostenrechnung und KostenfluB, in ,,Neue Wege zur Fortführung der Automation"", Deutscher Betriebswirte Verlag Ges. m. b. H., Berlin 1957. ",238,"[122, 397, 488, 447]",1799,2.016415859630805e+18,
2016415859630805102,W109684747,text,"Pichler, O.: Mathematik in der Betriebswirtschaft, in ,,MTW-Mitteilungen"", Mathematisches ""Labor der Technischen Hochschule Wien, 1956, III/3, S. 57 ff. u. III/4, S. 96 ff. ",238,"[124, 452, 490, 515]",1800,2.016415859630805e+18,
2016415859630805103,W109684747,text,"Pichler, O.: Wirtschaftliche Produktionsgestaltung, in ,, Unternehmensforschung"", Physica-Verlag, Würzburg 1956, I/1. ",238,"[124, 518, 490, 555]",1801,2.016415859630805e+18,
2016415859630805104,W109684747,text,"Platt, W. J., und Maines, N. R.: Pretest Your Long-Range Plans, in ""Harvard Business Review"", Jan.-Febr. 1959, Vol. 37, Nr. 1. ",238,"[126, 560, 490, 610]",1802,2.016415859630805e+18,
2016415859630805105,W109684747,text,"Pocock, J. W.: Eine Aufgabe der Unternehmensführung, in ""Operations Research"", Hrsg. American Management Association, Deutsche Ausgabe W. W. Elwenspoek, Girardet Verlag, Essen 1958, S. 15 ff. ",238,"[126, 613, 490, 687]",1803,2.016415859630805e+18,
2016415859630805106,W109684747,text,"Rago, L. I. v.: Operations Research, ein neuer Weg zur Lösung alter Probleme, in ,Rationalisierung"", Carl Hanser Verlag, München, Nov. 1958, S. 277 ff. ",238,"[509, 125, 871, 176]",1804,2.016415859630805e+18,
2016415859630805107,W109684747,text,"Rationalisierung, Monatsschrift des RKW, ab Jg. 1956. ",238,"[509, 180, 873, 206]",1805,2.016415859630805e+18,
2016415859630805108,W109684747,text,"RKW: Ablauf- und Planungsforschung/ Operations Research, Carl Hanser Verlag, München 1958, Heft 56, der Reihe RKW-Auslandsdienst. ",238,"[511, 209, 873, 260]",1806,2.016415859630805e+18,
2016415859630805109,W109684747,text,"Robinson, P. J.: Die Technik der Operations Research in der Absatzforschung, in ""Operations Research"", Hrsg. American Management Association, Deutsche Ausgabe W. W. Elwenspoek, Girardet Verlag, Essen 1958, S. 143 ff. ",238,"[509, 264, 875, 340]",1807,2.016415859630805e+18,
2016415859630805110,W109684747,text,"Roy, H. J. H.: Operations Research in Action, in ""Harvard Business Review"", Vol. 36, Nr. 5, 1958. ",238,"[509, 345, 873, 382]",1808,2.016415859630805e+18,
2016415859630805111,W109684747,text,"Sagoroff, S.: Die Anwendung der Statistik in der Nationalökonomie und der Physik, in ,,Statistische Vierteljahresschrift"", Bd. VIII, Wien 1955, S. 153 ff. ",238,"[509, 405, 875, 454]",1809,2.016415859630805e+18,
2016415859630805112,W109684747,text,"Sagoroff, S.: Zum Geleit, in ,Unternehmensforschung"", Physica-Verlag, Würzburg 1956, I/1. ",238,"[511, 460, 875, 497]",1810,2.016415859630805e+18,
2016415859630805113,W109684747,text,"Sandig, C.: Die Forschungs- und Darstellungsmethoden und das Methodenproblem in betriebswirtschaftlicher Sicht, in ,,Betriebswirtschaftliche Forschung und Praxis"", Heckners Verlag, Wolfenbüttel 1957, S. 129 ff. ",238,"[509, 502, 875, 577]",1811,2.016415859630805e+18,
2016415859630805114,W109684747,text,"Sandig, C.: Die Führung des Betriebes - Betriebswirtschaftspolitik, C. E. Poeschel Verlag, Stuttgart 1953. ",238,"[511, 581, 875, 620]",1812,2.016415859630805e+18,
2016415859630805115,W109684747,text,"Schneeweis, H.: Zur Theorie der Warteschlangen, in ,,Zeitschrift für Handelswissenschaftliche Forschung"", Westdeutscher Verlag, Köln-Opladen 1960, S. 471 ff. ",238,"[509, 625, 877, 687]",1813,2.016415859630805e+18,
2016415859630805116,W109684747,text,"Pocock, J. W.: Management consulting and Operations Research, in ""Operations Research for Management"", Herausg. McCloskey, J. F., und Trefethen, F. N., The Johns Hopkins Press Baltimore, Vol. I/1954, S. 80 ff. ",238,"[126, 693, 490, 767]",1814,2.016415859630805e+18,
2016415859630805117,W109684747,text,"Proceedings of the first international conference on Operational Research (Oxford 1957), The English Universities Press Ltd., London. ",238,"[126, 771, 490, 820]",1815,2.016415859630805e+18,
2016415859630805118,W109684747,text,"Schönpflug, F.: Betriebswirtschaftslehre, 2. Aufl., C. E. Poeschel Verlag, Stuttgart 1954. ",238,"[511, 690, 877, 729]",1816,2.016415859630805e+18,
2016415859630805119,W109684747,text,"Seyffert, R.: Geschichte der Betriebswirtschaftslehre, im ,,Handwörterbuch der Betriebswirtschaft"", 3. Aufl., C. E. Poeschel Verlag, Stuttgart 1956, S. 995 ff. ",238,"[511, 732, 877, 782]",1817,2.016415859630805e+18,
2016415859630805120,W109684747,text,"Seyffert, R.: Betriebswirtschaftslehre, im "",Handwörterbuch der Betriebswirtschaft"", 3. Aufl., C. E. Poeschel Verlag, Stuttgart 1956, S. 985 ff. ",238,"[511, 787, 877, 837]",1818,2.016415859630805e+18,
2016415859630805121,W109684747,text,"Rago, L. I. v.: Die Anwendung des Operations Research im betrieblichen Wirtschaftsleben,  in ,Unternehmensforschung"", Physica-Verlag, Würzburg 1960, Heft 2. ",238,"[126, 842, 490, 904]",1819,2.016415859630805e+18,
2016415859630805122,W109684747,text,"Shephard, R. W.: Arbeitsunterlagen für das Seminar über ""Operations Research"", EPA-Projekt 6/02 - A 1; Bundeskammer der Gewerblichen Wirtschaft, Wien, März 1960. ",238,"[511, 842, 877, 904]",1820,2.016415859630805e+18,
2016415859630805125,W109684747,text,"Slepian, D.: Information  Theory, in ""Operations Research for Management"", Hrsg. McCloskey, J. F., und Trefethen, F. N., The Johns Hopkins Press Baltimore, Vol. I/1954, S. 149 ff.   
Solandt, O.: Observation, Experiment and Measurement in Operations Research, in ""Operations Research for Management"", Hrsg. McCloskey, J. F., und Coppinger, J. M., The Johns Hopkins Press Baltimore, Vol. II/1956, S. 267 ff.   
Spann, O.: Fundament der Volkswirtschaftslehre, 4. Aufl., G. Fischer, Jena 1929.   
Spann, O.: Ganzheitliche Logik, Stifterbibliothek, Bd. I und Bd. II, Salzburg-Klosterneuburg 1957.   
Stadler, M.: Gefahren falscher Anwendung der Planungsrechnung, siehe Agplan, "",Planungsrechnung und Unternehmensführung in europäischer Sicht"", Betriebswirtschaftlicher Verlag Dr. Th. Gabler, Wiesbaden 1957. ",239,"[126, 127, 490, 419]",1823,2.016415859630805e+18,
2016415859630805126,W109684747,text,"Thüring, B.: Allgemeine Programmierung von Abläufen des industriellen, administrativen und kaufmännischen Rechnungswesens, in ,,Unternehmensforschung"",  Physica-Verlag, Würzburg 1956/57, I/3. ",239,"[128, 444, 488, 518]",1824,2.016415859630805e+18,
2016415859630805127,W109684747,text,"Tinbergen, J.: Einführung in die Ökonometrie, Humboldt-Verlag, Wien/Stuttgart 1952, Bd. 31. ",239,"[128, 520, 486, 557]",1825,2.016415859630805e+18,
2016415859630805128,W109684747,text,"Trefethen, F. N.: A History of Operations Research, in ""Operations Research for Management"", Hrsg. McCloskey, J. F., und Trefethen, F. N., The Johns Hopkins Press Baltimore, Vol. I/1954. ",239,"[128, 560, 488, 622]",1826,2.016415859630805e+18,
2016415859630805129,W109684747,text,"Tröbinger, H.: Risiko und Sicherheit in der Personalauswahl, in ,,Unternehmensforschung"", Physica-Verlag, Würzburg 1956, I/1. ",239,"[126, 623, 488, 674]",1827,2.016415859630805e+18,
2016415859630805130,W109684747,text,"Waffenschmidt, W. G.: Betriebswirtschaftslehre am Scheidewege? in ,Zeitschrift rur Betriebswirtschaft"", Betriebswirtschaftlicher Verlag Dr. Th. Gabler, Wiesbaden 1952, S. 317 ff.   
Waffenschmidt, W. G.: Technik und Wirtschaft der Gegenwart, Springer-Verlag, Berlin/Göttingen/Heidelberg 1952.   
Waffenschmidt, W. G.: Wissenssoziologische Bemerkungen zum Streit der Mathematiker und Antimathematiker in der Wirtschaftswissenschaft, in ,,Zeitschrift für Handelswissenschaftliche Forschung"", Westdeutscher Verlag, Köln/ Opladen 1960, S. 463 ff.   
Waffenschmidt, W. G.: Zur Wirtschaftstheorie ist folgendes zu sagen: in ,,Zeitschrift für Betriebswirtschaft"", Betriebswirtschaftlicher Verlag Dr. Th. Gabler, Wiesbaden 1956, S. 710.   
Walther, A.: Einführung in die Wirtschaftslehre der Unternehmung, Bd. I, Schulthess & Co., Zürich 1953.   
Walther, A.: Einführung in die Wirtschaftslehre der Unternehmung, Bd. II, Schulthess & Co., Zürich 1955.   
Ware, T. M.: Die Anerkennung der Unternehmensleitung für Operations Research mu gewonnen werden, in ""Operations Research"", American Management Association, Deutsche Ausgabe W. W. Elwenspoek, Girardet Verlag, Essen 1958, S. 46 ff.   
Wartmann, R.: Anwendungsmöglichkeiten neuzeitlicher Rechenautomaten bei Aufgaben der Betriebswirtschaft und Fertigungsplanung, in ,Unternehmensforschung Physica-Verlag, Würzburg 1956/57, I/2.   
Wenke, K.: Kommerzielle Einsatzmöglichkeiten von elektronischen GroBanlagen, in ,,Unternehmensforschung"", Physica-Verlag, Würzburg 1956/57, I/3.   
Wenke, K.: Kostenanalysen mit Matrizen, Zeitschrift u Betriebswirtschat Betriebswirtschaftlicher Verlag Dr. Th. Gabler, Wiesbaden 1956, S. 558 ff.   
Wenke, K.: Mathematische Modelle in der Betriebswirtschaft, in ,Zeitschrift für Betriebswirtschaft"", Betriebswirtschaftlicher Verlag Dr. Th. Gabler, Wiesbaden 1956, S. 48 ff.   
Wenzel, G.: siehe Woitschach, M.   
Wetzel, W.: Bemerkungen zur Rationalisierung betriebswirtschaftlicher Entscheidungen mit Hilfe elektronischer Datenverarbeitungsmaschinen, in ,Unternehmensforschung"", Physica-Verlag, Würzburg 1956/57, I/3. ",239,"[507, 99, 873, 907]",1828,2.016415859630805e+18,
2016415859630805131,W109684747,text,"Unternehmensforschung, Hrsg. Sagoroff, S., und Adam, A., Physica-Verlag, Würzburg, ab Jg. 1956. ",239,"[124, 693, 488, 730]",1829,2.016415859630805e+18,
2016415859630805132,W109684747,text,"Unternehmung, Die: Verlag Paul Haupt, Bern. ",239,"[126, 733, 488, 758]",1830,2.016415859630805e+18,
2016415859630805133,W109684747,text,"Vazsonyi, A.: Operations Research in Production Control- A progress report, in ""Operations Research"", The Journal of the Operations Research Society of America, 1956, No. 1, S. 19 ff. ",239,"[124, 775, 488, 837]",1831,2.016415859630805e+18,
2016415859630805134,W109684747,text,"Waelchli, J.: Integrierte Datenverarbeitung im Dienste der Unternehmungsführung, in _,Gedenkschrift für A. Walther"", Paul Haupt, Bern 1957. ",239,"[124, 855, 486, 905]",1832,2.016415859630805e+18,
2016415859630805137,W109684747,text,"Wetzel, W.: Lineare Verteilungsmodelle in der Betriebswirtschaft - Beispiele für den praktischen Einsatz der Linearplanung in Unternehmungen, in ,,Unternehmensforschung""Physica- Verlag, Würzburg 1956/57, I/2.   
Winkel, H.: Die Entartung linearer Planungsaufgaben, in ,Zeitschrift für Betriebswirtschaft"", Betriebswirtschaftlicher Verlag Dr. Th. Gabler, Wiesbaden 1960, S. 223 ff.   
Winkel, H.: Dynamische Planungsrechnung, in ,Zeitschrift für Betriebswirtschaft"", Betriebswirtschaftlicher Verlag Dr. Th. Gabler, Wiesbaden 1959, S. 261 ff.   
Winkler, W.: Grundfragen der Ökonometrie, Springerverlag, Wien 1951.   
Winkler, W.: Grundri der Statistik I, 2. Aufl., Manzsche Verlagsbuchhandlung, Wien 1947.   
Witte, I. M.: Im Vorwort zu ,,Planungsforschung"", Rationalisierungsbriefe Nr. 13/14, Berlin o. Datum.   
Wittmann, W.: Betriebswirtschaftslehre und Operations Research, in ,,Zeitschrift für Handelswissenschaftliche Forschung"", Westdeutscher Verlag, Köln-Opladen 1958, S. 285.   
Wittmann, W.: Lineare Programmierung und traditionelle Produktionstheorie, in ,,Zeitschrift für Handelswissenschaftliche Forschung"", Westdeutscher Verlag, Köln-Opladen 1960, S. 1 ff.   
Wittmann, W.: UngewiBheit und Planung, in ,,Zeitschrift für Handelswissenschaftliche Forschung"", Westdeutscher Verlag, KölnOpladen 1958, S. 499. ",240,"[124, 127, 488, 610]",1835,2.016415859630805e+18,
2016415859630805138,W109684747,text,"Wittmann, W.: Unternehmung und unvollkommene Information, Westdeutscher Verlag, Köln-Opladen 1959. Woitschach, M.: Aus der Praxis der linearen Planungsrechnung, in ,Zeitschrift für Organisation"", Gesellschaft für Organisation, Frankfurt 1958, Heft 3, S. 121. Woitschach, M., und Wenzel, G.: Lineare Planungsrechnung in der Praxis (Linear Programming) DEVA-Fachverlag, Stuttgart 1959. ",240,"[509, 125, 873, 270]",1836,2.016415859630805e+18,
2016415859630805139,W109684747,text,"Zeitschrift für Betriebswirtschaft, Betriebswirtschaftlicher Verlag Dr. Th. Gabler, Wiesbaden, ab Jg. 1950.   
Zeitschrift für Handelswissenschaftliche Forschung, Westdeutscher Verlag, Köln-Opladen, ab Jg. 1950.   
Zemanek, H.: Informationstheorie, in ,,Unternehmensforschung"", Physica-Verlag, Würzburg 1956, I/1.   
Zemanek, H.: Kybernetik, in MTW-Mitteilungen, Mathematisches Labor der Technischen Hochschule Wien, 1957/IV-5, S. 281 ff. und IV-6, S. 371 ff.   
Zimmermann, R. E.: A Monte Carlo Model for Military Analysis, in ""Operations Research for Management"", Herausg. McCloskey, J. F., und Coppinger, J. M., The Johns Hopkins Press Baltimore, Vol. II/1956, S. 376.   
Zuse, K.: Gedanken zur Automation und zum Problem der technischen Keimzelle, in ,,Unternehmensforschung"", Physica-Verlag, Würzburg 1956/57, I/4. ",240,"[507, 301, 875, 606]",1837,2.016415859630805e+18,
2016415859630805143,W109684747,title,Literaturverzeichnis,241,"[386, 198, 604, 218]",1841,,1.0
2016415859630805144,W109684747,text,"Abt, S. T.R. 173   
Ackoff, R. L. 22, 27, 35, 52, 57, 59, 96, 97, 124, 127, 130, 163, 168, 173, 182, 199, 217   
Adam, A. 12, 17, 18, 39, 46, 66, 91, 109, 124, 142, 148, 153, 158, 214, 216   
Air Ministry Research Station 23   
Albach, H. 118   
Allen, R. G. D. 32, 108, 110   
Anderson, O. 48, 100, 106, 112   
Angermann, A. 96, 98, 161   
Arnoff, E.L. 35, 52, 57, 59, 124, 130, 163, 217 ",241,"[124, 247, 474, 444]",1842,2.0164158596308052e+18,
2016415859630805145,W109684747,text,"Baumol, W.J. 190   
Becher, J. 56   
Beck, M. 106, 156   
Beckmann, M. J. 56, 118   
Beisber, M.F. 190, 203   
Bellman 62   
Bender, K. 161, 163, 166   
Billeter, E. P. 12, 17, 49, 55 ff   
Blackett, P.M. S. 23   
Böhm, H. H. 12, 56, 98, 113, 131, 157, 203   
Bouffier, W. 147, 150, 162, 170, 201   
Bredt, O. 40   
Burger, E. 74   
Camp, G.D. 26, 32, 207, 209, 218   
Case Institute of Technology 214   
Churchman, C. W. 33, 35, 52, 57, 59, 124,   
130, 163, 217   
Conant, J.B. 25   
Coppinger, J.M. 218   
Couffignal 85   
Cushen, W.E. 85, 127   
D'Abranyi, M. 115, 135, 180, 194   
Daenzer, W.F. 195   
Danert, G. 211   
Dantzig, G. B. 130, 131, 138, 146, 205   
Eberl, W. 49, 218   
Edison, T. 23   
Engelmann, K. 107   
Erlang, A. K. 70 ",241,"[126, 463, 474, 661]",1843,2.0164158596308052e+18,
2016415859630805146,W109684747,text,,241,"[126, 680, 476, 801]",1844,2.0164158596308052e+18,
2016415859630805147,W109684747,text,,241,"[126, 820, 432, 881]",1845,2.0164158596308052e+18,
2016415859630805148,W109684747,text,,241,"[517, 247, 683, 308]",1846,2.0164158596308052e+18,
2016415859630805149,W109684747,text,"Feeney, G.J. 117   
Ferschl, F. 176   
Förstner, K. 56, 99, 137, 178   
Frenckner, T.P. 11, 17, 19, 37, 38, 41, 70, 98, 103, 116, 126, 127, 133, 137, 162, 170, 178, 187, 215, 217   
Galilei 115, 207   
Gauss 186   
Goodeve, Ch. 27   
Günther, R. 102   
Gutenberg, E. 14, 29, 30, 39, 100, 107, 111, 113, 136, 147, 148, 152, 154, 155, 159, 164, 174, 189, 194, 195, 198, 202 ",241,"[517, 329, 873, 424]",1847,2.0164158596308052e+18,
2016415859630805150,W109684747,text,,241,"[519, 444, 875, 552]",1848,2.0164158596308052e+18,
2016415859630805151,W109684747,text,"Hahn, A. 153   
Halsbury, Earl of 102   
Harrison, J. O. (jr.) 58, 202   
Heinrich, W. 34, 36, 37, 168   
Henn, R. 56, 74, 99, 137, 178   
Henzel, F. 17, 36, 96   
Herrmann, C.C. 42, 101, 173, 205, 218   
Hertz, D.B. 79, 117, 190, 204   
Hitch, Ch. 61, 105, 128   
Hogben 116   
Hurwicz 179 ",241,"[519, 574, 860, 745]",1849,2.0164158596308052e+18,
2016415859630805152,W109684747,text,"Illetschko, L. 12, 35, 36, 48, 84, 91, 107, 165, 186, 194, 201, 214   
Inzinger, R. 82, 214   
Ischboldin, B. 157 ",241,"[521, 767, 875, 829]",1850,2.0164158596308052e+18,
2016415859630805153,W109684747,text,"Johnson, E. A. 24, 29, 30, 40, 49, 50, 173, 205 ",241,"[521, 850, 873, 879]",1851,2.0164158596308052e+18,
2016415859630805155,W109684747,text,"Käfer, K. 11, 17, 23, 127, 132, 133, 17   
175, 187, 196, 204, 216   
Kalussis, D. 46   
Keachie, E. C. 40   
Kepler 154   
Kimball, G.E. 29, 50, 172   
Klaus, G. 84   
Knippenberg, H. 190   
Knödel, W. 189   
Koopmans, T.C. 29, 131, 146   
Kosiol, E. 12, 17, 18, 19, 30, 49, 128   
Kregeloh, H. 12, 218   
Krelle, W. 56   
Kuhnke, H.H. 152, 159, 211, 212   
Künzi, H.P. 56   
Lanchester, F.W. 23   
Larnder, H. 23   
Lassmann, G. 55, 56, 118, 128, 146, 155,   
174, 197   
Leavitt, H. J. 164, 198   
Le Coutre, W. 30   
Lehmann, M.R. 36, 156, 211   
Leinweber, P. 187   
Leitner 153, 210   
Leontieff 101, 131   
Levinson, H. C. 23, 173, 204   
Linder, A. 123   
Lindner, T. 217   
Löffelholz, J. 36, 124, 132, 142, 152, 153,   
157, 159, 172, 207   
Magee, J.F. 42, 101, 173, 205, 218   
Maines, N.R. 135, 161   
Marshall, B.O. 72   
Mattesich, R. 153, 156, 157, 159, 160, 213   
Mayer, P.W. 171   
Mc Closkey, J. F. 218   
Mc Kean, R. 105, 128   
Meier, F. 12, 17   
Meier, W. 190   
Mellerowicz, K. 113, 153, 159   
Menges, G. 38, 125   
Mertz, H.P.J. 161   
Miller, D. W. 79, 190, 204   
MIT 213   
Mittenecker, E. 184   
Morgenstern, O. 33, 74, 75, 96, 131, 137,   
158, 194 ",242,"[126, 125, 463, 360]",1853,2.0164158596308052e+18,
2016415859630805156,W109684747,text,,242,"[126, 386, 478, 615]",1854,2.0164158596308052e+18,
2016415859630805157,W109684747,text,,242,"[126, 641, 480, 903]",1855,2.0164158596308052e+18,
2016415859630805158,W109684747,text,"Morse, Ph. M. 17, 27, 29, 50, 53, 82, 135, 155, 172, 173, 194   
Müller, K. 200   
Munz, M. 72 ",242,"[519, 124, 871, 185]",1856,2.0164158596308052e+18,
2016415859630805159,W109684747,text,"Neumann, J.v. 33, 74, 75, 96, 131, 137,   
146, 158, 194   
Newton 154   
Nicklisch 145   
Nürck, R. 139 ",242,"[521, 211, 873, 286]",1857,2.0164158596308052e+18,
2016415859630805160,W109684747,text,"Oberparleiter, K. 106, 107, 110, 115, 147, 150, 151, 167 183, 193, 210   
Operations Research Society of America 25   
ORO 25   
Ottel, F. 113 ",242,"[519, 312, 875, 402]",1858,2.0164158596308052e+18,
2016415859630805161,W109684747,text,"Pichler, O. 66, 68   
Platt, W. J. 135, 161   
Pocock, J.W. 12, 17, 168, 181, 198, 205,   
208, 209   
Poisson 125, 186 ",242,"[519, 428, 873, 503]",1859,2.0164158596308052e+18,
2016415859630805162,W109684747,title,Namensverzeichnis,242,"[523, 528, 636, 541]",1860,,1.0
2016415859630805163,W109684747,text,"Rago, L. I. v. 12, 152   
RAND 25   
Revans, P.J. 180   
Richardson, Bellows, Henry & Co. 199   
Rieger 151, 169, 171, 186   
RKW 24, 109, 132, 192, 199   
Roberts, G. A. 23   
Robinson, P.J. 190   
Rowe, A. P. 23   
Sagoroff, S. 17, 27, 28, 117, 213   
Sandig, C. 35, 36, 37, 166, 169   
Schäfer, E. 162, 191   
Schmalenbach, E. 44, 207, 210   
Schneider, E. 110   
Schönpflug, F. 16, 29   
Seyffert, R. 36   
Shephard, R.W. 62   
Slepian, D. 92   
Spann, O. 184   
Stigler, G.F. 202   
Thüring, B. 46, 123   
Tinbergen, J. 38, 39, 98, 101, 110, 115,   
123, 126, 129, 136, 203, 207, 213   
Trefethen, F.N. 23, 25   
Tycho de Brahe 154 ",242,"[519, 565, 862, 706]",1861,2.0164158596308052e+18,
2016415859630805164,W109684747,text,,242,"[521, 732, 798, 903]",1862,2.0164158596308052e+18,
2016415859630805167,W109684747,text,,243,"[124, 125, 478, 202]",1865,2.0164158596308052e+18,
2016415859630805168,W109684747,text,"Waffenschmidt, W.G. 14, 85, 96, 108, 113, 137, 152, 153, 154, 155, 156, 157, 158, 171, 208, 209, 214   
Walther, A. 33, 36, 39, 149, 159   
Ware, T.M. 212   
Wenke, K. 68, 89, 158   
Wenzel, G. 56   
Wetzel, W. 56, 68   
Whisler, T.L. 164, 198   
Williams, E. C. 23   
Winkel, H. 56, 62   
Winkler, W. 38, 159   
Witte, I. M. 40   
Wittmann, W. 17, 18, 19, 22, 23, 28, 32, 37, 53, 90, 118, 119, 125, 134, 146, 167, 168, 177, 195, 205, 214   
Woitschach, M. 56, 84 ",243,"[126, 224, 480, 348]",1866,2.0164158596308052e+18,
2016415859630805169,W109684747,text,,243,"[521, 125, 879, 263]",1867,2.0164158596308052e+18,
2016415859630805170,W109684747,text,"Zeitschrift für Betriebswirtschaft 50   
Zemanek, H. 84, 91, 92, 155   
Zimmermann, R.E. 51, 52   
Zuse, K. 144 ",243,"[523, 286, 848, 347]",1868,2.0164158596308052e+18,
2016415859630805173,W109684747,title,Stichwortverzeichnis,244,"[378, 208, 619, 228]",1871,,1.0
2016415859630805174,W109684747,text,"Abfertigung 71 ff, 190   
Ablauf 14, 20, 38, 39, 70, 80, 107, 123, 138 ff, 145 ff, 154, 175, 195, 198, 201, 208   
Ablaufdiagramm 88   
Ablaufplan 59, 88, 123   
Ablaufsforschung 17, 145   
Abnehmer 133, 192 ff, 199, 201 ff   
Absatz 100, 120, 143, 144, 151, 165, 166, 169, 172, 182 ff, 202 ff   
Absatzerwartung 133   
Absatzplanung 79 ff, 134, 175, 203   
Absatzrisiko 151   
Abstraktionen, wesenswidrige 127   
Abweichung 52, 134, 176   
Activity Analysis, siehe Aktivitätsanalyse   
Administratives Rechnungswesen 46, 47, 104   
Akademische Lehre und Forschung 181, 213 ff, 219   
Aktivitäen 16, 19, 21, 26, 33, 42, 82, 83, 91, 97, 117, 141, 146, 163, siehe auch Operation   
Aktivitätsanalyse 19, 29, 43, 107, 130, 146   
Akzidenzien 88, 113   
Algebra der Logik 85 ff   
Allocation 182   
Analoge Modelle 103   
Analogieschlüsse 156   
Analogrechner 82 ff, 92   
Angebot 38, 123, 129   
Angebotsbeziehungen 203   
Angewandte Wissenschaft 34 ff   
Annäherungslösungen 116, 119, 120, 125, 126, 130, 132, 148, 181, 185, 191, 200   
Annahmen 55, 112, 128 ff, 181   
Anpassungsmodelle 103   
Anpassungsvorgänge 174   
Anwendungsmöglichkeiten der Operationsforschung 31, 151, 180 ff   
Arbeitsfreude 199, 200   
Arbeitsleistungen, objektbezogene 198   
Arbeitsphysiologie 201   
Arbeitsplatzwechsel 199   
Arbeitspsychologie 201   
Arbeitsstudien 39   
Arbeitsvorbereitung 186, 188   
Arbeitswissenschaft 39, siehe auch Betriebswissenschaft   
Astronomie 115 ",244,"[124, 247, 486, 917]",1872,2.0164158596308052e+18,
2016415859630805175,W109684747,text,"Auftragsorientierung 202   
Ausbildung 181, 213 ff   
Ausführungsleistungen 37, 183   
Ausgabevorrichtung 83   
Ausgleichsgesetz 134   
Auslieferungslager 190   
AuBenbereich der Unternehmung 193 ff   
Autarkie 170   
Automation 39, 95, 141, 143   
Automatischer Pilot 141   
Autonomes System 141 ",244,"[505, 250, 848, 405]",1873,2.0164158596308052e+18,
2016415859630805176,W109684747,text,"Bebauungsplan 190   
Bedürfnisse 35, 36, 132, 138, 147 ff, 153, 157, 162, 163, 182, 193, 201, 204   
Befehlsplan 59, 88, 123   
Beladeplan 187   
Belegschaft 71, 111, 133, 141, 142, 184, 189, 199 ff   
Belegwesen 94   
Beschaffung 100, 129, 143, 165, 171, 189, 195, 204, 205   
Beschäftigungsgrad 131   
Beschreibungsmodelle 37   
Betriebliches Rechnungswesen 12, 33, 36, 38, 177   
Betriebsabrechnung 45   
Betriebsabrechnungsbogen 68   
Betriebsführung, siehe Unternehmungsführung   
-, ökonomisch-technische 40   
-, patriarchalische 143, 174   
-, wissenschaftliche 12, 40, 152, siehe auch Führungswissenschaft   
BetriebsgröBe 211   
-, GroBbetrieb 142, 153, 174, 180, 195 ff, 204, 210   
-, Kleinbetrieb 122, 169, 195 ff, 210   
-, Mittelbetrieb 122, 180, 195 ff, 210   
-, optimale 133, 170   
Betriebsklima 142, 199   
Betriebskybernetik 84, 94, 138ff, 147, 152, 201, 202, 216   
Betriebslehre 193 ff   
Betriebsleitung 164, 165, 172 ff, 193, 210, siehe auch Unternehmungsführung, Management   
Betriebsokonometrie 3811, 42, 49, 101, 115, 123, 125, 130, 131, 136, 207, 213   
BetriebsprozeB 14, 20, 38, 39, 70, 80, 107, 123, 138 ff, 145ff, 154, 175, 195, 198, 201, 208   
Betriebssoziologie 115, 142, 152, 199 ff, 201   
Betriebstechnik, siehe Technik   
Betriebsverbundenheit 199   
Betriebsvergleich 46, 135   
Betriebswirtschaftliche Kunstlehre 35, 36, 110, 171 ff   
Betriebswirtschaftspolitik 21, 33 ff, 40, 43, 44, 48, 106, 110, 116, 122, 139, 149, 161, 167, 169, 171, 211, 215, siehe auch Entscheidungstheorie   
Betriebswissenschaft 39 ff, 119, 122, 153, 159, 185, 186, 188, 209, 219   
Bewegungsstudien 49   
Bewutsein 141   
Beziehungen 38, 46, 47, 107, 110, 116 ff, 183, 197   
-, Angebots- 203   
-, final-zweckhafte 117 ff   
-, institutionelle 123   
-, kausale 20, 29, 31, 38, 39, 43, 99, 107, 109, 114, 119 ff, 137, 138, 145 ff, 154, 156, 185, 186, 205   
-, Nachfrage- 203   
-, natürlich-technische 123   
-, Objekt-Subjekt- 201   
-, quasiursächliche 119, 184   
-, Reaktions- 123, 203   
-, sinnvolle 117, 119, 148, 154, 168, 184, 185   
-, zwischenmenschliche 199 ff   
Bilanz und Buchhaltung 13, 36, 37, 40, 41, 44 ff, 66, 81, 90, 94, 110, 171, 209   
Bild 167 ff, 171 ff   
Binomialverteilung 125   
Biologie 144, 156, 201   
Black box 138, 146   
Bombardierungsproblem 24   
Botschaften 20, 27, 70, 82, 83, 90 ff, 109, 116, 124, 126, 139 ff, 165, 176, 177, 204, 216 ff   
Buchhaltung und Bilanz 13, 36, 37, 40, 41, 44 ff, 66, 81, 90, 94, 110, 171, 209   
Budget, Probability 134   
Budgetrechnung 13, 35, 104, 140, 175   
Bürokraten 210   
Business Administration 207   
Business Games 137   
Ceteris paribus 112, 136, 137 ",244,"[507, 421, 875, 913]",1874,2.0164158596308052e+18,
2016415859630805177,W109684747,text,,245,"[124, 133, 488, 829]",1875,2.0164158596308052e+18,
2016415859630805178,W109684747,text,"Chrematik 108   
Chromosomen 144   
Competitive problem 182   
Computer 59, 68, 81ff, 94, 95, 103, 123, 135,   
140, 144, 146, 164, 174, 195, 196, 208   
Datenverarbeitung, integrierte 82, 94, 95, 99   
Decision maker 173   
Definition 16 ff, 196, 219   
Denkmaschinen 85   
Determiniertheit 117 ff, 145 ff, 177 ff, 185   
Deterministische Modelle 99   
Dezimalsystem 83   
Diätproblem 55, 202   
Dienstpläne 189   
Differentialrechnung 113, 118   
Digitalrechner 82 ff, 92   
Digrammquelle 93   
Dispositiver Faktor 113, 174, 198   
Diversität 109   
Dokumentäres Rechnungswesen 45 ff, 135   
Dualsystem 83   
Durchführungsleistungen 37, 183   
Dynamische Modelle 99   
Dynamisches Programmieren 50, 61, 62 ",245,"[126, 820, 488, 903]",1876,2.0164158596308052e+18,
2016415859630805179,W109684747,text,,245,"[507, 128, 866, 396]",1877,2.0164158596308052e+18,
2016415859630805180,W109684747,text,"Effektivität 163   
Eingabevorrichtung 83   
Eingebung 20, 35, 162, 168, 171 ff   
Einkauf 100, 129, 143, 165, 171, 189, 195, 204, 205   
Einkaufsspiel 192   
Einkommenserzielung 133   
Einsatz der Operationsforschung im Betrieb 213 ff   
Einsatzforschung 19, 122   
Einzelfertigung 122, 204   
Einzelhandel 71, 73, 75, 80, 192, 202, 204, siehe auch Warenhaus, Selbstbedienung   
Einzelwirtschaften 193   
Einzelwirtschaftslehre 36   
Elektronengehirn 84   
Elektronenrechner 59, 68, 81 ff, 94, 95, 103, 123, 135, 140, 144, 146, 164, 174, 195, 196, 208   
Elektrotechnische Modelle 107   
Elementarfaktoren, siehe Produktionsfaktoren   
Empirie 29, 37   
Employee-Relations-Index (ERI) 199   
Endogene Modelle 103   
Engineering of Management 208   
EngpaBtheorie 49, 50, 70ff, 182, 188 ff, 202   
Entartung einer linearen Aufgabe 58   
Entladeplan 187   
Entropie 93   
Entscheidungen, Abteilungs- 167   
- auf Meisterebene 164   
- der mittleren Führungsschicht 164   
-, Direktions- 166   
-, exekutiv-administrative 32, 165, 171, 181   
Entscheidungen, Führungs-, siehe Entscheidungen, unternehmerische   
-, Grundsatz- 166   
-, Haupt- 167   
-, konstitutive 166   
-, Optimum- 165   
-, situationsbedingte 166   
-, Sofort- 167, 181   
-, Suboptimum- 165   
-, Unsicherheits- 177 ff   
-, unternehmerische 18 ff, 32 ff, 44, 75 ff, 83, 84, 94, 109, 116, 120, 122, 124, 147, 155, 161 ff, 164 ff, 173, 175, 181, 190, 210, 218   
-, vertretbare 167   
-, Vor- 167   
-, Zeit- 167   
Entscheidungsanalyse 19, 161 ff   
Entscheidungsbereiche 122, 172   
Entscheidungsfreiheit 147, 149, 177, 199 ff   
Entscheidungslaboratorium 135   
Entscheidungsmatrix 163, 176 ff   
Entscheidungsmaximen 35, 74, 133, 167 ff, 199, 210   
Entscheidungsmodelle 37, 98, 102, 135   
EntscheidungsprozeB 61, 198   
Entscheidungsstrategie 73 ff, 105, 109, 116, 122, 141, 172   
Entscheidungstheorie 18, 35, 161ff, 177ff, siehe auch Betriebswirtschaftspolitik   
Entscheidungsunterlagen 20, 21, 23, 53, 82, 90, 94, 98, 104, 134, 161ff, 181, 191, 196, 206, 217   
Entsprechung 112, 136, 138, 183   
Entstehung der Operationsforschung 23 ff, 205 ff   
Erfahrungsobjekt 33   
Erfinden und Lehren 113, 166   
Erfolgsrechnung 46   
Erkenntnis 172   
Erkenntnisobjekt 16, 26, 31, 33, 39, 110, 155   
Erklärungsmodelle 38, 98   
Ersatzstellungsprobleme 182, 186, 188, 199   
Ertrag 115, 123   
Ertragsgesetz 118, 119   
Ertragspreise 131   
Ertragsverlauf 131, 203   
Erwartung, mathematische 109, 177   
Erwerbsstreben 162   
Erzeugung 39, 52, 84, 99, 113, 119, 141 ff, 147, 149, 153, 158, 159, 165, 166. 183 ff, 197, 203, 209, 210, 219 Erzeugungsnahe Leistungsbereiche 119, 177, 180, 186 ff Erziehungsgemeinschaft 142 Ethik 143, 164 Euklidische Mathematik 144 ",245,"[505, 416, 875, 907]",1878,2.0164158596308052e+18,
2016415859630805183,W109684747,text,,246,"[126, 125, 492, 913]",1881,2.0164158596308052e+18,
2016415859630805184,W109684747,text,"Exakte Modelle 99   
Exakte Wissenschaft 208   
Executive-type-problems 165   
Experiment 21, 29, 30, 50, 82, 91, 135 ff, 142,   
185, 192, 204   
Extrapolation 134, 135   
Extremwert 20, 52, 55, 77, 132, 168, 177 ",246,"[507, 128, 873, 224]",1882,2.0164158596308052e+18,
2016415859630805185,W109684747,text,"Fahrkartenschalter 71   
Fahrplan 72, 189   
Faktor 107, 111, 113, 117   
- Arbeit 198   
-, dispositiver 113, 174, 198   
Faktorkombination 55, 111, 187   
Faktorpreise 117   
Faktorsubstitution 118   
Fakturierung 191, 192   
Faustische Mathematik 144   
Feedback 83, 140 ff, 147   
Fernbuchhaltung 196   
Fernplanungsrechnung 196   
Fernschreibanlagen 81, 83, 95, 196   
Fertigung 39, 52, 84, 99, 113, 119, 141 ff, 147, 149, 153, 158, 159, 165, 166, 183 ff, 197, 203, 209, 210, 219   
Fertigungskosten 186   
Fertigungsnahe Leistungsbereiche 119, 177, 180, 186 ff   
Fertigungsplanung 190   
Fertigungstechnik, siehe Technik   
Fertigungswirtschaft 185   
Fiktiver Spieler 74, 194   
Finalanalyse 152   
Final-zweckhafte Beziehungen 117 ff   
Finanzierung 176, 195   
Fingerspitzengefühl 171, 211   
Fixkostendruck 211   
Flieband 70, 71, 188, 201   
Flugplan 189   
Flugverkehr 141, 189, 190   
FluBdiagramm 89   
Formallogik, siehe Logistik   
Formalwissenschaft 27, 130, 139, 199, 206, 207, 217 ff   
Forschungsobjekt 16, 26, 31, 33, 39, 110, 155 Fortschritt 209, 211 Freie Wirtschaft 210 Fuhrpark 189   
Führungsentscheidungen 18 ff, 84, 161 ff, siehe auch Entscheidungen, unternehmerische FührungsgröBen 140, 167 Führungskunst 20 Führungsleistung 37, 46, 183, 185, siehe auch Organisierende Leistungen Führungsmaschine 84   
Führungswissenschaft 20, 35, 174, siehe auch Betriebswirtschaftspolitik, wissenschaftliche Betriebsführung   
Funktion, siehe Leistung   
-, GewiBheits- 62 ff, 117 ff   
-, lineare 55, 130   
-, mathematische 14, 20, 51, 55, 96, 98, 103, 109, 114, 116 ff, 125, 129, 147, 148, 158, 185   
-, Transformations- 146   
-, Verbrauchs- 131, 136   
-, Ziel- 63 ff   
Funktionale Betrachtungsweise 34, 37, 39, 42, 43, 88, 96, 110, 116 ff, 124, 138 ff, 141, 145 ff, 181   
Funktionenlehre 42, 44, 116, 129, 182 ff   
Funktionsbereiche 31, 37, 39, 113, 114, 117, 119, 122, 142, 143, 145 ff, 155, 158, 164, 166, 171, 177, 180, 182 ff, 210   
-, fertigungsnahe 119, 177, 180, 186 ff   
Ganzheit 127, 136ff, 142, 152, 197   
Gedächtnis 141   
Gedankenmodell, siehe Modell   
Geisteswissenschaft 119, 136, 148, 152, 145 ff   
Geldmassen 108   
Geldmechanik 108   
Geleitzugproblem 24   
Geltungswert 94, 174   
Genauigkeitsgrad 115   
Geometrie 144   
Geschäftsführungsunternehmung 210   
Geschäftsleitung 164, 165, 172 ff, 193, 210, siehe auch Unternehmungsführung, Management   
Geschichte der Operationsforschung 23 ff, 205 ff   
Gesellschaft 200   
Gesellschaftsspiele 74, 194   
Gesetz der abnehmenden Weisungsbefugnis 164   
Gesetz der Erhaltung der Unternehmungssubstanz 170   
GesetzmäBigkeiten, technologische 40   
Gestalt 167 ff, 171 ff   
Gewinn 132, 178   
Gewinnbeteiligung 142   
Gewinnmaximierung 132, 133, 168, 169   
Gewinn- und Verlustkonto 169   
Gewinnverteilung 178   
GewiBheit 177   
GewiBheitsfunktion 62 ff, 117 ff   
Gleichungen 14, 20, 51, 55, 96, 98, 103, 109, 114, 116 ff, 125, 129, 147, 148, 158, 185   
Gliedhaftigkeit 148   
Glücksspiele 74   
Gozintographik 67   
Grenzen der Operationsforschung 181 ff   
GroBbetrieb 142, 153, 174, 180, 195 ff, 204, 210   
GroBe Zahl 198   
Gruppenbeschlüsse 142, 174, 217   
Güter, passive 149   
Güterverteilungsapparat 202   
Halbfabrikate 171   
Handel 120, 143, 144, 151, 165, 166, 169, 172, 182 ff, 202 ff   
Handeln, instinktives 168   
Handelswissenschaft 150   
Häufigkeit 52, 122, 125, 134, 178   
Hauptzwecke 133   
Hilfsvariable 64, 65   
Hochschulen 181, 213 ff, 219   
Homo oeconomicus 132   
Homunkulus 144   
Horizont, ökonomischer 90   
Hotel 73, 169, 191   
Human Relations 142, 199 ff, siehe auch Betriebssoziologie   
Hydrokinetische Modelle 101   
Idealmodelle 104   
Identität 88   
Ikonische Modelle 102   
Indeterminiertheit 122, 149   
Indexzahlen 38, 42, 49, 108, 109, 199 ff   
Industrial Engineering 39, 40, 205, 209   
Industrielle Produktion 149, 153, siehe auch GroBbetrieb   
Infinitesimalrechnung 132   
Informationen 20, 27, 70, 82, 83, 90ff, 109, 116, 124, 126, 139ff, 165, 176, 177, 204, 216 ff   
Informationskanal 92 ff   
Informationsquelle 92 ff   
Informationsrate 93   
Informationstechnologie 164, 198   
Informationstheorie 27, 46, 90 ff, 113, 139, 174, 216   
Ingenieurkaufmann 209   
Innenbereich 193 ff   
Innerbetrieblicher Transport 39, 189   
Input 66, 83, 101, 118, 138, 140, 146   
Input-Output-Modelle 101, 131   
Inputvorrichtung 83   
Instrumentales Rechnungswesen 45   
Intangibles 113, 174   
Integrierte Datenverarbeitung 82, 94, 95, 99   
Interdependenz 139   
Interessenkonflikte 73, 132   
Interweaving 127   
Intuition 20, 35, 162, 168, 171 ff   
Intuitivstrategie 174   
Inventory Problems 182   
Investitionspolitik 71, 176, 190, 197   
Irrationalität 78, 132, 138, 159, 167, 168, 172 ff   
Istkosten 141   
Iteration 58, 60, 137   
Kabbalistik 218   
Kalkulation, siehe Kostenrechnung   
Kalkülsprache 55, 56, 97, 116, 124, 147, 148, 201, 205 ff, 215   
Kanal 92 ff   
Kantine 73   
Kapazitätsdisposition 195   
Kapital höherer Ordnung 113, siehe auch Organisierende Leistungen   
Kardinalzahl 108, 109   
Katallaktik 116   
Kaufgewohnheiten 204   
Kaufhaus, siehe Warenhaus   
Kausalität 137, 156   
Kausalzusammenhänge 20, 29, 31, 38, 39, 43, 99, 107, 109, 114, 119 ff, 137, 138, 145 ff, 154, 156, 185, 186, 205, siehe auch Quasiursächliche Beziehungen   
Keimzelle, technische 144   
Kennzahlenrechnung 13, 47, 48, 104, 123   
Kinematik 50   
Kleinbetrieb 122, 169, 195 ff, 210   
Kleinserien 122   
Koalition 74   
Kombination 35, 127, 173, 207   
Kommunikationssystem 91 ff, siehe auch System   
Kommunikationstheorie, siehe Informationstheorie   
Konjunktur 169   
Konjunkturschwankungen 54   
Konkavität der Zielfunktion 63, 64   
Konkurrenz 129, 131, 132, 136, 194, 199, 201, 203   
Konkurrenzprobleme 182   
Konnektor 89   
Konsumannäherung 147, 184, 191   
Konsument 129, 132, 149   
Konto 94, 158, 169   
Konventionelles Rechnungswesen 13, 21, 42 ff, 50, 123   
Konvexität der Zielfunktion 63, 64   
Kooperation 132   
Kooperative Spiele 74   
Korrelation 47, 136, 199   
Kosten 123, 129 ff, 168, 185   
Kostengerüst 119, 186   
Kostenminimum 200   
Kostenrechnung 13, 44 ff, 68, 81, 90, 106, 107, 140, 141, 158, 171, 175   
Kostenstellenumlage 68   
Kostentheorie 34, 55, 118, 130, 161, 211   
Kreditwesen 166, 182 ff   
Kreuzungsstauungen 72, 189   
Krise 115, 170, 200, 201, 211   
- der Betriebswirtschaftslehre 153   
Kritisches Rechnungswesen 46   
Kulturwissenschaften 210   
Kunden 133, 192 ff, 199, 201 ff   
Kunstlehre, betriebswirtschaftliche 35, 36, 110, 171 ff   
Kybernetik 84, 94, 138 ff, 147, 152, 201, 202, 216   
Lagerhaltung 7, 99, 113, 132, 143, 159, 165, 166, 171, 182 ff, 190, 204, 205, 209   
Lagerhaltungsprobleme 182   
Leerformen, logische 158   
Lehrlingswesen 169   
Leistung 14, 33, 37, 42, 107, 110, 127, 136 ff, 145ff, 155, 162, 182 ff   
-, Ausführungs- 37, 183   
-, betriebliche 186, 194   
-, Führungs- 37, 46, 183, 185, siehe auch Organisierende Leistungen   
Leistungsanalyse 21, 43, 106, 107   
Leistungsbau der Wirtschaft 108, 112, 119, 136, 182   
Leistungsbereiche 31, 37, 39, 113, 114, 117, 119, 122, 142, 143, 145 ff, 155, 158, 164, 166, 171, 177, 180, 182ff, 210   
-, fertigungsnahe 119, 177, 180, 186 ff   
LeistungsgröBen 33, 38, 42, 43, 46, 107, 110, 116, 124, 129   
Leistungslehre 42, 44, 116, 129, 182 ff   
Leistungsverwertung 195   
Leistungsvorrang 46, 112, 125, 130, 143, 148, 166, 182 ff, 191, 193, 200, 210   
Leitbilder 167 ff, 171 ff   
Leitmaximen 35, 74, 133, 167 ff, 199, 210   
Leitsätze 34, 167 ff   
Leitzahlen 167 ff   
Lieferanten 189, 194, 199, 201   
Limitationale Produktionsfunktion 118   
Lineare Funktion 55, 130   
Lineare Modelle 103   
Lineares Programmieren 12, 23, 47, 49, 50, 54ff, 78, 81, 101, 118, 119, 128, 131, 137, 146, 174, 181, 182, 190, 195, 197, 202, 205, 216   
Linearisierung 64   
Linearität 55, 62, 103, 121, 130, 131, 181, 185, 203 ",246,"[511, 204, 881, 905]",1883,2.0164158596308052e+18,
2016415859630805188,W109684747,text,,247,"[126, 130, 490, 390]",1886,2.0164158596308052e+18,
2016415859630805189,W109684747,text,,247,"[126, 409, 486, 904]",1887,2.0164158596308052e+18,
2016415859630805190,W109684747,text,,247,"[509, 128, 856, 224]",1888,2.0164158596308052e+18,
2016415859630805191,W109684747,text,,247,"[507, 244, 864, 468]",1889,2.0164158596308052e+18,
2016415859630805192,W109684747,text,,247,"[507, 490, 875, 904]",1890,2.0164158596308052e+18,
2016415859630805195,W109684747,text,,248,"[124, 128, 451, 238]",1893,2.0164158596308052e+18,
2016415859630805196,W109684747,text,,248,"[124, 205, 488, 904]",1894,2.0164158596308052e+18,
2016415859630805197,W109684747,text,,248,"[509, 130, 869, 347]",1895,2.0164158596308052e+18,
2016415859630805198,W109684747,text,,248,"[507, 356, 879, 911]",1896,2.0164158596308052e+18,
2016415859630805201,W109684747,text,"Liquidität 71, 111, 133, 167, 170   
Lochkarten, Lochstreifen 82, 83, 94, 196   
Logik 83, 127, 155, 157, 160   
-, ontologische 88, 158   
Logistik 49, 50, 84 ff, 138, 139, 153, 158, 216   
Lohn 45, 111, 130   
LosgröBe, optimale 54, 188, 205 ",249,"[126, 128, 480, 224]",1899,2.0164158596308052e+18,
2016415859630805202,W109684747,text,"Magnetbänder 83, 94   
Mail Order House 204   
Makrophysik 121   
Management 164, 165, 172 ff, 193, 210, siehe auch Unternehmungsführung   
-, Middle 164, 165, 198   
Managementlehre 35, 36, 149, 161, 207   
Managerial Economics 207   
Managerwirtschaft 210   
Marginalanalyse 55, 118   
Marketing 143, 166, 183   
Markt 39, 129, 132, 140, 147, 151, 190, 201   
Marktforschung 33, 47, 54, 122, 137, 171, 183, 191, 192   
Marktorientierung 190, 202   
Marktreife 184   
Marktverkaufsleistung 120, 191, 192   
Marktwirtschaft 194, 198 ff   
Marktwitterung 171   
Maschinenanordnung 39, 71   
Maschinenauslastungsplan 186   
MaBe, schwache und starke 109   
Massenfabrikation 122, 153, 204   
MaterialfluB 39, 189   
Mathematik 21, 32, 34, 42, 43, 48ff, 53, 109, 114, 152, 156 ff, 180, 213 ff, 219   
-, euklidische 144   
-, faustische 144   
Mathematische Beziehungen 20, 29, 31, 38, 39, 43, 99, 107, 109, 114, 119ff, 137, 138, 145 ff, 154, 156, 185, 186, 205   
Mathematische Erwartung 109, 177   
Mathematische Funktionen 14, 20, 51, 55, 96, 98, 103, 109, 114, 116 ff, 125, 129, 147, 148, 158, 185   
Mathematische Logik 49, 50, 84 ff, 138, 139, 153, 158, 216   
Matrix 59 ff, 66 ff, 76f, 103, 104, 125, 158, 163, 176 ff, 216   
-, Entscheidungs- 163, 176 ff   
Maximen 35, 74, 133, 167 ff, 199, 210   
Maximierung, siehe Extremwert   
Maximinkriterium 179   
Mechanik 108, 121, 139, 141, 146 ff, 156, 208   
Mechaniker, Wirtschafts- 174, 208   
Mehrmaschinenbedienung 188   
Mehrstufenfertigung 188   
MengenfluB 66 ",249,"[124, 211, 486, 911]",1900,2.0164158596308052e+18,
2016415859630805203,W109684747,text,"Mengengerüst 119, 120, 186   
Messung 29, 30, 110, 114 ff, 124, 129, 130,   
149, 167, 209   
Methode 40, 43, 205, 206, 209, siehe auch   
Verfahrenstechniken   
- der kleinsten Quadrate 47, 54   
-, naturwissenschaftliche 29 ff, 40, 43, 102,   
120, 135, 136, 138, 149, 152 ff, 168, 185, 207,   
209, 211   
Methodenimperialismus 207   
Methodenmonismus 153   
Methodenstreit 152 ff, 219   
Metrien 200, 216   
Middle Management 164, 165, 198   
Mikroökonomie 39, 207   
Mikrophysik 121   
Militärischer Einsatz der Operationsfor  
schung 11, 19, 23ff, 43, 50, 51   
Minimalquotient 58   
Minimaxkriterium 179   
Minimierung, siehe Extremwert   
Minimumsektoren 134   
Mischungsproblem 55, 85, 86, 188   
Mittelbetrieb 122, 180, 195 ff, 210   
Mitteleinsatz 34, 147, 149, 157, 162   
Modell 56, 66, 71, 81, 93, 96 ff, 109, 111, 113,   
124 ff, 129 ff, 144, 146, 151, 154, 157, 165,   
175, 176, 194, 197, 206   
-, Analog- 103   
-, Anpassungs- 103   
-, Beschreibungs- 37   
-, deterministisches 99   
-, dynamisches 99   
-, elektrotechnisches 102   
-, endogenes 103   
-, Entscheidungs- 37, 98, 102, 135   
-, Erklärungs- 38, 98   
-, exaktes 99   
-, exogenes 103   
-, hydrokinetisches 101   
-, Ideal- 104   
-, ikonisches 102   
-, Input-Output- 101, 131   
-, lineares 103   
-, nichtlineares 103   
-, Optimierungs- 103   
-, physikalisch-mechanisches 101, 102, 135   
-, Planungs- 98   
-, politisches 98   
-, Produktions- 38   
-, Real- 104   
-, spieltheoretisches 97, 102, 132   
-, statisches 99, 101   
-, stochastisches 99, 185   
-, symbolisches 103   
-, Tabellen- 104   
Modell, verbales 96, 101, 103   
-, Verlaufs- 99   
-, Wahrscheinlichkeits- 99   
-, Zustands- 99   
Modellkonstruktion 21, 43, 97, 101, 106,   
124 ff, 130, 173, 185, 215   
Modewaren 203   
Monogrammquelle 93   
Monokausalität 137   
Monoproduktion 118   
Monte-Carlo-Verfahren 49 ff, 72   
Morphologie 116   
Motivationsproze 161   
Multimomentverfahren 54   
Multiplexmethode 58, 216   
Mutatis mutandis 137 ",249,"[505, 123, 877, 907]",1901,2.0164158596308052e+18,
2016415859630805206,W109684747,text,,250,"[124, 130, 453, 347]",1904,2.0164158596308052e+18,
2016415859630805207,W109684747,text,"Nachfrage 38, 123, 129, 130, 191   
Nachfragebeziehungen 203   
Nachrichten 20, 27, 70, 82, 83, 90 ff, 109, 116 124, 126, 139ff, 165, 176, 177, 204, 216f   
Nachrichtenkanal 92 ff   
Nachrichtenquelle 92 ff   
Nachrichtentechnik 91, 99, 114   
Näherungslösung 116, 119, 120, 125, 126, 130, 132, 148, 181, 185, 191, 200   
Nationalökonomie 39, 152, 194   
Natürlich-technische Beziehungen 123   
Naturwissenschaften 148, 154 ff, 207, 209, 210   
Naturwissenschaftliche Methode 29 ff, 40, 43, 102, 120, 135, 136, 138, 149, 152 ff, 168, 185, 207, 209, 211   
Neopositivismus 156   
Nervensystem 139   
Nichtlineare Modelle 103   
Nichtlineares Programmieren 62 ff, 131   
Nichtlinearität 203   
Nichtnullsummenspiele 74, 194   
Nordwestmethode 59   
Normalverteilung 52, 125, 186   
Normen 36, 168   
Nullsummenspiele 74, 78, 194   
Numerik 46, 53   
Numerische Theorie 110   
Nutzungsgrad 108 ",250,"[126, 364, 484, 764]",1905,2.0164158596308052e+18,
2016415859630805208,W109684747,text,"Oberflächenerscheinung 42, 106, 107   
Objektbezogene Arbeitsleistungen 198   
Objekt-Subjekt-Beziehungen 201   
Okonometrie 38 ff, 42, 49, 101, 115, 123, 125,   
130, 131, 136, 207, 213   
Okonomie 201   
-, politische 34   
Ökonomischer Horizont 90   
Ökonomisch-technische Betriebsführung 40 ",250,"[133, 782, 490, 905]",1906,2.0164158596308052e+18,
2016415859630805209,W109684747,text,"Ontologische Logik 88, 158   
Operation 16, 19, 21, 26, 33, 42, 82, 83, 91, 97, 117, 141, 146, 163   
Operational Gaming 137   
Operations Analysis or Evaluation 23   
Operations Engineering 208   
Operations Research, militärische 11, 19, 23 ff, 43, 50, 51   
Operations-Research-Abteilung 196, 217, 218   
Optimale BetriebsgröBe 133, 170   
Optimale Losgröse 54, 188, 205   
Optimierung 32, 34, 37, 50, 54, 55, 70, 78, 103, 126 ff, 137, 162, 174, 205   
-, isolierte 127   
-, sequentiale 126   
-, simultane 126   
Optimierungsmodell 103   
Optimum, Sub- und Total- 127, 133, 170, 197   
Ordinalzahl 108, 109, 113   
Organisationslehre 161   
Organische Betrachtungsweise 156   
Organisierende Leistungen 37, 46, 113, 11€ 119, 166, 182 ff, 198   
Oszillative Schwankungen 111   
Output 66, 83, 101, 138   
Partialoptima 127   
Patriarchalische Betriebsführung 143, 174   
Periphere Substitution 111   
Personal 71, 111, 133, 141, 142, 184, 189, 199 ff   
Personalausbildung 200 ff   
Pessimismus-Optimismus-Kriterium 179   
Phantasie 212   
Philosophie, wissenschaftliche 156   
Physik 149, 156 ff   
Physikalisch-mechanische Modelle 101, 102, 135   
Pilot, automatischer 141   
Plangleichung 88   
Plankostenrechnung 44, 47   
Planspiele 137   
Planung 18, 21, 35, 90, 134, 175 ff   
-, Produktions- 39, 62, 68, 71, 82, 186   
Planungsforschung 17 ff   
Planungsmodell 98   
Planungsrechner 215, 216   
Planungsrechnung, strategische 21, 32, 42, 45 ff, 82, 92, 94, 95, 116, 134, 140, 175 ff, 181, 196, 206, 211, 215   
Planwirtschaft 201   
Platzbuchungssystem 81, 189   
Poissonsche Verteilung 71, 125, 186   
Politische Modelle 98 ",250,"[509, 130, 866, 502]",1907,2.0164158596308052e+18,
2016415859630805210,W109684747,text,,250,"[511, 522, 879, 905]",1908,2.0164158596308052e+18,
2016415859630805213,W109684747,text,"Politische Okonomie 34 Politische Wissenschaften 36 Präferenzen 109 Pragmatismus 33, 35, 207 Praktische Wissenschaften 36 Preis 38, 91, 106, 107, 123, 129 ff, 168 Privatwirtschaftslehre 150 Probability Budget 134 Problemumfang 196 Produktgestaltung 39 Produktion 39, 52, 84, 99, 113, 119, 141 ff, 147, 149, 153, 158, 159, 165, 166, 183 ff, 197, 203, 209, 210, 219 Produktionsfaktoren 14, 115, 123, 131, 139, 142, 146, 147, 200 Produktionsfunktion 14, 55, 111, 117 ff, 128, 146, 197 -, limitationale 118 Produktionsmodell 38 Produktionsplanung 39, 62, 68, 71, 82, 186 Produktionsprogramm 166, 175, 187, 188 Produktionssteuerung 195 Produktionstheorie 34, 55, 117, 119, 155 Programm 82, 83, 88ff, 144 Programmbibliothek 88 Programmforschung 18 Programmieren 81, 88 ff, 123, 164, 165, 198, 213, 216 -, dynamisches 50, 61, 62 —, lineares 12, 23, 47, 49, 50, 54ff, 78, 81, 101, 118, 119, 128, 131, 137, 146, 174, 181, 182, 190, 195, 197, 202, 205, 216 -, nichtlineares 62ff, 131 Proze 14, 20, 38, 39, 70, 80, 107, 123, 138 ff, 145ff, 154, 175, 195, 198, 201, 208 ProzeBsubstitution 118 Psychologie 115, 152, 157, 162 Public Relations 142 ",251,"[122, 131, 486, 667]",1911,2.0164158596308052e+18,
2016415859630805214,W109684747,text,"Quadrate, Methode der kleinsten 47, 54   
Qualität 23, 24, 42, 43, 73, 106 ff, 145 ff, 173, 175   
Qualitätskontrolle, statistische 33, 39, 54, 114, 115, 188, 190   
Quantifizierung 148 ff, 185, 186, siehe auch Organisierende Leistungen   
Quantität 29, 33, 42, 43, 82, 106 ff, 158, 159, 163, 170, 172 ff, 185, 186, 193, 200, 206, 207, 214   
Quantitative Entscheidungsunterlagen, siehe Entscheidungsunterlagen   
Quantitative Theorie 110, 145   
Quasi-Servosystem 142, 143   
Quasi-ursächliche Beziehungen 119, 184 ",251,"[118, 688, 482, 901]",1912,2.0164158596308052e+18,
2016415859630805215,W109684747,text,"Radarproblem 24, 141   
Random 51, 52, 82, 91, 122   
Rangordnung 46, 112, 125, 130, 143, 148, 166   
182 ff, 191, 193, 200, 210   
Rangrelation 109   
Reaktionsbeziehungen 123, 203   
Realkosten 119   
Realmodell 104   
Realwissenschaften 36   
Rechengerät 59, 68, 81ff, 94, 95, 103, 123   
135, 140, 144, 146, 164, 174, 195, 196, 208   
Rechentechniken, siehe Verfahrenstech  
niken   
Rechenzentrum 196   
Rechnungswesen, administratives 46, 47,   
104   
-, betriebliches 12, 33, 36, 38, 177   
-, dokumentäres 45 ff, 135   
-, instrumentales 45   
-, konventionelles 13, 21, 42 ff, 50, 123   
-, kritisches 46   
-, strategisches 13, 32, 42 ff, 104   
Reflektierendes System 141   
RegelgröBen 46, 140   
Regelung 82, 139 ff, 207, siehe auch   
Steuerung   
Regelungskreis 140   
Regelungsnachrichten 90, 174   
Regelungsprozesse 139 ff, 154, 158, 201   
Regelungstechnik 139, 142   
Regelungstheorie 27, 113, 139 ff.   
Regler 174   
Regressionsgleichung 117, 136, 151   
Rentabilität 74, 105, 106, 132, 169   
Reparaturarbeiten 182, 186, 188, 199   
Repetition 166, 197, 198   
Replacement Problems 182, 186, 188, 199   
Restaurant 71, 73   
Richtsektor 134   
Ringgenius 142, 174, 217   
Risiko 21, 150 ff, 162, 177, 211, 212   
Robinson 73   
Rückkopplung 83, 140 ff, 147   
Sachlogik 85 ff   
Sandkastenspiele 137   
Sattelpunkt 78   
Schaltkreise 140   
Schaltungen 158   
Scheckabrechnung 81   
Schlüsselbegriffe 168 ff   
Scoop 23   
Seeleningenieur 142   
Selbstbedienungsgeschäft 71, 192   
Selbststeuerung 83   
Selbstversorgung 170 ",251,"[505, 128, 869, 720]",1913,2.0164158596308052e+18,
2016415859630805216,W109684747,text,,251,"[503, 739, 785, 904]",1914,2.0164158596308052e+18,
2016415859630805219,W109684747,text,"Demanuik 91   
Sequentialoptimierung 126   
Sequentialtestverfahren 54   
Serienfabrikation 204   
Service 73   
Servomechanismus 141 ff, 147, 202   
Servosystem, Quasi- 142, 143   
Sicherheit 177   
Sicherheitslagerbestände 189   
Signifikanztest 54   
Simplexmethode 50, 57, 58, 216   
Simultation 102, 135   
Simultanoptimierung 126   
Simultanprobleme 98   
Sinngesetze 117, 119, 148, 154, 168, 184, 185   
Soziale Krise 115, 200   
Sozialelemente 141   
Sozialwissenschaften 155   
Soziologie 115, 142, 152, 199 ff, 201   
Soziometrie 200   
Speicherung 83, 88, 91, 94   
Spieler, fiktiver 74, 194   
Spieltheorie 49, 50, 73 ff, 78, 96, 102, 132, 137, 150, 158, 176, 182, 194, 216   
Spieltheoretische Modelle 97, 102, 132   
Stabsfunktion 217, 218   
Standardabweichung 52, 134   
Standardkosten 141   
Standort 170, 190, 191   
Statistik 32, 38, 43, 47 ff, 81, 90, 92, 100, 101, 110, 112, 122, 129, 214, 216, 219   
Statistische Qualitätskontrolle 33, 39, 54, 114, 115, 188, 190   
Statistische Schatten 107   
Stauungstheorie 49, 50, 70 ff, 182, 188 ff, 202   
Stellbefehle 174   
StellgröBen 140   
Steuerung 82, 139 ff, 207, siehe auch Regelung   
Stichprobe 51, 52, 82, 91, 122   
Stochastische Modelle 99, 185   
Stochastische Zusammenhänge 21, 49 ff, 62, 72, 80, 117, 120ff, 134, 151, 172, 177, 178, 181, 191, 199, 204, 212, 216   
StörgröBen 140, 141, 174   
Störungen, System- 93, 140, 165   
Strategie 73f, 105, 109, 116, 122, 141, 172   
Strategische Planungsrechnung 21, 32, 42, 45 ff, 82, 92, 94, 95, 116, 134, 140, 175 ff, 181, 196, 206, 211, 215   
Strategische Spiele 73 ff   
Strategisches Rechnungswesen 13, 32, 42 ff, 104   
Streuung 51, 134   
Strukturmatrix 125 ",252,"[126, 134, 490, 907]",1917,2.0164158596308052e+18,
2016415859630805220,W109684747,text,"Subjekt-Objekt-Beziehungen 201   
Suboptima 133, 170   
Substanzwissenschaft 27, 30, 130, 157, 206   
Substitution 108, 111, 118, 131   
Suchtheorie 50, 51   
Super Market 204   
Symbolische Logik 49, 50, 84 ff, 138, 139,   
153, 158, 216   
Symbolische Modelle 103   
System 33, 35, 42, 91 ff, 100, 127, 138 ff, 145,   
147, 149, 150, 197   
-, autonomes 141   
-, geschlossenes 140   
-, offenes 140   
-, reflektierendes 141   
-, zielgerichtetes 140   
Systemforschung 46, 139 ff   
Systemsimulierung 135 ",252,"[509, 128, 866, 379]",1918,2.0164158596308052e+18,
2016415859630805221,W109684747,text,"Tabellenmodell 104   
Tabellentechnik 46, 51, 52, 60, 66, 86, 87, 94, 103   
Tableau Economique 205   
Taktische Analyse 50   
Teamarbeit 13, 23, 27, 120, 142, 174, 199, 200, 216, 217   
Technik 39, 40, 68, 109, 116, 119, 122, 123, 138, 142, 146ff, 151, 153, 154, 157, 177, 185ff, 198, 207, 209, 219   
Technische Keimzelle 144   
Teilprozesse 127, 185, 196 ff   
Teleologie 147 ff, 153, 156   
Theoretische Wissenschaften 36, 37   
Theorie der Spiele 49, 50, 73 ff, 78, 96, 102, 132, 137, 150, 158, 176, 182, 194, 216   
Theorie der Warteschlangen 49, 50, 70 ff, 182, 188 ff, 202   
Thermostat 140   
Totaloptimum 127, 133, 197   
Transformationsfunktion 146   
Transport, innerbetrieblicher 39, 189   
Transportleistung 113, 132, 143, 159, 166, 169, 171, 180, 182 ff, 205, 209   
Transportproblem 55 ff   
Travelling Salesman Problem 55, 190, 192   
Trendartige Verschiebungen 111   
Trendberechnungen 47, 54, 134   
Typenbeschränkung 188 ",252,"[511, 403, 877, 810]",1919,2.0164158596308052e+18,
2016415859630805222,W109684747,text,"U-Boot-Suchproblem 24   
Umgliederung 99, 111, 136, 154, 168   
Umsatz 134   
Umwelteinflüsse 174   
UngewiBheit 168, 172, 174, 177, 178, 193, 218 ",252,"[515, 835, 881, 904]",1920,2.0164158596308052e+18,
2016415859630805225,W109684747,text,"Unterlagen, quantitative Entscheidungs-20, 21, 23, 53, 82, 90, 94, 98, 104, 134, 161 ff, 181, 191, 196, 206, 217   
Unternehmensforschung 17   
Unternehmer 20ff, 132, 168, 171   
Unternehmerische Entscheidungen 18 ff, 32 ff, 44, 75ff, 83, 84, 94, 109, 116, 120, 122, 124, 147, 155, 161ff, 164 ff, 173, 175, 181, 190, 210, 218   
Unternehmerunternehmung 210   
Unternehmungsführung 20, 35 ff, 40, 41, 44, 48, 53, 73, 81, 90, 98, 104, 108, 134, 135, 140, 149, 152, 162 ff, 172 ff, 181, 193, 194, 198, 205, 208 ff, 217   
-, patriarchalische 143, 174   
-, wissenschaftliche, siehe Betriebswirtschaftspolitik, Führungswissenschaft   
Unternehmungspolitik, siehe Betriebswirtschaftspolitik, Entscheidungstheorie   
Ursache 20, 29, 31, 38, 39, 43, 99, 107, 109, 114, 119ff, 137, 138, 145 ff, 154, 156, 185, 186, 205, siehe auch Quasi-ursächliche Beziehungen   
Variable 62ff, 73, 96ff, 107, 110, 111, 117, 123 ff, 147, 162, 175, 185, 193, 194   
Verbale Modelle 96, 101, 103   
Verbesserungsvorschläge 199   
Verbraucher 129, 132, 149   
Verbrauchsfunktion 131, 136   
Verfahrensforschung 17 ff, 37, 127, 187, 204, 215   
Verfahrensplanung 18   
Verfahrenstechniken 12, 20, 21, 31 ff, 43, 47, 49 ff, 90, 96, 120, 122, 124, 131, 143, 150, 195, 198, 206, 209 ff, 215   
Verfahrenstheorie 14 ff, 21, 28 ff, 40, 41   
Verifizierung 126, 173   
Verkauf 120, 143, 144, 151, 165, 166, 169, 172, 182 ff, 202 ff   
Verkaufserwartung 133   
Verkaufsplanung 79 ff, 134, 175, 203   
Verkehrslehre 193 ff   
Verkehrsproblem 55 ff, siehe auch Transport   
Verlaufsmodell 99   
Verlustquellenforschung 156   
Verpackung 191, 192   
Verrechnungslehre 214   
Verrichtung, siehe Leistung   
Verrichtungsträger 199 ff   
Versand 191, 192, 204   
Versandgeschäft 80, 81, 204   
Verstehen 152, 154, 172   
Verstetigung 170   
Verteilung, Normal- 52, 125, 186   
Verteilung, Poissonsche 71, 125, 186   
-, Wahrscheinlichkeits- 134, 199   
Verteilungsgesetze 122, 134, 186, 190   
Vertreterproblem 55, 190, 192   
Vertrieb 120, 143, 144, 151, 165, 166, 169, 172, 182 ff, 202 ff   
Volkswirtschaft 39, 152, 194   
Vollbeschäftigung 170   
Vollzugsforschung 19   
Voraussage 21, 38, 44, 78 ff, 91, 134, 135, 177, 206   
Vorrang 46, 112, 125, 130, 143, 148, 166, 182 ff, 191, 193, 200, 210   
Vorreife 184   
Wachstum 134, 170, 212   
Wahrscheinliches Wissen 177   
Wahrscheinlichkeitsmodell 99   
Wahrscheinlichkeitsplanung 134   
Wahrscheinlichkeitstheorie 21, 49 ff, 62, 72, 80, 117, 120 ff, 134, 151, 172, 177, 178, 181, 191, 199, 204, 212, 216   
Wahrscheinlichkeitsverteilung 134, 199   
Walzprogramm 188   
Warenhaus 71, 73, 75, 80, 192, 202, 204   
Wärmetheorie 158   
Warteschlangentheorie 49, 50, 70 ff, 182, 188 ff, 202   
Wartungsprobleme 182, 186, 188, 199   
Weisungsbefugnis, Gesetz der abnehmenden 164   
Werbeerfolgskontrolle 192, 204   
Werbung 101, 129, 143, 157, 183, 192, 193   
Werkreife 184   
Werkstattfertigung 188   
Werteinsatz 150, 170   
Wertverzehr 150   
Wettbewerb 129, 131, 132, 136, 194, 199, 201, 203   
Wiederholbarkeit 166, 197, 198   
Willensfreiheit 147, 149, 177, 199 ff   
Windkanal 135   
Wirtschaftlichkeit 110, 115, 195, 197   
Wirtschaftsausbau 167, 170   
Wirtschaftsgeschichte 135   
Wirtschaftsgesetze 168, 170   
Wirtschaftshochschulen 181, 213 ff, 219   
Wirtschaftsingenieur 209, 215   
Wirtschaftsmechaniker 174, 208   
Wirtschaftsphysik 156   
Wirtschaftspolitik, siehe Betriebswirtschaftspolitik   
Wirtschaftssystem 198 ff   
Wissen, wahrscheinliches 177   
Wissenschaft, angewandte 34 ff   
Wissenschaft, exakte 208   
-, formale 27, 130, 139, 199, 206, 207, 217 ff   
-, Geistes- 119, 136, 148, 152, 154 ff   
-, Handels- 150   
-, Kultur- 210   
-, Natur- 148, 154 ff, 207, 209, 210   
-, politische 36   
-, praktische 36   
-, Real- 36   
-, Sozial- 155   
-, Substanz- 27, 30, 130, 157, 206   
-, technische 209   
Wissenschaftliche Betriebsführung 12, 40, 152, siehe auch Betriebswirtschaftspolitik, Unternehmungsführung   
Wissenschaftliche Philosophie 156   
Wissenschaftscharakter der Operationsforschung 26ff, 32, 35, 135, 152   
Wissenschaftsgläubigkeit 211   
Zahl 21, 39, 42, 43, 106 ff, 109, 110, 112, 116, 124, 168   
-, Kardinal- 108, 109   
-, Ordinal- 108, 109, 113   
Zahlenlogik, siehe Logistik   
Zeitreihen 54, 134   
Zeitstudien 49   
Zeitverhältnisverfahren 54, 78 ff, 134   
Ziel 35, 36, 138, 147ff, 153, 157, 162, 163, 182, 193, 201, 204, siehe auch Bedürfnisse   
Zielfunktion 63 ff   
Zielwichtigkeit 163   
Ziffernrechner 82 ff, 92   
Zollabfertigung 70, 71, 189   
Zuckerfabrik 189   
Zufall 71, 74, 193   
Zufallstichprobe 51, 52, 82, 91, 122   
Zukunft, siehe Voraussage   
Zuordnung 182   
Zustandsmodelle 99   
Zuteilungswirtschaft 202   
Zweckbeziehungen 117 ff   
Zweckerfüllungsgrad 163, 178   
Zweipersonenspiele 74, 78, 194   
Zwischenmenschliche Beziehungen 199 ff, siehe auch Soziologie ",253,"[128, 130, 490, 444]",1923,2.0164158596308052e+18,
2016415859630805226,W109684747,text,,253,"[126, 464, 486, 904]",1924,2.0164158596308052e+18,
2016415859630805227,W109684747,text,,253,"[511, 130, 873, 321]",1925,2.0164158596308052e+18,
2016415859630805228,W109684747,text,,253,"[507, 332, 873, 903]",1926,2.0164158596308052e+18,
2016415859630805231,W109684747,text,,254,"[124, 130, 486, 389]",1929,2.0164158596308052e+18,
2016415859630805232,W109684747,text,,254,"[126, 403, 482, 460]",1930,2.0164158596308052e+18,
2016415859630805233,W109684747,text,,254,"[507, 127, 873, 458]",1931,2.0164158596308052e+18,
