paper_id,claim,cause,effect,type_of_relationship,sign_of_impact,is_main_contribution,statistical_significance,causal_inference_method,sources_of_exogenous_variation,level_of_tentativeness,evidence_method_other_description,evidence
W117026973,Dually-weighted cross decomposition -> Finite convergence,Dually-weighted cross decomposition,Finite convergence,direct effect,positive,True,NA,Theoretical/Non-Empirical,NA,certain,NA,"A modified version of this algorithm, called dually-weighted cross decomposition, is presented. [...] Finite convergence of this approach is proven and first promising results are discussed."
W117026973,Specially weighted average of previously constructed multipliers -> Lagrangean multipliers for dual subproblems,Specially weighted average of previously constructed multipliers,Lagrangean multipliers for dual subproblems,direct effect,positive,True,NA,Theoretical/Non-Empirical,NA,certain,NA,"In contrast to the cross decomposition algorithm, this approach does not use the optimal dual solutions of the primal subproblems or the optimal solutions of the dual master problem as Lagrangean multipliers for the dual subproblems. A specially weighted average of the previously constructed multipliers is used instead."
W117026973,Convergence tests -> Prevention of cycling,Convergence tests,Prevention of cycling,direct effect,positive,False,NA,Theoretical/Non-Empirical,NA,certain,NA,"The cross decomposition algorithm solves the (CFLP) in a finite number of steps, since the convergence tests prevent the algorithm from cycling and therefore, after finitely many steps, the method amounts to Benders' decomposition, which is known to be finite (see e.g. [van Roy 1983] and [Holmberg 1990], respectively)."
W105026222,Variance weighting factor -> Emission control cost variance,Variance weighting factor,Emission control cost variance,direct effect,negative,True,NA,Simulation,NA,certain,NA,"To make the model more useful for decision makers we solve the model with different weighting factors for the variance. It enables us to control the value of variance at the solution found; in other words, uncertainty or risk."
W105026222,Quadratic matrix structure -> Computational complexity of direction solving,Quadratic matrix structure,Computational complexity of direction solving,direct effect,negative,True,NA,Theoretical/Non-Empirical,NA,certain,NA,"For a linear case Q = 0 and other matrices in (8) are diagonal, and computing Θ is very simple. In many practical problems the matrix Q is either diagonal or we can reformulate the problem (1) to obtain a diagonal quadratic matrix, cf. Vanderbei and Carpenter (1993). Therefore computing Θ for separable QP is as easy as for a LP."
W105026222,Emission reductions -> Grid-specific SO2 deposition,Emission reductions,Grid-specific SO2 deposition,direct effect,positive,False,NA,Theoretical/Non-Empirical,NA,certain,NA,"x denotes emissions to be reduced, b is a vector of maximal grid depositions, and depositions y are linear function of emissions (y = Tx)."
W105026222,Interior point method -> Quadratic programming solution efficiency,Interior point method,Quadratic programming solution efficiency,direct effect,positive,True,NA,Theoretical/Non-Empirical,NA,certain,NA,It is now widely accepted that the primal-dual logarithmic barrier method is the most efficient IPM. [...] The derivation of the higher order primal-dual method for QP is analogous to the derivation for the linear case presented in Mehrotra (1991) and implemented by Altman and Gondzio (1992).
W10589759,LP-based lower bound generation -> Computation time,LP-based lower bound generation,Computation time,direct effect,negative,True,NA,Simulation,NA,certain,NA,To decrease the computation time we have developed a method for constructing new lower bounds with the help of LP (!). The results show that computation time is superior to comparable approaches though our model is able to describe a larger set of problems. [...] The efficiency of solving the 0/1 LP is extremely dependent on good bounds. In our approach we generate lower bounds via LP. In all applications so far we did not have problems with computing times. [...] The problem is solved as LP (!). Therefore computing times are no problem. [...] So we have generated lower bounds for every FU-type and therefore reduced the solution space drastically.
W10589759,Multifunctional function unit modeling -> Problem description scope,Multifunctional function unit modeling,Problem description scope,direct effect,positive,True,NA,Theoretical/Non-Empirical,NA,certain,NA,For the first time we have extended the model to different execution times and multifunctional function units. [...] The results show that computation time is superior to comparable approaches though our model is able to describe a larger set of problems. [...] We have extended the 0/1 formulation of Hwang (1991) and Lee (1989) combined with ideas from Gebotys (1991) to enlarge the set of scheduling problems that can be described in our model.
W10589759,Powerset constraint formulation -> Constraint correctness for multifunctional units,Powerset constraint formulation,Constraint correctness for multifunctional units,direct effect,positive,True,NA,Theoretical/Non-Empirical,NA,certain,NA,"If there are multifunctional function units with empty intersection of operation types, then the model is also able to describe the problem. These type of function units are only a problem, if the intersection of the sets of executable operations of two function units is not empty and operation sets of the units are not equal. [...] It is easy to see that all the constraints are too strong. Instead, we have to construct the powerset Π of the not disjunctive operation types (of course the empty set can be omitted) and to introduce new constraints. [...] A proof that constraint (2) is necessary and sufficient can be found in Achatz (1993a)."
W10589759,Different execution time variable introduction -> Scheduling model flexibility,Different execution time variable introduction,Scheduling model flexibility,direct effect,positive,True,NA,Theoretical/Non-Empirical,NA,certain,NA,"If there are function units with different execution times for one operation type, many problems appear. Most of the scheduling algorithms (even the heuristically ones) have the restriction that every operation type has one unique execution time. Suppose t1, t2, ..., tp are functional units with different execution times for the operation oi. We introduce new 0/1 variables si1j, si2j, ..., sipj instead of xij. If s_ik_j equals 1, then operation oi is executed on unit tk in control step j."
W10589759,Variance weighting factor -> Risk control in emission reduction,Variance weighting factor,Risk control in emission reduction,direct effect,positive,False,NA,Simulation,NA,certain,NA,"To make the model more useful for decision makers we solve the model with different weighting factors for the variance. It enables us to control the value of variance at the solution found; in other words, uncertainty or risk. [...] In such a method we minimize a weighted sum of expected value of total costs and their variance."
W10589759,Quadratic matrix separability -> Computational ease for QP,Quadratic matrix separability,Computational ease for QP,direct effect,positive,False,NA,Theoretical/Non-Empirical,NA,certain,NA,"In many practical problems the matrix Q is either diagonal or we can reformulate the problem (1) to obtain a diagonal quadratic matrix, cf. Vanderbei and Carpenter (1993). Therefore computing Θ for separable QP is as easy as for a LP. [...] The costs for each country are piecewise linear convex functions. Since variance is a quadratic function, the objective function is quadratic too. The problem is reformulated in such a way that the quadratic part of the objective is separable."
W111289653,LP-based lower bound generation -> Computation time,LP-based lower bound generation,Computation time,direct effect,negative,True,NA,Simulation,NA,certain,NA,To decrease the computation time we have developed a method for constructing new lower bounds with the help of LP (!). The results show that computation time is superior to comparable approaches though our model is able to describe a larger set of problems. [...] The efficiency of solving the 0/1 LP is extremely dependent on good bounds. In our approach we generate lower bounds via LP. In all applications so far we did not have problems with computing times. [...] The problem is solved as LP (!). Therefore computing times are no problem. [...] So we have generated lower bounds for every FU-type and therefore reduced the solution space drastically.
W111289653,Multifunctional function unit modeling -> Scheduling problem coverage,Multifunctional function unit modeling,Scheduling problem coverage,direct effect,positive,True,NA,Theoretical/Non-Empirical,NA,certain,NA,"We have extended the 0/1 formulation of Hwang (1991) and Lee (1989) combined with ideas from Gebotys (1991) to enlarge the set of scheduling problems that can be described in our model. [...] For the first time we have extended the model to different execution times and multifunctional function units. [...] They cannot correctly handle multifunctional function units with different operator combinations and they require assigning operation time to operation instances in the behavior description. [...] Instead, we have to construct the powerset Π of the not disjunctive operation types (of course the empty set can be omitted) and to introduce new constraints."
W111289653,Different execution time modeling -> Scheduling problem coverage,Different execution time modeling,Scheduling problem coverage,direct effect,positive,True,NA,Theoretical/Non-Empirical,NA,certain,NA,"For the first time we have extended the model to different execution times and multifunctional function units. [...] If there are function units with different execution times for one operation type, many problems appear. Most of the scheduling algorithms (even the heuristically ones) have the restriction that every operation type has one unique execution time. Suppose t1, t2, ..., tp are functional units with different execution times for the operation oi. We introduce new 0/1 variables si1j, si2j, ..., sipj instead of xij."
W111289653,Variance weighting factor -> Risk control in emission reduction,Variance weighting factor,Risk control in emission reduction,direct effect,positive,False,NA,Simulation,NA,certain,NA,"To make the model more useful for decision makers we solve the model with different weighting factors for the variance. It enables us to control the value of variance at the solution found; in other words, uncertainty or risk. [...] In such a method we minimize a weighted sum of expected value of total costs and their variance."
W111289653,Primal-dual logarithmic barrier method -> Quadratic programming solution efficiency,Primal-dual logarithmic barrier method,Quadratic programming solution efficiency,direct effect,positive,False,NA,Theoretical/Non-Empirical,NA,certain,NA,It is now widely accepted that the primal-dual logarithmic barrier method is the most efficient IPM. [...] The derivation of the higher order primal-dual method for QP is analogous to the derivation for the linear case presented in Mehrotra (1991) and implemented by Altman and Gondzio (1992). [...] In the Mehrotra method a higher order Taylor approximation of the optimal trajectory is computed. Knowing Taylor terms we can compute the search directions in the primal and dual spaces.
W111289653,Diagonal quadratic matrix structure -> Computational simplicity of direction finding,Diagonal quadratic matrix structure,Computational simplicity of direction finding,direct effect,positive,False,NA,Theoretical/Non-Empirical,NA,certain,NA,"For a linear case Q = 0 and other matrices in (8) are diagonal, and computing Θ is very simple. In many practical problems the matrix Q is either diagonal or we can reformulate the problem (1) to obtain a diagonal quadratic matrix, cf. Vanderbei and Carpenter (1993). Therefore computing Θ for separable QP is as easy as for a LP."
W105983977,LP-based lower bound generation -> Computation time,LP-based lower bound generation,Computation time,direct effect,negative,True,NA,Simulation,NA,certain,NA,To decrease the computation time we have developed a method for constructing new lower bounds with the help of LP (!). The results show that computation time is superior to comparable approaches though our model is able to describe a larger set of problems. [...] The efficiency of solving the 0/1 LP is extremely dependent on good bounds. In our approach we generate lower bounds via LP. In all applications so far we did not have problems with computing times. [...] The problem is solved as LP (!). Therefore computing times are no problem. [...] So we have generated lower bounds for every FU-type and therefore reduced the solution space drastically.
W105983977,Multifunctional function unit modeling -> Scheduling problem coverage,Multifunctional function unit modeling,Scheduling problem coverage,direct effect,positive,True,NA,Theoretical/Non-Empirical,NA,certain,NA,"We have extended the 0/1 formulation of Hwang (1991) and Lee (1989) combined with ideas from Gebotys (1991) to enlarge the set of scheduling problems that can be described in our model. [...] For the first time we have extended the model to different execution times and multifunctional function units. [...] However there are at least two drawbacks of these approaches, which are very important for practical applications. They cannot correctly handle multifunctional function units with different operator combinations and they require assigning operation time to operation instances in the behavior description."
W105983977,Different execution time modeling -> Scheduling problem coverage,Different execution time modeling,Scheduling problem coverage,direct effect,positive,True,NA,Theoretical/Non-Empirical,NA,certain,NA,"For the first time we have extended the model to different execution times and multifunctional function units. [...] In practice operation time is a feature of the function unit (FU) or even better of an operation performed by a module. In the second case, different operations of a module for example 'add' and 'and' may be done in different execution times. [...] If there are function units with different execution times for one operation type, many problems appear. Most of the scheduling algorithms (even the heuristically ones) have the restriction that every operation type has one unique execution time. [...] We introduce new 0/1 variables s_i1j, s_i2j...s_ipj instead of x_ij."
W105983977,Powerset constraint formulation -> Resource constraint accuracy,Powerset constraint formulation,Resource constraint accuracy,direct effect,positive,True,NA,Theoretical/Non-Empirical,NA,certain,NA,"If there are multifunctional function units with empty intersection of operation types, then the model is also able to describe the problem. These type of function units are only a problem, if the intersection of the sets of executable operations of two function units is not empty and operation sets of the units are not equal. [...] It is easy to see that all the constraints are too strong. Instead, we have to construct the powerset Π of the not disjunctive operation types (of course the empty set can be omitted) and to introduce new constraints. [...] A proof that constraint (2) is necessary and sufficient can be found in Achatz (1993a)."
W105983977,Variance weighting factor -> Risk control in emission reduction,Variance weighting factor,Risk control in emission reduction,direct effect,positive,False,NA,Simulation,NA,certain,NA,"To make the model more useful for decision makers we solve the model with different weighting factors for the variance. It enables us to control the value of variance at the solution found; in other words, uncertainty or risk. [...] In such a method we minimize a weighted sum of expected value of total costs and their variance. [...] Finally we construct the stochastic optimization problem: min E{c(x)} + αV{c(x)} s.t. Tx ≤ b, l ≤ x ≤ u, where c(x) is a random function and costs are values of this function, x denotes emissions to be reduced, b is a vector of maximal grid depositions."
W105983977,Quadratic matrix separability -> Computational efficiency in interior point method,Quadratic matrix separability,Computational efficiency in interior point method,direct effect,positive,False,NA,Theoretical/Non-Empirical,NA,certain,NA,"In many practical problems the matrix Q is either diagonal or we can reformulate the problem (1) to obtain a diagonal quadratic matrix, cf. Vanderbei and Carpenter (1993). Therefore computing Θ for separable QP is as easy as for a LP. [...] For a linear case Q = 0 and other matrices in (8) are diagonal, and computing Θ is very simple. [...] The difference between linear case and quadratic one is in the matrix Θ, for the quadratic case Θ = (Q + X^{-1}Z + S^{-1}W)^{-1}."
W116222460,General Managerial Human Capital -> Executive Pay,General Managerial Human Capital,Executive Pay,direct effect,positive,True,p<0.01,Fixed Effects Models,NA,tentative,NA,"A one-standard deviation in the index is associated with an 11% increase in the annual level of pay [...] Using the entire sample, column (1) corroborates that higher levels of general human capital are positively correlated with total pay. The magnitude of the relationship is substantial: a one-standard deviation in the index is associated with an 11% increase in compensation."
W116222460,General Managerial Human Capital -> Managerial Mobility,General Managerial Human Capital,Managerial Mobility,direct effect,positive,True,0.01<=p<0.05,Fixed Effects Models,NA,tentative,NA,A one-standard deviation in the index is associated with [...] a 7% increase in managerial mobility (measured by the number of firms an executive worked for during his career) [...] The baseline specification in column (1) shows that a one-standard deviation increase in the index was associated with an increase of about 6.8% in the number of companies.
W116222460,General Managerial Human Capital -> Within-Firm Pay Inequality,General Managerial Human Capital,Within-Firm Pay Inequality,direct effect,positive,True,0.01<=p<0.05,Fixed Effects Models,NA,tentative,NA,"A one-standard deviation in the index is associated with [...] an 8% increase in income inequality across top executives within the firm relative to the mean. [...] column (1) of Table 10 shows that the ratio of the highest-paid to the second highest-paid executive in a firm increased by 13 percentage points for a one-standard deviation increase in the index for the highest-paid executive, equivalent to an 8% increase relative to the average pay difference within the firm."
W116222460,General Managerial Human Capital -> Probability of Single-Firm Career,General Managerial Human Capital,Probability of Single-Firm Career,direct effect,negative,False,p>0.1,Fixed Effects Models,NA,tentative,NA,"A one-standard deviation increase in the index was associated with about a 3% decline in the probability of working at one firm for the entire career, but the estimated effects are mostly not statistically significant."
W103701988,Hierarchical Maximum Likelihood Estimation -> Out-of-Sample Fit,Hierarchical Maximum Likelihood Estimation,Out-of-Sample Fit,direct effect,positive,True,p<0.01,Simulation,NA,certain,NA,"The hierarchical method outperforms maximum likelihood estimation with regard to out-of-sample fit and parameter reliability and does not resort to arbitrarily chosen parameter bounds or to the elimination of subjects to accomplish this efficiency gain. [...] When comparing HML to MLE, we find that HML's out-of-sample fit is better on average and its deviance is lower for 92 out of 142 participants. Using a paired sign rank test for medians, we find that the fit for HML is significantly lower (better) than for MLE and bounded MLE (p < 0.001). [...] This shows that HML sacrificed only a small part of its (in-sample) fit at time 1, for an improved (out-of-sample) fit at time 2."
W103701988,Hierarchical Maximum Likelihood Estimation -> Parameter Reliability,Hierarchical Maximum Likelihood Estimation,Parameter Reliability,direct effect,positive,True,p<0.01,Simulation,NA,certain,NA,"Of central importance, HML estimation yields parameter estimates with higher reliability than MLE. [...] The highest test-retest correlations are obtained using HML, which yields the most reliable parameter estimates for all parameters. Additionally, bootstrapping on the differences in correlation between HML and the other two methods reveals HML's estimates are statistically more reliable for the α, δ, and γ parameters (with 95% intervals). [...] HML's estimates appear to be fairly robust to this procedure, whereas MLE's estimates are less so. [...] A single different choice can yield large changes in MLE parameter estimates and this contributes to unreliable parameter estimates. [...] The robustness of HML estimates is a general finding among subjects in our sample."
W103701988,Hierarchical Maximum Likelihood Estimation -> In-Sample Fit,Hierarchical Maximum Likelihood Estimation,In-Sample Fit,direct effect,negative,False,NA,Simulation,NA,certain,NA,"As to be expected, the loglikelihood is lowest for MLE because that method attempts to find the set of parameters with the best possible fit in-sample. However, HML is very close behind, and more importantly it has substantial advantages in terms of reliability, which we explore in the next section. [...] The HML method does reduce the in-sample performance, albeit trivially, while at the same time significantly improving the out-of-sample fit compared to MLE."
W103701988,Parameter Bounds -> Maximum Likelihood Estimation Reliability,Parameter Bounds,Maximum Likelihood Estimation Reliability,direct effect,positive,False,NA,Simulation,NA,certain,NA,"The test-retest reliability for MLE can be improved by applying admittedly somewhat arbitrary bounds. [...] The use of parameter bounds 0.2 ≤ α ≤ 2, 0.5 ≤ λ ≤ 5, 0.2 ≤ δ ≤ 3, 0.2 ≤ γ ≤ 3 improves the test-retest correlation for MLE."
W103701988,Hierarchical Maximum Likelihood Estimation -> Overfitting,Hierarchical Maximum Likelihood Estimation,Overfitting,direct effect,negative,True,NA,Simulation,NA,certain,NA,"The simplicity of the hierarchical component of the HML method appears to prevent overfitting in-sample, which can undermine out-of-sample performance. [...] The use of population-level information in establishing individual parameter estimates mitigates the estimation difficulties that ensnare MLE and bounded MLE, and consequently HML yields a better measure of individual differences."
W103701988,Choice Data Quantity -> Hierarchical Estimation Benefits,Choice Data Quantity,Hierarchical Estimation Benefits,direct effect,negative,False,NA,Theoretical/Non-Empirical,NA,tentative,NA,"The benefits of hierarchical modeling may, for example, diminish when more choice data are available. In cases where many choices have been observed, the signal can more easily be teased apart from the noise and hierarchical methods may be less fruitful."
W1040111410,Physical Evaluation -> Attribute Partworth,Physical Evaluation,Attribute Partworth,direct effect,ambiguous,True,NA,Simulation,NA,certain,NA,"We capture this learning by allowing the partworth of an attribute to change upon physical evaluation. Thus, for each attribute, the customer has an online (or preevaluation) and an offline (or postevaluation) partworth, and the difference between them quantifies the information gained from physical examination of that attribute. [...] The data were obtained from a conjoint study and demonstrate that customers' valuations of many attributes change significantly when they evaluate the products in an offline as opposed to an online channel (see Table 3). [...] The key findings are that (a) the differences between online and offline partworths are statistically significant for six of the nine included product attributes, with the magnitude of some of these differences being 'large'"
W1040111410,Offline Assortment Optimization with Channel Interactions -> Expected Revenue,Offline Assortment Optimization with Channel Interactions,Expected Revenue,direct effect,positive,True,NA,Simulation,NA,certain,NA,"We found that significant gains in sales/revenues (up to 40% in our study) were attained. [...] the gain in sales and revenue from accounting for channel interactions can be substantial (up to 40% in our case study) [...] Through this case study, we demonstrated that accounting for channel interactions can result in substantial gains in expected revenue (up to 40% in our case)"
W1040111410,Offering Undervalued Attributes -> Sales (Pure Showcase Setting),Offering Undervalued Attributes,Sales,direct effect,positive,True,NA,Theoretical/Non-Empirical,NA,certain,NA,"In the pure showcase setting, we show that to maximize sales (Theorem 3.1), the firm must offer the attributes that are undervalued (more attractive after physical evaluation) and hide the attributes that are overvalued (less attractive after physical evaluation) by the customers."
W1040111410,Hiding Overvalued Attributes -> Sales (Pure Showcase Setting),Hiding Overvalued Attributes,Sales,direct effect,positive,True,NA,Theoretical/Non-Empirical,NA,certain,NA,"In the pure showcase setting, we show that to maximize sales (Theorem 3.1), the firm must offer the attributes that are undervalued (more attractive after physical evaluation) and hide the attributes that are overvalued (less attractive after physical evaluation) by the customers."
W1040111410,Offering Most Profitable Undervalued Attributes -> Profits (Pure Showcase Setting),Offering Most Profitable Undervalued Attributes,Profits,direct effect,positive,True,NA,Theoretical/Non-Empirical,NA,certain,NA,"On the other hand, to maximize profits (Theorem 3.2), the firm must offer the most profitable undervalued attributes and the least profitable overvalued attributes. In doing this, the firm provides information to its customers, resulting in an increase (decrease) in the attractiveness of the most (least) profitable attributes; this shifts the demand to the most profitable attributes."
W1040111410,Offering All Undervalued Attributes -> Sales (General Showcase Setting),Offering All Undervalued Attributes,Sales,direct effect,positive,True,NA,Theoretical/Non-Empirical,NA,certain,NA,"In the general showcase setting, we show that to maximize sales (Theorem 3.5), the firm must offer all the undervalued attributes and hide only a subset of the overvalued attributes. Precisely which overvalued attributes are hidden depends on their corresponding magnitudes of attractiveness. Intuitively, the overvalued attributes that drive a large amount of offline sales should be offered but the rest hidden."
W1040111410,IP-based Heuristic -> Profits,IP-based Heuristic,Profits,direct effect,positive,True,NA,Simulation,NA,certain,NA,"Using a simulation study, we show that (a) our IP-based heuristic scales to large, practical-sized problems, and (b) the solutions obtained from the IP-based heuristic provide significantly higher profits and sales when compared to the solutions from the standard revenue-ordered (RO) or greedy heuristics, described in detail in Section 4 (see Tables 1 and 2)."
W1040111410,IP-based Heuristic -> Sales,IP-based Heuristic,Sales,direct effect,positive,True,NA,Simulation,NA,certain,NA,"Using a simulation study, we show that (a) our IP-based heuristic scales to large, practical-sized problems, and (b) the solutions obtained from the IP-based heuristic provide significantly higher profits and sales when compared to the solutions from the standard revenue-ordered (RO) or greedy heuristics, described in detail in Section 4 (see Tables 1 and 2)."
W1040111410,Assortment Size Constraint -> Optimal Assortment Composition,Assortment Size Constraint,Optimal Assortment Composition,direct effect,ambiguous,False,NA,Simulation,NA,certain,NA,"We also gained the following broad insight into the structure of the sales maximizing assortment when there is a constraint on the size of the offered assortment: it is optimal to offer a mix of 'popular' and 'informative' products; the popular products have high utilities and drive sales in the offline channel, whereas the informative products expose customers to undervalued attributes and drive sales in the online channel."
W1006361424,Tax incentive legislation -> Living unrelated kidney donation rates,Tax incentive legislation,Living unrelated kidney donation rates,direct effect,positive,True,0.05<=p<0.1,Synthetic Controls,"Passage of tax incentive legislation in New York in 2006, compared against a synthetic control constructed from a convex combination of states that did not enact such legislation (Alabama, Arizona, Florida, Michigan, Nebraska, New Jersey, Nevada, Tennessee, Vermont)",certain,NA,"Employing a synthetic control method, we find that the passage of tax incentive legislation increased living unrelated kidney donation rates by 52 percent in New York relative to a comparable synthetic New York in the absence of legislation. [...] Our findings suggest that in the post-legislation period, the living unrelated kidney donation rates in New York increased on average by about 52 percent relative to a comparable synthetic New York in the absence of legislation. [...] The estimated living unrelated kidney donation rate gap, by far, fell well outside the distribution of placebo gaps. This means that, if a state would have been randomly selected from the sample, the probability of obtaining a post/pre-legislation RMSPE ratio as high as that of New York would be 1/14 = 0.0714."
W1006361424,Tax incentive legislation -> Living related kidney donation rates,Tax incentive legislation,Living related kidney donation rates,direct effect,null_effect,True,p>0.1,DID,NA,tentative,NA,"We find no statistically significant causal effect of tax incentive policies on related or unrelated kidney donation rates via a DiD estimation or an instrumental variable procedure which accounts for the endogenous nature of the law. If anything, we find some weak evidence that enactment of tax incentives diminishes related donations. [...] the DiD results in Table 2, irrespective of the estimation strategy, show that the tax incentive legislation does not exert a causal effect on living related or unrelated kidney donation rates. Albeit statistically indistinguishable from zero, a crowding-out is evident under related donations."
W1006361424,Paid leave of absence legislation -> Living unrelated kidney donation rates,Paid leave of absence legislation,Living unrelated kidney donation rates,direct effect,null_effect,False,p>0.1,Synthetic Controls,"Passage of paid leave of absence legislation in New York, compared against a synthetic control constructed from states that did not enact such legislation",certain,NA,"In the next five years following the passage of paid leave, the synthetic and the actual unrelated donation rate trajectories do not diverge from one another, indicating a prima facie evidence of zero causal effect of paid leave of absence legislation. [...] The estimated living unrelated kidney donation rate gap fell well inside the distribution of placebo gaps, indicating that the estimated effect is not causal. To be specific, if a state would have been randomly selected from the sample, the probability of obtaining a post/pre-legislation RMSPE ratio as high as that of New York would be 9/14 = 0.6429, meaning that there are eight other control states all of which have higher post/pre-legislation RMSPE. Therefore the paid leave of absence legislation in New York has no causal effect on donation rates"
W1006361424,Cadaveric donation rate -> Living related kidney donation rate,Cadaveric donation rate,Living related kidney donation rate,direct effect,positive,False,0.01<=p<0.05,IV,Cerebrovascular death rates and motor vehicle fatalities used as instruments for cadaveric donation rates,tentative,NA,"Table 2, Column (1) LIML: Cadaveric donation rate, pmap coefficient = 0.290** (0.119). [...] Table 2, Column (3) Residual aggregation: Cadaveric donation rate, pmap coefficient = -0.117**(0.050)."
W1006361424,Kidney waiting list additions -> Living related kidney donation rate,Kidney waiting list additions,Living related kidney donation rate,direct effect,positive,False,0.01<=p<0.05,DID,NA,certain,NA,"Table 2, Column (1) LIML: Kidney waiting list additions, pmp coefficient = 0.183**(0.035). [...] Table 2, Column (3) Residual aggregation: Kidney waiting list additions, pmp coefficient = 0.185**(0.019)."
W1006361424,Kidney waiting list additions -> Living unrelated kidney donation rate,Kidney waiting list additions,Living unrelated kidney donation rate,direct effect,positive,False,p<0.01,DID,NA,certain,NA,"Table 2, Column (4) LIML: Kidney waiting list additions, pmp coefficient = 0.031** (0.004). [...] Table 2, Column (6) Residual aggregation: Kidney waiting list additions, pmp coefficient = 0.034***(0.003)."
W1006361424,Prevalence of ESRD -> Living related kidney donation rate,Prevalence of ESRD,Living related kidney donation rate,direct effect,positive,False,0.01<=p<0.05,DID,NA,certain,NA,"Table 2, Column (1) LIML: Prevalence of ESRD pmp coefficient = 0.035**(0.015). [...] Table 2, Column (3) Residual aggregation: Prevalence of ESRD pmp coefficient = 0.029***(0.007)."
W1006361424,Number of transplant centers -> Living related kidney donation rate,Number of transplant centers,Living related kidney donation rate,direct effect,positive,False,0.01<=p<0.05,DID,NA,certain,NA,"Table 2, Column (1) LIML: Number of transplant centers pmap coefficient = 9.488**(4.473). [...] Table 2, Column (3) Residual aggregation: Number of transplant centers pmap coefficient = 8.494*(3.172)."
W1006361424,Mean dollar value of state tax incentive -> Living related kidney donation rates,Mean dollar value of state tax incentive,Living related kidney donation rates,direct effect,negative,False,0.05<=p<0.1,IV,"ESRD trend interacted with average federal marginal rates facing itemizers in each state; share of state Medicaid expenses paid by the federal government (state FMAP rate), its square, and the product of FMAP and average tax rate",tentative,NA,"On the other hand, taken at face value, we find a marginally statistically significant and negative effect of the enactment of tax laws on related donations in column 4 only. Specifically, we find that enactment reduces related donations by about 4.5 percent, significant only at the 10% level. It is possible this outcome represents a crowding-out of altruistic donations by explicit monetary incentives."
W1006361424,Mean dollar value of state tax incentive -> Living unrelated kidney donation rates,Mean dollar value of state tax incentive,Living unrelated kidney donation rates,direct effect,null_effect,False,p>0.1,IV,"ESRD trend interacted with average federal marginal rates facing itemizers in each state; share of state Medicaid expenses paid by the federal government (state FMAP rate), its square, and the product of FMAP and average tax rate",tentative,NA,"While under unrelated donation rates, the sign of the effect of the mean value of state incentive for donation is conformable to our expectations, the effect is statistically indistinguishable from zero at conventional test levels."
W1176011688,Mandatory Universal Drug Program -> Drug Insurance Coverage,Mandatory Universal Drug Program,Drug Insurance Coverage,direct effect,positive,True,p<0.01,DID,"Policy change in the province of Quebec, Canada introducing mandatory universal drug program",certain,NA,"The first row shows that the universal drug program has been successful in expanding drug coverage among the general population. The estimated increase in drug insurance coverage of 21 percentage points represents a 33 percent increase relative to the pre-policy coverage in Quebec. [...] Using Canadian National Population Health Survey longitudinal data from 1994 to 2003, we find that the universal drug program increased drug insurance coverage by 33 percent"
W1176011688,Mandatory Universal Drug Program -> Medication Use,Mandatory Universal Drug Program,Medication Use,direct effect,positive,True,p<0.01,DID,"Policy change in the province of Quebec, Canada introducing mandatory universal drug program",certain,NA,"The first row shows that, after the introduction of the universal drug program, there was a notable increase in medications used in the previous month. The coefficient estimate of 0.12 indicates that the universal drug program led to a 13 percent increase in medication use in the previous month, net of any substitution between prescription and non-prescription medications. [...] The mandatory drug program led to an increase in the probability of any medication use in the previous month by 2.2 to 3.2 percentage points."
W1176011688,Mandatory Universal Drug Program -> General Practitioner Visits,Mandatory Universal Drug Program,General Practitioner Visits,direct effect,positive,True,0.01<=p<0.05,DID,"Policy change in the province of Quebec, Canada introducing mandatory universal drug program",certain,NA,The drug program also led to an 10 percent increase in the annual number of GP visits [...] The estimated spillover effect on GP visits is about 10 percent [...] The likelihood of visiting a GP increased by about 2 percentage points although not statistically significant in the fixed effects models.
W1176011688,Mandatory Universal Drug Program -> Specialist Visits,Mandatory Universal Drug Program,Specialist Visits,direct effect,null_effect,True,p>0.1,DID,"Policy change in the province of Quebec, Canada introducing mandatory universal drug program",certain,NA,but there was no statistically significant effect on specialist utilization. [...] There was little effect on the likelihood of visiting a specialist. [...] No statistically significant effects were found for specialist visits and hospitalization.
W1176011688,Mandatory Universal Drug Program -> Hospitalization,Mandatory Universal Drug Program,Hospitalization,direct effect,null_effect,True,p>0.1,DID,"Policy change in the province of Quebec, Canada introducing mandatory universal drug program",certain,NA,Finally both OLS and fixed effects models failed to reveal any statistically significant effects on the likelihood of having an inpatient admission in the previous year. [...] No statistically significant effects were found for specialist visits and hospitalization.
W1176011688,Mandatory Universal Drug Program -> Health Status,Mandatory Universal Drug Program,Health Status,direct effect,positive,True,0.01<=p<0.05,DID,"Policy change in the province of Quebec, Canada introducing mandatory universal drug program",certain,NA,"The program had a small positive effect on self-assessed health status and HUI. [...] The estimated impact on HUI is around 0.010, representing an important improvement in health status. [...] Previous studies document that an increase of 0.03 or greater in HUI score is considered as clinically important, and an increase of 0.01 is generally important (Horsman et al., 2003; Grootendorst et al., 2000)."
W1176011688,Mandatory Universal Drug Program -> Health Status of Less Healthy Individuals,Mandatory Universal Drug Program,Health Status of Less Healthy Individuals,direct effect,positive,True,p<0.01,DID,"Policy change in the province of Quebec, Canada introducing mandatory universal drug program",certain,NA,"We find that the impact on health is monotonically decreasing and is virtually zero from the median to the ninth decile. [...] It should be noted that the positive impact on HUI is 0.038 at the first decile, representing a clinically important improvement in health status. At the 20th and 30th percentiles, the policy effects are around 0.015 and 0.014 and still statistically significant. These results suggest that it is mainly less healthy individuals that experienced an improvement in health status, indicating that high value pharmaceutical drugs may be under-used among them."
W1176011688,Mandatory Universal Drug Program -> Medication Use of Previously Uninsured,Mandatory Universal Drug Program,Medication Use of Previously Uninsured,direct effect,positive,True,0.01<=p<0.05,DID,"Policy change in the province of Quebec, Canada introducing mandatory universal drug program",certain,NA,"In Panel B, the coefficients of the pre-policy insurance status interactions suggest that the positive effects on the probability of taking medications or visiting a GP are larger for the previously uninsured. [...] Analysis by pre-policy drug insurance status reveals that previously uninsured individuals experienced a large increase in the probability of taking any medication and visiting a general practitioner."
W1176011688,Mandatory Universal Drug Program -> General Practitioner Visits of Previously Uninsured,Mandatory Universal Drug Program,General Practitioner Visits of Previously Uninsured,direct effect,positive,True,0.01<=p<0.05,DID,"Policy change in the province of Quebec, Canada introducing mandatory universal drug program",certain,NA,"In Panel B, the coefficients of the pre-policy insurance status interactions suggest that the positive effects on the probability of taking medications or visiting a GP are larger for the previously uninsured. [...] Analysis by pre-policy drug insurance status reveals that previously uninsured individuals experienced a large increase in the probability of taking any medication and visiting a general practitioner."
W1176011688,Mandatory Universal Drug Program -> General Practitioner Visits of Chronically Ill,Mandatory Universal Drug Program,General Practitioner Visits of Chronically Ill,direct effect,positive,True,0.01<=p<0.05,DID,"Policy change in the province of Quebec, Canada introducing mandatory universal drug program",certain,NA,"Estimates for the likelihood of a GP visit are much larger among the chronically ill. [...] Subgroup analysis by presence of chronic condition reveals that the reform had a much large effect on the probability of GP visit for those with chronic conditions. [...] Further analysis by the presence of chronic conditions shows that, compared to those without any chronic condition, the chronically ill experienced a much larger increase in the extensive margins of medication and general practitioner utilization."
W1176011688,Mandatory Universal Drug Program -> Medication Use of Chronically Ill,Mandatory Universal Drug Program,Medication Use of Chronically Ill,direct effect,positive,False,p>0.1,DID,"Policy change in the province of Quebec, Canada introducing mandatory universal drug program",tentative,NA,"In Panel A, the point estimates in the regression reveal that the chronically ill show a larger increase in medication use in the past month compared to those without any chronic condition but the difference is not statistically significant. [...] In Panel B, for the probability of medication use, the policy effect is larger for the chronically ill although not statistically significant. [...] Further analysis by the presence of chronic conditions shows that, compared to those without any chronic condition, the chronically ill experienced a much larger increase in the extensive margins of medication and general practitioner utilization."
W1176011688,Drug Insurance Coverage -> Medication Use,Drug Insurance Coverage,Medication Use,indirect effect,positive,True,p<0.01,DID,"Policy change in the province of Quebec, Canada introducing mandatory universal drug program",certain,NA,"If we assume that the policy only affected the reduced form outcomes through the expansion of drug insurance coverage, we can estimate the impact of drug insurance coverage on the outcomes. [...] Combining the results in Tables III and IV, a one percentage point increase in drug insurance coverage increased medication use in the past month by 0.6 (13/21) percent [...] For the extensive margin, a one percentage point increase in drug insurance coverage increased the probability of any medication use in the previous month by 0.10 (2.2/21) to 0.15 (3.2/21) percentage points in the population."
W1176011688,Drug Insurance Coverage -> General Practitioner Visits,Drug Insurance Coverage,General Practitioner Visits,indirect effect,positive,True,0.01<=p<0.05,DID,"Policy change in the province of Quebec, Canada introducing mandatory universal drug program",certain,NA,"If we assume that the policy only affected the reduced form outcomes through the expansion of drug insurance coverage, we can estimate the impact of drug insurance coverage on the outcomes. [...] Combining the results in Tables III and IV, a one percentage point increase in drug insurance coverage increased medication use in the past month by 0.6 (13/21) percent and annual GP visits by 0.5 (10/21) percent in the population."
W1176011688,Drug Insurance Coverage -> Health Status,Drug Insurance Coverage,Health Status,indirect effect,positive,True,0.01<=p<0.05,DID,"Policy change in the province of Quebec, Canada introducing mandatory universal drug program",certain,NA,"If we assume that the policy only affected the reduced form outcomes through the expansion of drug insurance coverage, we can estimate the impact of drug insurance coverage on the outcomes. [...] A one percentage point increase in drug insurance coverage increased HUI by 0.0003 in the population."
W1008891099,Paid Maternity Leave -> Low Birth Weight Births,Paid Maternity Leave,Low Birth Weight Births,direct effect,negative,True,p<0.01,DID,Pregnancy Discrimination Act of 1978 requiring states with Temporary Disability Insurance programs to provide maternity leave benefits to pregnant workers,certain,NA,"I find that the availability of statewide paid maternity leave reduces the share of low birth weight births by 0.22 percentage points, or approximately 3.2 percent. [...] Overall, TDI paid maternity leave reduces low birth weight births by 0.22 percentage points, or 3.2 percent. [...] In California, for example, the policy reduces low birth weight births by 0.2 percentage points, which is a 3.2 percent decline from the sample mean. In New Jersey, the policy reduces low birth weight births by 4.0 percent from the sample mean."
W1008891099,Paid Maternity Leave -> Early Term Births,Paid Maternity Leave,Early Term Births,direct effect,negative,True,p<0.01,DID,Pregnancy Discrimination Act of 1978 requiring states with Temporary Disability Insurance programs to provide maternity leave benefits to pregnant workers,certain,NA,"TDI decreases the likelihood of early term birth (37-38 weeks) by about 1.1 percentage points, or 6.6 percent from the sample mean. [...] Paid leave reduces the proportion of early term births by over 1 percentage point, or 6.6 percent."
W1008891099,Paid Maternity Leave -> Small for Gestational Age Births,Paid Maternity Leave,Small for Gestational Age Births,direct effect,negative,True,p<0.01,DID,Pregnancy Discrimination Act of 1978 requiring states with Temporary Disability Insurance programs to provide maternity leave benefits to pregnant workers,certain,NA,"The result in column (6) suggests that TDI decreases the share of small for gestational age births by 0.024 percentage points, or 2.3 percent. [...] Panel B shows a similar effect on the share of births below the 20th percentile of the distribution, a 2.04 percent decline from the sample mean."
W1008891099,Paid Maternity Leave -> Low Birth Weight Births (Black Mothers),Paid Maternity Leave,Low Birth Weight Births (Black Mothers),direct effect,negative,True,p<0.01,DID,Pregnancy Discrimination Act of 1978 requiring states with Temporary Disability Insurance programs to provide maternity leave benefits to pregnant workers,certain,NA,"The overall results in column (6) of Table 4 suggest that TDI paid maternity leave reduces the share of low birth weight births by 4.9 percent for black women, 2.2 percent for white women, 6.5 percent for unmarried women, and 3.5 percent for married women. [...] Paid maternity leave has particularly large impacts on the children of unmarried and black mothers."
W1008891099,Paid Maternity Leave -> Low Birth Weight Births (Unmarried Mothers),Paid Maternity Leave,Low Birth Weight Births (Unmarried Mothers),direct effect,negative,True,p<0.01,DID,Pregnancy Discrimination Act of 1978 requiring states with Temporary Disability Insurance programs to provide maternity leave benefits to pregnant workers,certain,NA,"The overall results in column (6) of Table 4 suggest that TDI paid maternity leave reduces the share of low birth weight births by 4.9 percent for black women, 2.2 percent for white women, 6.5 percent for unmarried women, and 3.5 percent for married women. [...] The results show that access to paid leave reduces the percentage of low birth weight births in a state and that this effect is strongest for unmarried mothers, who are more likely to be employed and thus benefit from TDI."
W1008891099,Paid Maternity Leave -> Mean Birth Weight,Paid Maternity Leave,Mean Birth Weight,direct effect,positive,False,p<0.01,DID,Pregnancy Discrimination Act of 1978 requiring states with Temporary Disability Insurance programs to provide maternity leave benefits to pregnant workers,certain,NA,"There are no significant shifts in the distribution above the 50th percentile, but the mean birth weight increases by 5.6 grams."
W1008891099,Paid Maternity Leave -> Births Below 10th Percentile of Birth Weight Distribution,Paid Maternity Leave,Births Below 10th Percentile of Birth Weight Distribution,direct effect,negative,False,p<0.01,DID,Pregnancy Discrimination Act of 1978 requiring states with Temporary Disability Insurance programs to provide maternity leave benefits to pregnant workers,certain,NA,"TDI maternity leave decreases the share of births below the 10th percentile of the birth weight distribution by 2.6 percent, the share of births below the 20th percentile by 1.9 percent, and the share of births below the 30th percentile by 0.7 percent."
W1008891099,Paid Maternity Leave -> Infant Mortality Rate (Black Infants),Paid Maternity Leave,Infant Mortality Rate (Black Infants),direct effect,negative,False,0.01<=p<0.05,DID,Pregnancy Discrimination Act of 1978 requiring states with Temporary Disability Insurance programs to provide maternity leave benefits to pregnant workers,tentative,NA,"Columns (2) through (5) present the results by high- and low-employment counties and by infant race. There are small but statistically significant effects only among high-employment counties and black infants. These effects correspond to 1.5 and 3.3 percent declines from the sample means, respectively."
W1008891099,Paid Maternity Leave -> Antenatal Leave Taking,Paid Maternity Leave,Antenatal Leave Taking,direct effect,positive,False,NA,DID,Pregnancy Discrimination Act of 1978 requiring states with Temporary Disability Insurance programs to provide maternity leave benefits to pregnant workers,tentative,NA,"Compared to working women in non-TDI states, those with access to TDI were 30 percent more likely to stop working one month before birth and 26 percent less likely to not stop working at all before birth. [...] Data from the Survey of Income and Program Participation (SIPP) indicate that almost 70 percent of women in TDI states who take paid postnatal maternity leave also take time off before birth during this period. Therefore, it is plausible that the policy affects birth outcomes."
W1008891099,Paid Maternity Leave -> Maternal Employment Post-Birth,Paid Maternity Leave,Maternal Employment Post-Birth,direct effect,positive,False,0.01<=p<0.05,DID,Pregnancy Discrimination Act of 1978 requiring states with Temporary Disability Insurance programs to provide maternity leave benefits to pregnant workers,tentative,NA,"Interestingly, mothers are more likely to report being employed, although the result is only statistically significant in California. These results suggest that mothers are not just substituting unpaid leave or paid leave, but are instead taking more time off."
W1008891099,Paid Maternity Leave -> Paid Leave Taking Post-Birth,Paid Maternity Leave,Paid Leave Taking Post-Birth,direct effect,positive,False,p<0.01,DID,Pregnancy Discrimination Act of 1978 requiring states with Temporary Disability Insurance programs to provide maternity leave benefits to pregnant workers,tentative,NA,"As expected, new mothers with access to TDI paid maternity leave are 25.5 percent more likely to be absent from work and 34.1 percent more likely to report being on paid leave."
W1008891099,Female Labor Force Participation Rate -> Effect of Paid Maternity Leave on Low Birth Weight,Female Labor Force Participation Rate,Effect of Paid Maternity Leave on Low Birth Weight,confounding,positive,False,p<0.01,DID,Pregnancy Discrimination Act of 1978 requiring states with Temporary Disability Insurance programs to provide maternity leave benefits to pregnant workers,tentative,NA,"The effect of TDI maternity leave on the low birth weight rate is larger in counties with higher female labor force participation and employment rates than in counties with lower rates. If the results in Table 3 were due to something other than increased access to leave, there would be no reason to expect to see larger effects in higher-employment areas."
W1008891099,Paid Maternity Leave -> Premature Births,Paid Maternity Leave,Premature Births,direct effect,null_effect,False,p>0.1,DID,Pregnancy Discrimination Act of 1978 requiring states with Temporary Disability Insurance programs to provide maternity leave benefits to pregnant workers,certain,NA,"Finally, Panel C shows the effect of TDI on the share of premature births (less than 37 weeks). There are small, weakly significant effects in California and New York, but overall the results suggest that the effects on gestational age are driven by relatively short delays in births. As expected, TDI does not prevent severely premature births."
W1008891099,Paid Maternity Leave -> Very Low Birth Weight Births,Paid Maternity Leave,Very Low Birth Weight Births,direct effect,null_effect,False,p>0.1,DID,Pregnancy Discrimination Act of 1978 requiring states with Temporary Disability Insurance programs to provide maternity leave benefits to pregnant workers,certain,NA,"TDI does not affect the share of very low birth weight births (less than 1500 grams) either. As very low birth weight births are likely to be more than four weeks premature or suffer from other complications, one should not expect TDI maternity leave to affect this group."
W1008891099,Paid Maternity Leave -> Infant Mortality Rate (Overall),Paid Maternity Leave,Infant Mortality Rate (Overall),direct effect,null_effect,False,p>0.1,DID,Pregnancy Discrimination Act of 1978 requiring states with Temporary Disability Insurance programs to provide maternity leave benefits to pregnant workers,certain,NA,Column (1) of Table 10 shows that TDI paid maternity leave does not have a significant effect on the infant mortality rate overall. [...] The lack of an overall effect on infant mortality makes sense given the margin through which the policy affects birth outcomes.
W1023527675,Attributional Uncertainty -> Feedback Leniency,Attributional Uncertainty,Feedback Leniency,direct effect,positive,True,p<0.01,RCT,Random assignment to Baseline (no shock) versus Uncertainty treatment (random normal shock with mean 0 and SD 10 applied to 50% of shipments),certain,NA,"Our data support the hypothesis that when attribution is uncertain, buyers tend to give sellers the benefit of the doubt when receiving less than advertised, either by leaving lenient ratings or by choosing not to rate at all. [...] Buyers give more lenient feedback to sellers when what is received is less than announced and responsibility is unclear. In particular, if the received shortfall is less than 20% below what was announced, we observe leniency. [...] For the Shortfill categories, however, buyers tend to leave higher ratings in the Uncertainty treatment compared with the Baseline treatment, an average of 3.0 versus 2.5."
W1023527675,Attributional Uncertainty -> Feedback Silence Rate,Attributional Uncertainty,Feedback Silence Rate,direct effect,positive,True,0.01<=p<0.05,RCT,Random assignment to Baseline (no shock) versus Uncertainty treatment (random normal shock with mean 0 and SD 10 applied to 50% of shipments),certain,NA,"The overall rate of feedback giving in Baseline and Uncertainty treatments is 68% and 57%, respectively. [...] By contrast, buyers who receive more (Overfill) or less than promised (Shortfill and Vshortfill) remain silent more often in the Uncertainty treatment. Hence, positive and negative surprises are reported less frequently. [...] The second part of Hypothesis 1 is also confirmed. Silence is more frequent in the Uncertainty treatment in the case of Shortfill than in the case of Fulfill."
W1023527675,Feedback Leniency -> Feedback Score Informativeness,Feedback Leniency,Feedback Score Informativeness,direct effect,negative,True,0.05<=p<0.1,RCT,Random assignment to Baseline (no shock) versus Uncertainty treatment (random normal shock with mean 0 and SD 10 applied to 50% of shipments),certain,NA,"Hypothesis 2. In the Uncertainty treatment, feedback informativeness will be lower as a result of compression in ratings. [...] Observe that the expected probability of meeting an honest seller is lower for all feedback scores when there is uncertainty about seller responsibility. In particular, the predicted probability of meeting an honest seller is much lower—and noisier—for high feedback scores in the Uncertainty treatment. For example, a feedback score of 4 implies an 87% chance (confidence interval of 81%-94%) of receiving at least as much as announced in the Baseline treatment, but it declines to a 59% chance (44%-77%) in the Uncertainty treatment. [...] The area under the ROC curve in the probit regression for the Baseline (Uncertainty) treatment is 0.85 (0.803). The hypothesis that these areas are equal can be weakly rejected; p = 0.066. Similarly, the Brier score is lower in the Baseline model compared with the Uncertainty treatment (0.133 versus 0.173). So predictions from feedback in the uncertainty system are less able to differentiate honest sellers from opportunistic sellers, which is evidence for Hypothesis 2."
W1023527675,Attributional Uncertainty -> Seller Shipped Quality,Attributional Uncertainty,Seller Shipped Quality,direct effect,negative,True,p<0.01,RCT,Random assignment to Baseline (no shock) versus Uncertainty treatment (random normal shock with mean 0 and SD 10 applied to 50% of shipments),certain,NA,"Third, average shipped quality is lower in the Uncertainty treatment. Excluding the last 10 periods, shipped quality averages about 76% in the Baseline treatment but only 67% in the Uncertainty treatment. [...] The share of trades in which sellers ship at least as much as they announce is about twice as large in the Baseline treatment: 70.2% versus 34.2%. [...] In 61.2% of all Baseline auctions, the shipped quality is equal to the announced quality, whereas this is only the case in 22.3% in the Uncertainty treatment; this difference is significant. [...] Overall, our evidence is in line with the seller part of Hypothesis 3: in the Uncertainty treatment, sellers strategically ship lower quality to increase their own profits at the expense of buyers."
W1023527675,Attributional Uncertainty -> Market Efficiency,Attributional Uncertainty,Market Efficiency,direct effect,negative,True,0.01<=p<0.05,RCT,Random assignment to Baseline (no shock) versus Uncertainty treatment (random normal shock with mean 0 and SD 10 applied to 50% of shipments),certain,NA,"Descriptive statistics in Table 10 show that efficiency, measured as the ratio of realized to maximum possible surplus, decreases significantly from 68% to 55% in the Uncertainty treatment. [...] Efficiency also decreases significantly in a random effects Tobit regression (cf. Table 11), where the announced quality and period are controlled for."
W1023527675,Attributional Uncertainty -> Buyer Profit,Attributional Uncertainty,Buyer Profit,direct effect,negative,True,0.01<=p<0.05,RCT,Random assignment to Baseline (no shock) versus Uncertainty treatment (random normal shock with mean 0 and SD 10 applied to 50% of shipments),certain,NA,"Comparing the two treatments, buyer profits significantly decrease by 35% from 49 ECUs in the Baseline treatment to 32 ECUs in the Uncertainty treatment (cf. Table 10). [...] Both effects are also confirmed by the random effect Tobit regressions in Table 11. [...] As a result, buyers pay most of the cost of seller malfeasance in the Uncertainty treatment."
W1023527675,Attributional Uncertainty -> Transaction Price,Attributional Uncertainty,Transaction Price,direct effect,null_effect,True,p>0.1,RCT,Random assignment to Baseline (no shock) versus Uncertainty treatment (random normal shock with mean 0 and SD 10 applied to 50% of shipments),certain,NA,"Buyers, however, bid and pay about the same prices in the Baseline and Uncertainty treatments. [...] Consistent with this, we observe that prices are similar across treatments. On average, the final price is 128 ECUs in the Baseline treatment and 123 ECUs in the Uncertainty treatment. [...] Panel Tobit regressions show that the seller's feedback score and the announced quality have a significant positive effect on the final price (see Model 1 in Table 3 in Online Appendix A) but do not indicate a treatment difference. Again, interaction effects in Models 2 and 3 with Uncertainty are not significant and thus do not suggest that feedback score or announcement are interpreted differently across treatments, contrary to the buyer part of Hypothesis 3."
W1023527675,Attributional Uncertainty -> Seller Honesty Premium,Attributional Uncertainty,Seller Honesty Premium,direct effect,negative,True,p<0.01,RCT,Random assignment to Baseline (no shock) versus Uncertainty treatment (random normal shock with mean 0 and SD 10 applied to 50% of shipments),certain,NA,"Looking at the marginal effects in Model 2, average profits of a previously deceiving seller in the Baseline treatment are 38 ECUs, whereas a previously honest seller in the same treatment earns 50.5 ECUs. This is a significant increase of more than 30%. By contrast, this honesty premium is not present in the Uncertainty treatment: earnings nonsignificantly decrease by 2.7% from 47.3 to 46 ECUs. Overall, these results indicate that uncertainty about seller responsibility hampers the functioning of the feedback system and removes incentives for truthful seller behavior."
W1023527675,Attributional Uncertainty -> Seller Responsiveness to Negative Feedback,Attributional Uncertainty,Seller Responsiveness to Negative Feedback,direct effect,negative,False,0.01<=p<0.05,RCT,Random assignment to Baseline (no shock) versus Uncertainty treatment (random normal shock with mean 0 and SD 10 applied to 50% of shipments),certain,NA,"Furthermore, the interaction effect in Model 2 between the treatment dummy and the decrease in feedback score shows that the disciplining effect of bad feedback ratings is significantly lower in the Uncertainty treatment. The marginal effect of a change in a seller's feedback score in the Baseline treatment is -0.118 (p ≤ 0.001) and -0.023 (p = 0.224) in the Uncertainty treatment. This means that sellers react less to bad feedback in the Uncertainty treatment. A possible explanation could be that they expect that an unlucky draw of the distortion factor also provides an excuse for a low(er) feedback score so that buyers give the benefit of the doubt and assume sellers to be trustworthy despite a negative signal."
W1023527675,Attributional Uncertainty -> Buyer Overexpectation,Attributional Uncertainty,Buyer Overexpectation,direct effect,positive,False,0.01<=p<0.05,RCT,Random assignment to Baseline (no shock) versus Uncertainty treatment (random normal shock with mean 0 and SD 10 applied to 50% of shipments),certain,NA,"In the Uncertainty treatment, 34% of subjects expected more than they received (% Overexpectation), which is significantly higher than the 21% of subjects in the Baseline treatment. Hence, buyers do not make worse predictions in general in the Uncertainty treatment, but their expectations are too high more often. That is, relative to the Baseline treatment, buyers in the Uncertainty treatment do not fully adjust to the diminished informativeness of the feedback system, even though they experience a higher degree of disappointment as measured by the % Overexpectation variable."
W1023527675,Feedback Leniency -> Feedback Score Inflation,Feedback Leniency,Feedback Score Inflation,direct effect,positive,True,NA,RCT,Random assignment to Baseline (no shock) versus Uncertainty treatment (random normal shock with mean 0 and SD 10 applied to 50% of shipments); counterfactual prediction using Baseline regression models applied to Uncertainty treatment data,certain,NA,"Compared with the actual data, the distribution of the predicted feedback scores is shifted to the left, implying that actual aggregated feedback scores in the Uncertainty treatment are inflated relative to the Baseline feedback scores. [...] In summary, when using feedback giving in the Baseline treatment as a benchmark, seller feedback scores in the Uncertainty treatment appear inflated. Because of the differences in feedback giving across our treatments, sellers who do not deserve a certain feedback score are now bunched with sellers who do."
W1023527675,Attributional Uncertainty -> Buyer Share of Total Profit,Attributional Uncertainty,Buyer Share of Total Profit,direct effect,negative,False,0.01<=p<0.05,RCT,Random assignment to Baseline (no shock) versus Uncertainty treatment (random normal shock with mean 0 and SD 10 applied to 50% of shipments),certain,NA,"In the Baseline treatment, sellers and buyers on average receive almost identical shares of the total profit, but the marketplace with uncertainty significantly disadvantages buyers because their share significantly decreases to 42%. Both effects are also confirmed by the random effect Tobit regressions in Table 11."
W1168380530,Maternal Secondary Education -> Child Mortality,Maternal Secondary Education,Child Mortality,direct effect,negative,True,p<0.01,IV,Age-specific exposure to Zimbabwe's 1980 secondary school expansion reforms (being 13 years of age or younger in 1980),certain,NA,"One extra year of maternal education was associated with a 1.7 percentage point decrease in the probability that a child was reported to have died prior to the survey. Given that on average 7.9% of the children in our sample were reported to have died at the time of the survey, the decrease in child mortality from one year of education represents an approximately 21.5% decrease in child deaths. [...] children born to mothers who attended some secondary schooling are 12 percentage points less likely to die, and an additional year of schooling decreases the probability of a child dying by about 21%."
W1168380530,Maternal Secondary Education -> Age at First Cohabitation,Maternal Secondary Education,Age at First Cohabitation,direct effect,positive,False,0.01<=p<0.05,IV,Age-specific exposure to Zimbabwe's 1980 secondary school expansion reforms (being 13 years of age or younger in 1980),certain,NA,"We find that increased secondary schooling delays age at first cohabitation, perhaps consequently age at first intercourse and also the age at first birth; an additional year of schooling delays entry into cohabitation by 0.5 years, off a base of 19 years."
W1168380530,Maternal Secondary Education -> Age at First Sexual Intercourse,Maternal Secondary Education,Age at First Sexual Intercourse,direct effect,positive,False,p<0.01,IV,Age-specific exposure to Zimbabwe's 1980 secondary school expansion reforms (being 13 years of age or younger in 1980),certain,NA,"We find that increased secondary schooling delays age at first cohabitation, perhaps consequently age at first intercourse and also the age at first birth [...] Table 6 shows Years of education coefficient on Age at first sexual intercourse is 0.643*** (0.228)."
W1168380530,Maternal Secondary Education -> Age at First Birth,Maternal Secondary Education,Age at First Birth,direct effect,positive,False,0.01<=p<0.05,IV,Age-specific exposure to Zimbabwe's 1980 secondary school expansion reforms (being 13 years of age or younger in 1980),certain,NA,"The delay in terms of having the first child is smaller at around 0.3 years, but it is perhaps mediated by the fact that more schooling reduces the time between marriage and first child. [...] Table 6 shows Years of education coefficient on Age at first birth is 0.339** (0.123)."
W1168380530,Maternal Secondary Education -> Probability of First Birth by Age 16,Maternal Secondary Education,Probability of First Birth by Age 16,direct effect,negative,False,0.05<=p<0.1,IV,Age-specific exposure to Zimbabwe's 1980 secondary school expansion reforms (being 13 years of age or younger in 1980),certain,NA,"As presented in Table 6 (bottom panel), we see that the policy was associated with a lower probability of giving birth by age 16 but not age 20, which suggests that the increase in age at birth was concentrated among girls in their late teenage years. [...] Table 6 shows Years of education coefficient on First birth by age 16 is -0.023* (0.013)."
W1168380530,Maternal Secondary Education -> Ideal Number of Children Preferred,Maternal Secondary Education,Ideal Number of Children Preferred,direct effect,negative,False,0.01<=p<0.05,IV,Age-specific exposure to Zimbabwe's 1980 secondary school expansion reforms (being 13 years of age or younger in 1980),certain,NA,"Desired fertility, on the other hand, does seem to be strongly affected by schooling. Women with more schooling desire fewer children and, as Table 6 suggests, 0.22 children less off a base of 4.5 children. This result is robust to polynomial trends on either side of the discontinuity, and importantly, as can be seen from Fig. 3, there appears to be a real trend break around the discontinuity in the number of children desired. [...] Table 6 shows Years of education coefficient on Ideal number of kids preferred is -0.224** (0.068)."
W1168380530,Maternal Secondary Education -> Household Asset Ownership,Maternal Secondary Education,Household Asset Ownership,direct effect,positive,False,p>0.1,IV,Age-specific exposure to Zimbabwe's 1980 secondary school expansion reforms (being 13 years of age or younger in 1980),tentative,NA,"In the lower half of Table 7, we examine economic outcomes of the mother and find that asset ownership, urban location, and probability of working are higher for the more educated. [...] Table 7 shows Years of education coefficient on Assets is 0.069 (0.053)."
W1168380530,Maternal Secondary Education -> Probability of Working,Maternal Secondary Education,Probability of Working,direct effect,positive,False,0.05<=p<0.1,IV,Age-specific exposure to Zimbabwe's 1980 secondary school expansion reforms (being 13 years of age or younger in 1980),tentative,NA,"In the lower half of Table 7, we examine economic outcomes of the mother and find that asset ownership, urban location, and probability of working are higher for the more educated. [...] Table 7 shows Years of education coefficient on Respondent working is 0.030* (0.017)."
W1168380530,Maternal Secondary Education -> Probability of Being in Lowest Wealth Quintile,Maternal Secondary Education,Probability of Being in Lowest Wealth Quintile,direct effect,negative,False,0.01<=p<0.05,IV,Age-specific exposure to Zimbabwe's 1980 secondary school expansion reforms (being 13 years of age or younger in 1980),tentative,NA,"We also define two dummy variables: one for being in the lowest wealth quintile and another for being in the highest wealth quintile. We find that more education is associated with a lower probability of being in the lowest wealth quintile, which is likely related to the changes in the probability of having electricity and living in a rural area. [...] Table 7 shows Years of education coefficient on Low wealth index dummy is -0.035** (0.018)."
W1168380530,Maternal Secondary Education -> Probability of Having Electricity,Maternal Secondary Education,Probability of Having Electricity,direct effect,positive,False,0.01<=p<0.05,IV,Age-specific exposure to Zimbabwe's 1980 secondary school expansion reforms (being 13 years of age or younger in 1980),certain,NA,"Table 7 shows Years of education coefficient on Has electricity is 0.034** (0.015). [...] We find that more education is associated with a lower probability of being in the lowest wealth quintile, which is likely related to the changes in the probability of having electricity and living in a rural area."
W1168380530,Maternal Secondary Education -> Probability of Cesarean Section,Maternal Secondary Education,Probability of Cesarean Section,direct effect,positive,False,p<0.01,IV,Age-specific exposure to Zimbabwe's 1980 secondary school expansion reforms (being 13 years of age or younger in 1980),certain,NA,"In Table 8, maternal education appears to have no statistically significant effect on institutional deliveries (which is surprising given the apparent jump visible in Fig. 6), but it has a large and statistically significant effect on delivery via cesarean section. The cesarean section rate in our sample is relatively low, but the magnitude of the result suggests that an extra year of education increases the likelihood of a cesarean section by nearly 85%. [...] Table 8 shows Years of education coefficient on C-Section is 0.053*** (0.011)."
W1168380530,Maternal Secondary Education -> Institutional Delivery,Maternal Secondary Education,Institutional Delivery,direct effect,null_effect,False,p>0.1,IV,Age-specific exposure to Zimbabwe's 1980 secondary school expansion reforms (being 13 years of age or younger in 1980),certain,NA,"In Table 8, maternal education appears to have no statistically significant effect on institutional deliveries (which is surprising given the apparent jump visible in Fig. 6). [...] Table 8 shows Years of education coefficient on Institutional delivery is 0.022 (0.014)."
W1168380530,Maternal Secondary Education -> Antenatal Care,Maternal Secondary Education,Antenatal Care,direct effect,null_effect,False,p>0.1,IV,Age-specific exposure to Zimbabwe's 1980 secondary school expansion reforms (being 13 years of age or younger in 1980),certain,NA,"Interestingly, maternal education seems to have no effect on preventive health care acts such as antenatal care and full immunizations, although these rates are high in the full sample. [...] Table 8 shows Years of education coefficient on Received antenatal care is 0.004 (0.007)."
W1168380530,Maternal Secondary Education -> Full Immunization,Maternal Secondary Education,Full Immunization,direct effect,null_effect,False,p>0.1,IV,Age-specific exposure to Zimbabwe's 1980 secondary school expansion reforms (being 13 years of age or younger in 1980),certain,NA,"Interestingly, maternal education seems to have no effect on preventive health care acts such as antenatal care and full immunizations, although these rates are high in the full sample. [...] Table 8 shows Years of education coefficient on Fully immunized is -0.007 (0.006)."
W1168380530,Maternal Secondary Education -> Female Empowerment,Maternal Secondary Education,Female Empowerment,direct effect,null_effect,False,p>0.1,IV,Age-specific exposure to Zimbabwe's 1980 secondary school expansion reforms (being 13 years of age or younger in 1980),certain,NA,"We then examine outcomes such as female empowerment (see Section 2 and Appendix A on how this variable is created), opinions on domestic violence and risky behavior (smoking) in Table 7, and we find very little evidence that schooling plays an important role in affecting these outcomes. [...] Table 7 shows Years of education coefficient on Empowerment index is -0.002 (0.005)."
W1168380530,Maternal Secondary Education -> Attitudes Toward Domestic Violence,Maternal Secondary Education,Attitudes Toward Domestic Violence,direct effect,null_effect,False,p>0.1,IV,Age-specific exposure to Zimbabwe's 1980 secondary school expansion reforms (being 13 years of age or younger in 1980),certain,NA,"We then examine outcomes such as female empowerment (see Section 2 and Appendix A on how this variable is created), opinions on domestic violence and risky behavior (smoking) in Table 7, and we find very little evidence that schooling plays an important role in affecting these outcomes. [...] Table 7 shows Years of education coefficient on Domestic violence index is 0.001 (0.013)."
W1168380530,Maternal Secondary Education -> Number of Children Born,Maternal Secondary Education,Number of Children Born,direct effect,null_effect,False,p>0.1,IV,Age-specific exposure to Zimbabwe's 1980 secondary school expansion reforms (being 13 years of age or younger in 1980),tentative,NA,"The middle panel of Column 2 in Table 6 shows that schooling also has an impact on the number of children born (including children that eventually die); however, this result is not statistically significant for women close to the end of their fertile cycle (35 years), though the magnitude is similar. We interpret this result with some caution since this is not robust to polynomials in age, the results of which are shown in Appendix Table A3. As seen in Fig. 3, there appears to be little evidence of a strong trend break in number of children in the reduced form."
W1168380530,Maternal Secondary Education -> Use of Modern Contraception,Maternal Secondary Education,Use of Modern Contraception,direct effect,positive,False,0.05<=p<0.1,IV,Age-specific exposure to Zimbabwe's 1980 secondary school expansion reforms (being 13 years of age or younger in 1980),tentative,NA,"In Table 7, we found a small effect of increased education on the use of modern contraception that was only significant at the 10% level. [...] Table 7 shows Years of education coefficient on Use modern contraception is 0.038* (0.022)."
W1168380530,Maternal Secondary Education -> Urban Location,Maternal Secondary Education,Urban Location,direct effect,positive,False,0.01<=p<0.05,IV,Age-specific exposure to Zimbabwe's 1980 secondary school expansion reforms (being 13 years of age or younger in 1980),tentative,NA,"In the lower half of Table 7, we examine economic outcomes of the mother and find that asset ownership, urban location, and probability of working are higher for the more educated. [...] Table 7 shows Years of education coefficient on Urban location is 0.030** (0.013)."
W1168380530,Maternal Secondary Education -> Educational Attainment Gap Between Spouses,Maternal Secondary Education,Educational Attainment Gap Between Spouses,direct effect,negative,False,NA,IV,Age-specific exposure to Zimbabwe's 1980 secondary school expansion reforms (being 13 years of age or younger in 1980),certain,NA,"The bottom-right graph in Fig. 5 shows that, consistent with this idea, the most significant change among couples wherein the woman is below 14 or 15 in 1980 is the difference in educational attainment between husbands and wives. Women who experienced increased schooling have a smaller gap in educational attainment compared to women who were too old to take advantage of the reforms."
W1168380530,Maternal Secondary Education -> Smoking Behavior,Maternal Secondary Education,Smoking Behavior,direct effect,null_effect,False,p>0.1,IV,Age-specific exposure to Zimbabwe's 1980 secondary school expansion reforms (being 13 years of age or younger in 1980),certain,NA,"We then examine outcomes such as female empowerment (see Section 2 and Appendix A on how this variable is created), opinions on domestic violence and risky behavior (smoking) in Table 7, and we find very little evidence that schooling plays an important role in affecting these outcomes. [...] Table 7 shows Years of education coefficient on Smoking of any kind is 0.002 (0.005)."
W1154618620,Wal-Mart Supercenter presence -> Body Mass Index,Wal-Mart Supercenter presence,Body Mass Index,direct effect,positive,False,NA,IV,Interaction of distance from corporate headquarters and time as an instrument for the opening of a Wal-Mart store,certain,NA,"The IV models in Courtemanche and Carden (2011), which use an interaction of distance from corporate headquarters and time as an instrument for the opening of a Wal-Mart store, suggest that an additional Wal-Mart Supercenter per 100,000 residents increases local BMI by 0.24 units, and increases the risk of obesity by 2.3% points, which seems large."
W1154618620,Wal-Mart Supercenter presence -> Obesity risk,Wal-Mart Supercenter presence,Obesity risk,direct effect,positive,False,NA,IV,Interaction of distance from corporate headquarters and time as an instrument for the opening of a Wal-Mart store,certain,NA,"The IV models in Courtemanche and Carden (2011), which use an interaction of distance from corporate headquarters and time as an instrument for the opening of a Wal-Mart store, suggest that an additional Wal-Mart Supercenter per 100,000 residents increases local BMI by 0.24 units, and increases the risk of obesity by 2.3% points, which seems large."
W1154618620,School proximity to fast food restaurants -> Student obesity prevalence,School proximity to fast food restaurants,Student obesity prevalence,direct effect,positive,False,NA,Other,NA,tentative,Other,"The authors compare students whose schools are within 0.1 mile, to those whose schools are within 0.25 mile, of a fast food restaurant and find that students whose school is closer to a fast food restaurant have a prevalence of obesity (defined using body fat) that is 1.7% points (5.2%) higher. They estimate that this is consistent with an additional 30–100 calories consumed per school day, which seems large as an intention to treat estimate – the number of additional calories consumed by the children who actually eat at the fast food restaurant that day must be much larger, especially when one allows for some degree of offsetting behavior (eating less at other times of day as a result)."
W1154618620,National School Lunch Program participation -> Obesity likelihood,National School Lunch Program participation,Obesity likelihood,direct effect,positive,False,NA,RDD,Family income threshold at 185% of the Federal Poverty Line for school lunch eligibility,certain,NA,"Schanzenbach (2009) estimates a regression discontinuity model that compares children whose family income is just below 185% of the Federal Poverty Line (and who thus are eligible for subsidized school lunches) to those whose family income is just above that threshold (who must pay full price for a school lunch). [...] Dividing the estimated impact of eligibility on weight outcomes by the estimated increase in school lunch take-up around the threshold, Schanzenbach estimates that school lunch increases the likelihood of obesity by 43% by the end of first grade. (A Wald estimator calculated using the mean difference in lunch eating rates on either side of the subsidy cutoff implies that school lunch increases the risk of obesity by less – 20%.)"
W1154618620,SNAP participation -> Overweight and obesity probability among women,SNAP participation,Overweight and obesity probability among women,direct effect,positive,False,NA,IV,State-level outreach program expenditures for SNAP,certain,NA,"Meyerhoefer and Pylypchuk (2008) investigate the relationship between SNAP receipt and obesity using the Medical Expenditure Panel Survey. In order to account for non-random selection into SNAP they incorporate instruments that measure state-level outreach program expenditures for SNAP into a discrete factor model that controls for unobserved heterogeneity. They find no relationship between SNAP receipt and obesity among men, but their estimates suggest that SNAP participation raises the probability of overweight and obesity by 5.9% among women."
W1154618620,Income -> Weight among low-income women,Income,Weight among low-income women,direct effect,positive,False,0.01<=p<0.05,IV,Variation across states and over time in the generosity of the maximum EITC benefit,certain,NA,"Schmeiser (2009) takes advantage of a significant expansion in the Earned Income Tax Credit during the 1990s and uses variation across states and over time in the generosity of the maximum EITC benefit as an instrument for income among families eligible for the EITC. He cannot reject the null hypothesis of no effect of income on weight for men, but finds a modest but statistically significant effect for women, for whom an additional $1000 of income per year was associated with an increase in weight of roughly one pound."
W1154618620,Income -> BMI among low-income adolescents,Income,BMI among low-income adolescents,direct effect,positive,False,NA,Other,Casino profit payments to Eastern Band of Cherokee Indians members,certain,Other,"Akee et al. (2013) estimate the impact of income on adolescent weight using payments made by the Eastern Band of Cherokee Indians to their members in western North Carolina. Every six months, the tribe pays a share of casino profits to each member; the payments have averaged $4000 per year, are tax free, and raise income by an average of 40% in households with two tribal members. [...] The authors find evidence of the non-linearity of weight in income; the payments increase BMI among adolescents from low-income households but have no impact on weight for adolescents in higher-income households."
W1154618620,Income -> Obesity risk among adults in developing countries,Income,Obesity risk among adults in developing countries,direct effect,positive,False,NA,RCT,Randomized year of program incorporation in conditional income transfer program in Mexico,tentative,NA,"In a conditional income transfer program in Mexico, families spent an average of 70% of the cash transfer on what the authors describe as 'better quality calories': meat, fruits, and vegetables (Fernald et al., 2008a). The estimated impact of the income transfers on weight (measured using variation in payments due to randomized year of program incorporation but also on family demographic structure which may bias the results) differed for adults and children. For adults, a doubling of payments raised the risk of obesity in adults by 41% (Fernald et al., 2008a)"
W1154618620,Education -> BMI among women,Education,BMI among women,direct effect,negative,False,NA,IV,Changes in compulsory schooling laws during the 1960s and 1970s that raised the minimum school-leaving age,certain,NA,"Brunello et al. (2013) exploit changes in compulsory schooling laws during the 1960s and 1970s that raised the minimum school-leaving age by 1–3 years, pooling data from several European countries (9 for females and 7 for males). The IV models indicate that they cannot reject the null hypothesis of no impact of schooling on BMI for men. However, the IV models for women suggest that years of schooling lowers BMI of females; an increase in schooling of 10% (slightly more than 1 additional year) reduces women's average BMI by 1.84% and the prevalence of obesity by 1.85% points (14.83%)."
W1154618620,Education -> Obesity risk among women,Education,Obesity risk among women,direct effect,negative,False,NA,IV,Changes in compulsory schooling laws during the 1960s and 1970s that raised the minimum school-leaving age,certain,NA,"Brunello et al. (2013) exploit changes in compulsory schooling laws during the 1960s and 1970s that raised the minimum school-leaving age by 1–3 years, pooling data from several European countries (9 for females and 7 for males). The IV models indicate that they cannot reject the null hypothesis of no impact of schooling on BMI for men. However, the IV models for women suggest that years of schooling lowers BMI of females; an increase in schooling of 10% (slightly more than 1 additional year) reduces women's average BMI by 1.84% and the prevalence of obesity by 1.85% points (14.83%)."
W1154618620,Education -> BMI among men,Education,BMI among men,direct effect,negative,False,NA,IV,Changes in compulsory schooling laws,certain,NA,"Kemptner et al. (2011) uses changes in compulsory schooling laws as an instrument and finds that, for men, an additional year of schooling lowers BMI by 0.3 units and lowers the risk of obesity by 3.0% points."
W1154618620,Education -> Obesity risk among men,Education,Obesity risk among men,direct effect,negative,False,NA,IV,Changes in compulsory schooling laws,certain,NA,"Kemptner et al. (2011) uses changes in compulsory schooling laws as an instrument and finds that, for men, an additional year of schooling lowers BMI by 0.3 units and lowers the risk of obesity by 3.0% points."
W1154618620,Head Start participation -> Youth obesity probability,Head Start participation,Youth obesity probability,direct effect,negative,False,NA,RDD,"Discontinuities across family size, family structure, state, and year in income eligibility for Head Start",certain,NA,"Carneiro and Ginja (2014) estimate a fuzzy regression discontinuity model that exploits a number of discontinuities across family size, family structure, state, and year in income eligibility for Head Start. Examining data on boys in the Children of the National Longitudinal Survey of Youth, 1979 Cohort, they find that participating in Head Start between the ages of 3 and 5 years reduces the probability of obesity at ages 12–13 by 29% and has no impact on the probability of obesity at ages 16–17. The effect at ages 12–13 seems to be concentrated among African-American boys."
W1154618620,Full-day Head Start -> Youth obesity,Full-day Head Start,Youth obesity,direct effect,negative,False,NA,IV,Unanticipated cancelation of grant funding full-day Head Start due to statewide budget cuts,tentative,NA,"Frisvold and Lumeng (2011) identify the impact of full-day versus half-day Head Start for youth, exploiting the natural experiment of an unanticipated cancelation, due to statewide budget cuts to education, of a grant that funded full-day Head Start. They examine five years of data from one Head Start program in Michigan that include multiple measurements of weight and height for each child (N = 1532). Their IV estimates indicate that full-day (compared to half-day) Head Start decreases youth obesity by 17.6% points. This may be implausibly large, but Hausman tests indicate that their non-IV model is preferred; that model implies a 4% point reduction in obesity, which the authors estimate could be explained by a reduction in consumption of 20 calories per day."
W1154618620,Unemployment rate -> Obesity probability,Unemployment rate,Obesity probability,direct effect,negative,False,NA,Fixed Effects Models,Variation in the employment rate within states over time,certain,NA,"Ruhm (2005) tested whether the state employment rate was associated with excess weight and physical inactivity. Reducedform models were estimated under the assumption that changes in local unemployment rates are exogenous; the models control for state, month, and year fixed effects, and thus identification comes from variation in the employment rate within states over time, relative to the corresponding changes in other states. Results of these models, estimated using data from the Behavioral Risk Factor Surveillance System (BRFSS) for 1987–2000, are consistent with Ruhm's general findings that 'good times make you sick' and there is 'healthy living in hard times.' In models that exclude employment status and income (and thus allow the effect of the employment rate to operate through changes in those variables), a 1% point decrease in the employment rate is estimated to reduce the probability of obesity by 0.73% points and to decrease the probability of physical inactivity by 0.21% points."
W1154618620,Unemployment rate -> Obesity probability among African-American men,Unemployment rate,Obesity probability among African-American men,direct effect,positive,False,NA,Fixed Effects Models,MSA-level unemployment rate variation,certain,NA,"Charles and DeCicca (2008) find evidence that it is procyclical, with this relationship concentrated among the economically vulnerable. Because they examine MSA-level unemployment rates instead of state-level employment rates, they have to exclude those living outside of large MSAs from their sample of men in the National Health Interview Survey for 1997–2001. Estimating models by race, they find that a 1% point increase in the unemployment rate leads to a 2.2% point increase in the probability of obesity for African-American men, with smaller and statistically insignificant changes in the probability of obesity for Hispanic and White men."
W1154618620,Unemployment rate -> Overweight probability among teenage boys,Unemployment rate,Overweight probability among teenage boys,direct effect,negative,False,NA,Fixed Effects Models,State unemployment rate variation over time,certain,NA,"Arkes (2009) studies the impact of the macroeconomy on the weight of young adults (aged 15–18 years) in the National Longitudinal Survey of Youth, 1997 Cohort, for 1997–2004. Arkes (2009) estimates models similar to those of Ruhm (2000) and finds that male teenagers gain weight in strong macroeconomic times, but female teenagers do the opposite – they gain weight during macroeconomic downturns. A 1% point increase in the state unemployment rate is associated with a 1.3% point lower probability that a teenage boy is overweight and a 1.8% point higher probability that a teenage girl is overweight."
W1154618620,Unemployment rate -> Overweight probability among teenage girls,Unemployment rate,Overweight probability among teenage girls,direct effect,positive,False,NA,Fixed Effects Models,State unemployment rate variation over time,certain,NA,"Arkes (2009) studies the impact of the macroeconomy on the weight of young adults (aged 15–18 years) in the National Longitudinal Survey of Youth, 1997 Cohort, for 1997–2004. Arkes (2009) estimates models similar to those of Ruhm (2000) and finds that male teenagers gain weight in strong macroeconomic times, but female teenagers do the opposite – they gain weight during macroeconomic downturns. A 1% point increase in the state unemployment rate is associated with a 1.3% point lower probability that a teenage boy is overweight and a 1.8% point higher probability that a teenage girl is overweight."
W1154618620,Job loss -> BMI among economically vulnerable individuals,Job loss,BMI among economically vulnerable individuals,direct effect,positive,False,p<0.01,Other,Business closure as exogenous source of job loss,certain,Other,"Deb et al. (2011) identify the impact of job loss using respondent reports of whether they lost their job because the business closed; the rationale is that a firm shutdown is more exogenously determined than the job separation of individuals. They utilize data on middle-aged and elderly Americans in the Health and Retirement Study, 1992–2008. Speculating that there may be important heterogeneity in people's response to job loss, they estimate a finite mixture model. They find that the first latent component 84% of the sample) had small but statistically insignificant decreases in BMI, but the second latent component (16% of the sample) had large and statistically significant increases in BMI, after business closure. In this second group, job loss resulted in a gain of one BMI unit, or roughly 7 pounds for a man of average height. People in this second, more affected, component differed from those in the first in that they were 22% more likely to be obese, and were more likely to be female, lower-income, less educated, and middle-aged rather than elderly."
W1154618620,Peer baseline weight -> Weight gain among female college freshmen,Peer baseline weight,Weight gain among female college freshmen,direct effect,positive,False,0.01<=p<0.05,Other,Randomization of freshman roommates at universities,certain,Other,"Yakusheva et al. (2014) identify peer effects by exploiting the randomization of freshman roommates at two universities. Following the literature that defines the roommate receiving influence as the ego and the roommate doing the influencing as the alter, they estimate the influence of the alter's weight at baseline (just before freshman year) on the change in weight of the ego during freshman year; the model also controls for a complete set of indicator variables for all possible combinations of the factors used by the administration to make roommate assignments (such as preferred area of campus and smoking status). Results from these models are consistent with a significant positive peer effect on weight for females; for every standard deviation increase in the baseline weight of the alter, the ego gains an additional 0.8 pounds during freshman year (compared to an average freshman year weight gain of 2.4 pounds). They cannot reject the null hypothesis of no peer effects on weight for males."
W1154618620,Moving to low-poverty neighborhood -> Obesity probability among women,Moving to low-poverty neighborhood,Obesity probability among women,direct effect,negative,False,NA,RCT,Random assignment to housing voucher groups in Moving to Opportunity program,certain,NA,"Kling et al. (2007) and Ludwig et al. (2011) examine the effect of the Moving to Opportunity program on weight. From 1994 to 1998, the U.S. Department of Housing and Urban Development randomized nearly 4500 women with children who were living in public housing in high-poverty urban census tracts in five major U.S. cities to one of three groups: one received housing vouchers that were redeemable only if they moved to a low-poverty census tract, a second received the unrestricted traditional Section 8 housing vouchers and a third received neither of these opportunities. In 2002, an average of 5 years after random assignment, the researchers collected data on self-reported weight. For adults, the effect of Intention to Treat was that the group offered the lowpoverty vouchers was 4.8% points less likely to be obese than the control group; assuming that there was no effect on those who did not use the voucher to move, the effect of Treatment on the Treated was a 10.3% point reduction in the probability of obesity (Kling et al., 2007)."
W1154618620,Moving to low-poverty neighborhood -> Morbid obesity probability,Moving to low-poverty neighborhood,Morbid obesity probability,direct effect,negative,False,NA,RCT,Random assignment to housing voucher groups in Moving to Opportunity program,certain,NA,"The researchers conducted another follow-up in 2008–2010, an average of 12.6 years after randomization, and this time measured the respondents' weight, height, and tested their blood for diabetes. Ludwig et al. (2011) estimate that the effect of Intention to Treat was that the group offered low-poverty vouchers were 4.61% points (13.0%) less likely to have a BMI ≥ 35, 3.38% points (19.1%) less likely to have a BMI ≥ 40, and were 4.31% points (21.6%) less likely to have diabetes."
W1154618620,Moving to low-poverty neighborhood -> Diabetes probability,Moving to low-poverty neighborhood,Diabetes probability,direct effect,negative,False,NA,RCT,Random assignment to housing voucher groups in Moving to Opportunity program,certain,NA,"The researchers conducted another follow-up in 2008–2010, an average of 12.6 years after randomization, and this time measured the respondents' weight, height, and tested their blood for diabetes. Ludwig et al. (2011) estimate that the effect of Intention to Treat was that the group offered low-poverty vouchers were 4.61% points (13.0%) less likely to have a BMI ≥ 35, 3.38% points (19.1%) less likely to have a BMI ≥ 40, and were 4.31% points (21.6%) less likely to have diabetes."
W1154618620,Peer fitness level -> Physical fitness score,Peer fitness level,Physical fitness score,direct effect,positive,False,NA,Other,Randomized assignment of students to squadrons at U.S. Air Force Academy,certain,Other,"Carrell et al. (2011) exploits the randomized assignment of students at the U.S. Air Force Academy to squadrons (groups of 30 with whom cadets spend most of their time) to test whether being assigned to a squadron of alters who were less fit during high school affects two important outcomes: the cadet's physical education score that semester and whether the cadet failed the Academy's physical fitness requirements. Using a sample that is unusually large for this topic (over 13,000), they regress the ego's outcomes on the average high school fitness scores of the rest of the squadron (the alters). The results indicate that a one standard deviation increase in the high school fitness scores of all peers in the group raises the ego's college fitness score by 0.165 of a standard deviation; this is large – roughly 40% as strong as the effect of the ego's own high school fitness."
W1154618620,Peer fitness level -> Physical fitness test failure probability,Peer fitness level,Physical fitness test failure probability,direct effect,negative,False,NA,Other,Randomized assignment of students to squadrons at U.S. Air Force Academy,certain,Other,"A one standard deviation increase in the high school fitness scores of all peers in the group also lowers the probability that the ego fails the college fitness test by 4.7% points; this is even larger, approximately 70% as strong as the effect of the ego's own high school fitness."
W1154618620,Obesity -> Wages among white women,Obesity,Wages among white women,direct effect,negative,False,NA,IV,BMI of adult biological sibling as instrument for respondent BMI,certain,NA,"Cawley (2004) exploits the heritable component of weight by using the BMI of an adult biological sibling as an instrument for the BMI of the respondent. [...] Estimating IV models using data from the National Longitudinal Survey of Youth, 1979 Cohort, for 1981–2000, Cawley (2004) finds that the effect of weight on wages varies by race and gender, with the greatest impact on white females, for whom an additional 10 pounds lowers wages by 2.8%."
W1154618620,BMI -> Wages among women,BMI,Wages among women,direct effect,negative,False,NA,IV,BMI of biological relatives as instrument,certain,NA,"Brunello and D'Hombres (2007) apply the method to data for nine countries in the European Community Household Panel; their IV models indicate that weight lowers wages for women in Italy, Portugal and Finland, and for men in Italy, Spain, Austria, and Ireland; some of the null results may be due to the very small samples in each country (485–5355). When they pool the data on all nine countries, their IV models indicate that a 10% increase in BMI reduces the wages of females by 1.86% and males by 3.27%."
W1154618620,BMI -> Wages among men,BMI,Wages among men,direct effect,negative,False,NA,IV,BMI of biological relatives as instrument,certain,NA,"Brunello and D'Hombres (2007) apply the method to data for nine countries in the European Community Household Panel; their IV models indicate that weight lowers wages for women in Italy, Portugal and Finland, and for men in Italy, Spain, Austria, and Ireland; some of the null results may be due to the very small samples in each country (485–5355). When they pool the data on all nine countries, their IV models indicate that a 10% increase in BMI reduces the wages of females by 1.86% and males by 3.27%."
W1154618620,Obesity -> Job interview callback probability,Obesity,Job interview callback probability,direct effect,negative,False,p<0.01,RCT,Computer manipulation of applicant photos to appear obese,certain,NA,"Rooth (2009) tested for discrimination against obese job applicants by submitting fictitious job applications to 989 real job openings in urban Sweden. The applications were sent in pairs, with resumes created to be as identical as possible without arousing employer suspicion. Each of the applications included a photo of the applicant, which is a common practice in Sweden. The paired applicants were chosen to be as identical as possible (with respect to hair color, hair length, smile, and overall attractiveness), but the photo for one of the two was manipulated using computer software to make the individual appear obese. The study estimates that the obese applicant was significantly less likely to be contacted for a job interview than the other member of the pair; this disadvantage equaled 8% points for women and 6% points for men."
W1154618620,Obesity -> Annual medical care costs,Obesity,Annual medical care costs,direct effect,positive,False,NA,IV,BMI and BMI squared of biological child as instrument for respondent obesity,certain,NA,"Cawley and Meyerhoefer (2012) and Cawley et al. (2015) estimate IV two-part models of medical expenditures using data from the Medical Expenditure Panel Survey. The IV model exploits the heritable component of weight by instrumenting for respondent obesity using the BMI and BMI squared of a biological child. The models indicate that in 2010 obesity raised annual medical care costs by $3508 (in 2010 dollars); however, the effects of BMI on medical care costs are highly non-linear (Cawley et al., 2015)."
W1154618620,BMI -> Medical care costs,BMI,Medical care costs,direct effect,u_shaped,False,NA,IV,BMI and BMI squared of biological child as instrument for respondent obesity,certain,NA,"For men, medical care costs are Ushaped in BMI, with much higher expenditures for those who are underweight or morbidly obese. For women, medical care costs are J-shaped in BMI with a large increase in medical care costs with BMI among those who are morbidly obese. For both men and women, predicted medical care costs for individuals just over the threshold of obesity are not significantly higher than those of healthy weight individuals. However, costs rise exponentially in the morbidly obese range (BMI ≥ 35), which indicates that the greatest potential savings may come from facilitating weight loss in that group or preventing additional weight gain among obese individuals."
W1154618620,Medicare coverage -> Vigorous physical exercise probability among men,Medicare coverage,Vigorous physical exercise probability among men,direct effect,negative,False,NA,Other,Medicare eligibility at age 65,certain,Other,"Dave and Kaestner (2009) examine changes in health behaviors among those who newly qualify for Medicare and find evidence consistent with moral hazard: controlling for employment status and number of doctor visits, gaining Medicare coverage is associated with a 15.1% point (40%) decrease in the probability that men engage in vigorous physical exercise."
W1154618620,Health insurance coverage -> BMI,Health insurance coverage,BMI,direct effect,positive,False,NA,Other,State Medicaid expansions,tentative,Other,"In contrast, two studies that exploit state Medicaid expansions as natural experiments find evidence that health insurance coverage raises BMI (Kelly and Markowitz, 2009/2010; Bhattacharya et al., 2011)."
W1154618620,Financial rewards for weight loss -> Weight loss,Financial rewards for weight loss,Weight loss,direct effect,ambiguous,False,NA,RCT,Random assignment to financial incentive programs,tentative,NA,"Financial rewards for weight loss have a mixed record of effectiveness (Cawley and Price, 2013; Department of the Treasury, Department of Labor, and Department of Health and Human Services, 2013; Horwitz et al., 2013; Jeffery, 2012). Some studies have found substantial weight loss in such programs. For example, Volpp et al. (2008) find that offering a lottery with an expected daily value of $3 results in an average weight loss of 9.2 pounds relative to the control group after 16 weeks. In contrast, several studies have found no detectable weight loss from rewards that consisted of: $7-14 per percentage point of weight lost (Finkelstein et al., 2007), $100 per month for achieving weight loss goals (Kullgren et al., 2013), or $3-5 per quarter for each percentage point of baseline weight lost (Cawley and Price, 2013)."
W1154618620,Financial incentives for gym attendance -> Gym attendance,Financial incentives for gym attendance,Gym attendance,direct effect,positive,False,p<0.01,RCT,Random assignment to financial incentive treatment groups,certain,NA,Royer et al. (forthcoming) conducted a randomized experiment at a Fortune 500 company in which the treatment group was offered $10 per visit to the company gym for up to 3 visits per week for four weeks and find that the treatment doubled gym attendance. Charness and Gneezy (2009) find that offering university students $100 to visit the gym at least eight times in four weeks more than doubles their weekly gym visits relative to a control group.
W1154618620,Sugar-sweetened beverage tax -> Youth soft drink consumption,Sugar-sweetened beverage tax,Youth soft drink consumption,direct effect,negative,False,NA,Fixed Effects Models,State-level changes in SSB tax rates over time,certain,NA,"Fletcher et al. (2010a,b) estimate models that control for state and year fixed effects using data on adults from the Behavioral Risk Factor Surveillance System for 1990–2006 (when 28 states changed their tax rates on SSBs), and on youths from the National Health and Nutrition Examination Surveys for 1989–2006. For youths, they estimate that a 1% point increase in the tax on SSBs (relative to a mean of 2.7%) decreases youth soft drink consumption by just 6 calories per day. However, that decreased consumption of SSBs is offset by increased consumption of milk, with the result that there is no significant change in total calories consumed."
W1154618620,Sugar-sweetened beverage tax -> Youth total calorie consumption,Sugar-sweetened beverage tax,Youth total calorie consumption,direct effect,null_effect,False,p>0.1,Fixed Effects Models,State-level changes in SSB tax rates over time,certain,NA,"For youths, they estimate that a 1% point increase in the tax on SSBs (relative to a mean of 2.7%) decreases youth soft drink consumption by just 6 calories per day. However, that decreased consumption of SSBs is offset by increased consumption of milk, with the result that there is no significant change in total calories consumed. Not surprisingly, there is no detectable effect of SSB taxes on youth weight (Fletcher et al., 2010a)."
W1154618620,Sugar-sweetened beverage tax -> Youth weight,Sugar-sweetened beverage tax,Youth weight,direct effect,null_effect,False,p>0.1,Fixed Effects Models,State-level changes in SSB tax rates over time,certain,NA,"Not surprisingly, there is no detectable effect of SSB taxes on youth weight (Fletcher et al., 2010a)."
W1154618620,Sugar-sweetened beverage tax -> Adult BMI,Sugar-sweetened beverage tax,Adult BMI,direct effect,negative,False,0.01<=p<0.05,Fixed Effects Models,State-level changes in SSB tax rates over time,certain,NA,"For adults, they find statistically significant but extremely small impacts of SSB taxes on weight; a 1% point (or nearly 50%) increase in the state tax rate on SSBs leads to a decrease in BMI of 0.003 units and a decrease in obesity of 0.01% points (Fletcher et al., 2010b)."
W1154618620,Sugar-sweetened beverage tax -> Adult obesity prevalence,Sugar-sweetened beverage tax,Adult obesity prevalence,direct effect,negative,False,0.01<=p<0.05,Fixed Effects Models,State-level changes in SSB tax rates over time,certain,NA,"For adults, they find statistically significant but extremely small impacts of SSB taxes on weight; a 1% point (or nearly 50%) increase in the state tax rate on SSBs leads to a decrease in BMI of 0.003 units and a decrease in obesity of 0.01% points (Fletcher et al., 2010b)."
W1154618620,Healthy food price subsidy -> Healthier food purchases,Healthy food price subsidy,Healthier food purchases,direct effect,positive,False,0.01<=p<0.05,RCT,Random assignment to 12.5% discount on healthier foods,certain,NA,"Ni Mhurchu et al. (2010) conducted a randomized experiment to estimate the impact of a 12.5% discount on the price of healthier foods on grocery purchases. It was conducted in New Zealand with 1104 shoppers from one retail supermarket chain, and food and beverages were classified as healthier or less healthy using nutrition recommendations from the Heart Foundation. Purchases were tracked using supermarket electronic scanners. At six months, the impact of the discount on purchases of saturated fat, total fat, and sugars were small and statistically insignificant, but the treatment was associated with an 11% increase in purchases of healthier foods, which amounted to an additional 0.79 kg per week, including 0.48 kg/wk more fruit and vegetables."
W1154618620,SNAP healthy food rebate -> Fruit and vegetable consumption,SNAP healthy food rebate,Fruit and vegetable consumption,direct effect,positive,False,p<0.01,RCT,Random assignment to 30% rebate program in SNAP,certain,NA,"The USDA recently conducted a pilot test of a Healthy Incentives Program in SNAP that offered a 30% rebate on each dollar of SNAP benefits spent on targeted fruits and vegetables (they could be fresh, canned, frozen, or dried but without added sugar or fat; white potatoes and fruit juice were also excluded). The rebate was credited to the SNAP Electronic Benefit Transfer card for a maximum of $60 per month, a cap that few households reached. The rebate could be spent on any SNAP-eligible groceries. A randomized controlled experiment involving 55,000 households indicated that the incentives increased consumption of fresh fruits and vegetables by 25%, which equaled 0.22 cups or roughly 3.5 tablespoons per day (USDA, 2013)."
W1154618620,Physical education time -> Physical activity among high school girls,Physical education time,Physical activity among high school girls,direct effect,positive,False,NA,IV,State PE requirements as instrument for PE time,certain,NA,"Cawley et al. (2007) instrument for the amount of time that high school students spend in PE using state PE requirements, while controlling for state socioeconomic characteristics and education spending to reduce the risks of policy endogeneity. IV models, estimated using data from the Youth Risk Behavior Surveillance System, indicate that increasing PE time increases physical activity among high school girls (but not boys) but has no detectable effect on BMI or the probability of obesity for either sex."
W1154618620,Physical education time -> BMI among high school students,Physical education time,BMI among high school students,direct effect,null_effect,False,p>0.1,IV,State PE requirements as instrument for PE time,certain,NA,"Cawley et al. (2007) instrument for the amount of time that high school students spend in PE using state PE requirements, while controlling for state socioeconomic characteristics and education spending to reduce the risks of policy endogeneity. IV models, estimated using data from the Youth Risk Behavior Surveillance System, indicate that increasing PE time increases physical activity among high school girls (but not boys) but has no detectable effect on BMI or the probability of obesity for either sex."
W1154618620,Physical education time -> Obesity probability among fifth graders,Physical education time,Obesity probability among fifth graders,direct effect,negative,False,NA,IV,Variation across states in PE requirements,certain,NA,"A follow-up study (Cawley et al., 2013) estimates the impact of PE for younger children: those in elementary school. IV models that exploit variation across states in PE requirements and that are estimated using data from the Early Childhood Longitudinal Study, Kindergarten Class of 1998–1999 (ECLS-K), indicate that for children in kindergarten, 1st grade, or 3rd grade, PE has no detectable effect on weight. However, before the ECLS-K children reached 5th grade several populous states raised their PE requirements, and in the fifth grade wave the IV model indicates beneficial effects of PE; specifically, an additional 60 min per week of PE reduces the probability of obesity by 4.8% points (22%)."
